a_sum,ak_sum,predicted,observed_topsis
-0.20783589670611827,-0.10880874682639238,False,False
-0.21296393416038245,-0.11120749594315865,False,False
-0.19127877076471161,-0.10054519526372094,False,False
-0.19994742314957925,-0.10561713123766123,False,False
-0.2331014146643537,-0.12208761101145858,False,False
-0.1350152300046845,-0.050715053311988306,False,False
-0.10610551764296364,-0.017047081428050823,False,True
-0.24607646277055362,-0.14223633343417957,False,False
-0.840560669490625,-0.6927674391924409,False,False
-0.07198360910124296,0.024889381979485432,True,True
-0.220453053984422,-0.11520087822728425,False,False
-0.19363083359323552,-0.10108191008325954,False,False
-0.20126743360956859,-0.10623463763374455,False,False
-0.19243561141391727,-0.10119899898888589,False,False
-0.2212823837227288,-0.11500997159470011,False,False
-0.21558714617331762,-0.11330307601086267,False,False
-0.17829791184485727,-0.07812689159978232,False,False
-0.1472512107704018,-0.04146124313177047,False,False
-0.19557823454152823,-0.10274864503775319,False,False
-0.18904198470803982,-0.09233651117773316,False,False
-0.12975508395299007,-0.049738555028545614,False,False
-0.20776300288215305,-0.1087989928209962,False,False
-0.18486711231452835,-0.0970553889767777,False,False
-0.19942814495086403,-0.10244936048819953,False,False
-0.19621492935417623,-0.10311151296318115,False,False
-0.20512731690498104,-0.10426910934125792,False,False
-0.25155474400002525,-0.13814524943746276,False,False
0.028167785906396348,0.07802164022110292,False,False
-0.19330253009012208,-0.08479090182851745,False,False
0.4121268638243383,0.3716946967545153,False,False
-0.17879154913541453,-0.079484265312191,False,False
-0.19350081846717984,-0.101975820659497,False,False
-0.19332794679366475,-0.08578712135648123,False,False
0.041984751966194486,0.07530471291252894,False,False
-0.14111457197418348,-0.03632633284029548,False,False
-0.02816636112353111,0.03736358181718591,True,True
-0.2268761616111047,-0.11813246920147244,False,False
-0.21543202317429047,-0.11244515941252994,False,False
-0.21529706379272096,-0.11237945660269792,False,False
0.09058607802802031,0.146284639102436,False,False
-0.18132693372905323,-0.09056430337455698,False,False
-0.20240708052719364,-0.1054777324611327,False,False
-0.2077496695608506,-0.10878497110745114,False,False
-0.21948890766684184,-0.11467670177080475,False,False
-0.20043006065486046,-0.10532752624420351,False,False
-0.17392989410684262,-0.08421898750601471,False,False
-0.300275980415027,-0.18828577347772332,False,False
-0.2124428398698066,-0.1110582014084984,False,False
-0.21627420610910722,-0.11261084254865088,False,False
-0.22002087779429327,-0.11454343911035318,False,False
-0.2120712149076582,-0.1119834076047185,False,False
-0.23020493120659236,-0.12090749621455765,False,False
-0.20286044604069792,-0.1061393735078274,False,False
-0.2097153039235637,-0.11008075928533327,False,False
-0.20124763773541288,-0.1042998031366803,False,False
-0.1993613139741674,-0.10494420782441326,False,False
-0.19642425730200286,-0.10228089737638116,False,False
-0.20600679850683898,-0.10775836046486108,False,False
-0.22748325136514871,-0.11880243364940021,False,False
-0.24153597271124877,-0.12531998309306194,False,False
-0.2150375252076169,-0.11232808977208608,False,False
0.26329881363363256,0.18902393223840092,False,False
0.41645435370099787,0.47433438099701886,False,False
-0.17959248978345843,-0.08565238191547059,False,False
-0.07009914144782048,0.01643883819723419,True,True
-0.1974678750821525,-0.09716917775017754,False,False
-0.20604062686532534,-0.10794232202145014,False,False
-0.2256930007551372,-0.11736484083270327,False,False
-0.19371950040226488,-0.0836858583900467,False,False
-0.2055141279937015,-0.10807054370233293,False,False
-0.21996993100805567,-0.11372727496644583,False,False
-0.3846843441252501,-0.26993351045334923,False,False
-0.19670335512355713,-0.10334013652303206,False,False
-0.2176778411342593,-0.11069637845696904,False,False
-0.2184443263230379,-0.1142118739889076,False,False
-0.2214338293784889,-0.11423698476606087,False,False
-0.147169378881982,-0.044990091462022944,False,False
-0.234745368321019,-0.13432580375422482,False,False
-0.21303525038166632,-0.11137655761904076,False,False
-0.20149627835963688,-0.10535712146389993,False,False
-0.021767901818098172,0.025775393206876145,True,True
-0.0920947846274934,-0.020138147389815172,False,True
-0.1954007245737925,-0.1028928915065819,False,False
-0.045674365232428994,0.051421099872120436,True,True
-0.2325568219281194,-0.12098833480705545,False,False
-0.20605090371979443,-0.09759231541509494,False,False
-0.20383837051674789,-0.10709625353524291,False,False
0.41228759824141015,0.40113183604176866,False,False
-0.21194308991630217,-0.11096092863096237,False,False
-0.2126296897629864,-0.11136085706671536,False,False
-0.22721310577986198,-0.11857966388115174,False,False
-0.195052453082057,-0.10261523080441508,False,False
-0.8442309418711973,-0.6498641903149287,False,False
-0.21698803260477106,-0.11342032496153759,False,False
-0.18826395797712991,-0.0922387471180801,False,False
-0.1733576446501608,-0.07621623944659703,False,False
-0.20330176656055574,-0.10703353841108115,False,False
-0.23731657585401875,-0.12390705028532333,False,False
-0.21540528182911578,-0.11258232742943,False,False
-0.17572432870739743,-0.08826033962673965,False,False
-0.2028177548407814,-0.10578842297777202,False,False
-0.20999661129271935,-0.10979001077208547,False,False
-0.23425951687203678,-0.12222740595596561,False,False
-0.19457950506820798,-0.10180329291688273,False,False
-0.19939773562898316,-0.10427934171895242,False,False
-0.18231859644694787,-0.09019045442776538,False,False
-0.22106843908097296,-0.11935631951633174,False,False
-0.2738890834263279,-0.15186053000827107,False,False
-0.23340373771904394,-0.12149090448683925,False,False
-0.18911476599937038,-0.09859781133461873,False,False
-0.2143181705559517,-0.11240794468319984,False,False
-0.21730695339050932,-0.11375934989644212,False,False
-0.21116529597307598,-0.11040047649014152,False,False
-0.1961624685385736,-0.09869860915195122,False,False
-0.21681202240383152,-0.1144009452040715,False,False
-0.23855545979122672,-0.14244354401774778,False,False
-0.20792021419028786,-0.10843726379409327,False,False
-0.19994805456403195,-0.10414087777342992,False,False
-0.21833724422761985,-0.11424126955183977,False,False
-0.1907490190167021,-0.09396117354398781,False,False
-0.19801543718735695,-0.10398106232647536,False,False
-0.20425630430340025,-0.10735186489122163,False,False
-0.03199037060434818,0.0430963203407898,True,True
-0.2092368809600531,-0.11135425473206567,False,False
-0.22037519736695615,-0.11516422133677695,False,False
-0.21555762261629643,-0.1132568414954448,False,False
-0.20526279185700397,-0.10823732382527748,False,False
-0.23592499239018055,-0.12279894829728427,False,False
-0.2101626382963316,-0.10764748705297557,False,False
0.45741120838239874,0.46709170869753375,False,False
-0.23111001852144297,-0.12040206149135924,False,False
-0.193151826285512,-0.10195984543701879,False,False
-0.20647557559301175,-0.10605909310734501,False,False
-0.22021272405131562,-0.11483592632442426,False,False
-0.203586675760476,-0.10644244137159811,False,False
-0.2319928520837305,-0.12134974047551061,False,False
-0.2032289824256221,-0.10688587370494185,False,False
-0.220824902083106,-0.11561583772875009,False,False
-0.13890555870978447,-0.05898467134759941,False,False
-0.21564605737426204,-0.11318691357479058,False,False
-0.14407427439292875,-0.05070768981406515,False,False
0.41917006198184986,0.4287196280826198,False,False
-0.19413597555660472,-0.10208808036179946,False,False
-0.19679977134175608,-0.10333142243971122,False,False
-0.212760490361285,-0.11121651219611538,False,False
-0.21464310988971946,-0.10982280759126568,False,False
-0.1296650341962255,-0.038107394972669295,False,False
-0.19246486613714409,-0.09775660957659238,False,False
-0.20587427519246457,-0.10765044370521028,False,False
-0.23954246725598566,-0.12368654819766257,False,False
-0.2721320980674769,-0.1579573970091044,False,False
-0.20794363408810532,-0.10874256642241953,False,False
-0.21558397442552635,-0.11322792618430406,False,False
-0.2195464770431078,-0.11910570887617962,False,False
-0.2256545672851474,-0.11637565405534861,False,False
-0.21326025682941913,-0.11215985121335018,False,False
-0.21950842805605156,-0.1148515455827643,False,False
-0.20837861808319078,-0.1088412267555442,False,False
-0.19294614417995662,-0.09722457881578504,False,False
-0.20471450839291688,-0.10618592565113358,False,False
-0.2130028263171896,-0.11139167074354549,False,False
-0.19102918833108407,-0.1003923287928921,False,False
-0.22364691546326967,-0.11718840075947386,False,False
-0.235660767100173,-0.12294694941745096,False,False
-0.20116068462838654,-0.1059882125157155,False,False
-0.21906282112736528,-0.11401444961969526,False,False
-0.12458687997240742,-0.026948903587246956,False,True
-0.1999181617073394,-0.10349197042787742,False,False
-0.2268206969370795,-0.11816909646276305,False,False
-0.1912528377083379,-0.10126535873375749,False,False
-0.21486711755450014,-0.11230077813732094,False,False
-0.20734896824676227,-0.10907980170127185,False,False
-0.2234504991365496,-0.11774095130955796,False,False
-0.19746725117445807,-0.10416997176956913,False,False
-0.6406415057436922,-0.45681504994751854,False,False
-0.24292562923380312,-0.1265556146884713,False,False
-0.24554965334579937,-0.14005616455547049,False,False
-0.19708189289784667,-0.1025138899918256,False,False
-0.15444486365171256,-0.07149079439441569,False,False
-0.20208378590875525,-0.10512840172747377,False,False
-0.7273060442536599,-0.4839083940651278,False,False
-0.1507761354862457,-0.06101425603317094,False,False
-0.14632710757349715,-0.056090196205200074,False,False
-0.20035763541646043,-0.10308283907908272,False,False
-0.23075508729268235,-0.13516819318335063,False,False
-0.1941206734515797,-0.10210690898632699,False,False
-0.20613433445563778,-0.10021374951998908,False,False
-0.20577503354946014,-0.09877235320965261,False,False
-0.19420282672364925,-0.10190456392921336,False,False
-0.21303279257990174,-0.11145889760317608,False,False
-0.19979880692593227,-0.10428320118859145,False,False
-0.21099698399722286,-0.11075274727965405,False,False
-0.8327667922533071,-0.6860988824540171,False,False
-0.18726860086727404,-0.09350621518135156,False,False
-0.20327920022607993,-0.10614968869660746,False,False
-0.22186471845486877,-0.11527359591918898,False,False
0.26688542879769306,0.14879920280449818,False,False
-0.03055012743695027,0.028858904052469287,True,True
-0.25646575488996387,-0.149297483561648,False,False
-0.21318961088587948,-0.10796305874612264,False,False
-0.20619101164265644,-0.10800367606240574,False,False
-0.1991897491493858,-0.10440467686171338,False,False
-0.21358402450459077,-0.1119512845251284,False,False
0.11996161519810002,0.15544863939780856,False,False
0.0768110606037089,0.10504869407980318,False,False
-0.18779176219387977,-0.07878217721417155,False,False
0.3652533099258064,0.3713936558882588,False,False
-0.19506619476638354,-0.10235657667288807,False,False
-0.22763106917067114,-0.11893965347607857,False,False
-0.27093211951036034,-0.1616138070807822,False,False
-0.19951240952574684,-0.1077753055465071,False,False
-0.20888344877699644,-0.1089882100970642,False,False
-0.20012870608157557,-0.10451193811450171,False,False
-0.1721861541065981,-0.08080961482656399,False,False
-0.20690917958803853,-0.10818334261613105,False,False
-0.20414495742542965,-0.10693402568371495,False,False
-0.2292193580907962,-0.11954287134100339,False,False
-0.21234280666257935,-0.1104991812310959,False,False
-0.8182349034542233,-0.5264914259562057,False,False
-0.23363001499841024,-0.12450615346210785,False,False
-0.2269158641306839,-0.11851352285990609,False,False
-0.18546110704679028,-0.08730823974835826,False,False
-0.21317060662526194,-0.1116206836216847,False,False
-0.20107023199820168,-0.10545384304731112,False,False
-0.20579654192215402,-0.10135363059593361,False,False
-0.8555906523446869,-0.6037661978937946,False,False
-0.19682557298810757,-0.08001438312672787,False,False
-0.20194124040618702,-0.10268424891491837,False,False
-0.20231062000975497,-0.10660913025690746,False,False
-0.2287427731307139,-0.11969455188359954,False,False
-0.055004998167545435,0.006758509901518404,True,True
-0.17688774625013642,-0.07815165516203042,False,False
-0.19129964302779282,-0.10058685863050881,False,False
-0.19764594757138532,-0.1010173905901351,False,False
0.03255213946674686,0.10756679848803363,False,False
-0.19592396858835598,-0.10292384985758854,False,False
-0.21955389093547834,-0.1146251682360069,False,False
-0.20222215250645756,-0.10650299455475185,False,False
-0.09620533157095879,-0.017045822680325198,False,True
-0.22906321616917652,-0.12138447258628392,False,False
-0.19908268900615786,-0.1035987446433029,False,False
-0.17161312884460048,-0.08139951026913195,False,False
-0.21650065827036227,-0.1127805408150353,False,False
-0.12214303268760673,-0.03085963000569013,False,True
-0.20522277646097437,-0.10766866046367866,False,False
-0.16939841906916908,-0.08141139041940476,False,False
-0.19880329316927517,-0.10478777059524547,False,False
-0.21533359271031555,-0.1128879283042015,False,False
-0.21082689395143828,-0.11122505871509956,False,False
-0.20733362586178766,-0.10414099669482231,False,False
-0.19180301726289797,-0.09174871080926608,False,False
-0.195213630396946,-0.09440702244656064,False,False
-0.22070772150337195,-0.11512440377217163,False,False
-0.21231918274255068,-0.11078555524277628,False,False
-0.21907396657947828,-0.11425011407234371,False,False
-0.19556855046025712,-0.10255188873681059,False,False
-0.12615476851709836,-0.029194517049445583,False,False
-0.22701805277449894,-0.11867025683655857,False,False
-0.19142485213966054,-0.08588082286447808,False,False
-0.18877946680062863,-0.0871303013083489,False,False
-0.288505832263595,-0.17882784926280965,False,False
-0.20624349973526057,-0.10754723851278998,False,False
0.055006526630704135,0.10044184528417188,False,False
-0.21563135969565225,-0.11271930058254055,False,False
0.4658765295040531,0.5499257746888015,False,False
-0.22914242569339682,-0.11968167463485818,False,False
-0.21889108024430518,-0.11443529757758841,False,False
-0.2154339244001628,-0.11220780248878753,False,False
-0.015693787773578716,0.02874873032490571,True,True
-0.23270297091041264,-0.12170966172999814,False,False
-0.2287964440600059,-0.11949712500920458,False,False
-0.223099686377554,-0.11610088747674219,False,False
-0.16767139382627083,-0.06036686354762695,False,False
-0.22607081914186972,-0.12568201236473,False,False
-0.20013659170277057,-0.10455967723806912,False,False
-0.19849624464976628,-0.102566792217096,False,False
-0.40864797274341547,-0.2657114026451234,False,False
-0.20721856058071025,-0.10838651696729831,False,False
-0.004752940420199837,0.04194808701029254,True,True
-0.7506779541393175,-0.5147092637923463,False,False
-0.22887801081072168,-0.11908728948642078,False,False
-0.22973889674462672,-0.11975327600936493,False,False
-0.2062158505943825,-0.10537677531060452,False,False
-0.2280286588627954,-0.1187013346912633,False,False
-0.2077385525688457,-0.1092268381568551,False,False
-0.1295786918326125,-0.0339010236157655,False,False
-0.23549326054148423,-0.12238746868124979,False,False
-0.21803826682644667,-0.11307153218641192,False,False
-0.2124908927269204,-0.1114739216598082,False,False
-0.21949717780607916,-0.1148428575090768,False,False
-0.1987275751819863,-0.10438974650395465,False,False
-0.1824649128208397,-0.06960900985081848,False,False
-0.20128998159726957,-0.10790016764037838,False,False
-0.8390873352147071,-0.5614028614651286,False,False
-0.18852848683370732,-0.09938510180431989,False,False
-0.08180435832910923,0.0031164081857128073,True,True
-0.18610966357740533,-0.09730072149066812,False,False
-0.2018835878532569,-0.10555052757507555,False,False
-0.20255014684454337,-0.10524647199600741,False,False
-0.019361265700156116,0.04307278462217255,True,True
-0.19763013770973176,-0.10385464397025375,False,False
-0.18660833711501207,-0.08972991413352244,False,False
-0.20812496856725488,-0.10883678187384535,False,False
-0.18586249839464286,-0.08813308559609145,False,False
-0.17337750450725886,-0.074867968698406,False,False
-0.21057701525122496,-0.10979555093678381,False,False
-0.18789436083421193,-0.08986414746704481,False,False
-0.20106317555449038,-0.10539941561331695,False,False
-0.20336090701320828,-0.09611219963182054,False,False
-0.2210922177665161,-0.11600812603307772,False,False
-0.0393443456138323,0.03833038605443806,True,True
-0.2156396628739869,-0.1129306305195752,False,False
-0.22240373411156303,-0.11624718218577379,False,False
-0.16974318070927266,-0.06312806587542585,False,False
-0.21886912598541103,-0.1143430866130602,False,False
-0.22206053210894988,-0.115872103587482,False,False
-0.19219513596245968,-0.09177812110880187,False,False
-0.8558836317807271,-0.5558462275188543,False,False
-0.20709079241266642,-0.09997941360328512,False,False
-0.19451216376463323,-0.10219365961823945,False,False
-0.20546520610490565,-0.10763766290350799,False,False
-0.20968707293586072,-0.10969576986805026,False,False
-0.204565259206437,-0.10609233481330152,False,False
-0.23187716719471552,-0.12649296980721136,False,False
-0.19972155372638659,-0.10516472530341434,False,False
-0.1651811857627623,-0.07157140334067222,False,False
-0.40549788077928106,-0.30161269381109274,False,False
-0.19926499329408268,-0.10451568682823104,False,False
-0.20477143835179176,-0.10706431793902056,False,False
-0.225373605761851,-0.11761742473532191,False,False
-0.19791241012725444,-0.10341605694441289,False,False
-0.22350297173784153,-0.11639115290280592,False,False
-0.1994375143197323,-0.10052677602365717,False,False
-0.19151977337916964,-0.10131470800702205,False,False
-0.22211246162377724,-0.11644507090060943,False,False
-0.21068418407290584,-0.10989606923557442,False,False
-0.22876837576885561,-0.11975091195965798,False,False
-0.20801473401788098,-0.10847724553335997,False,False
-0.2223237881357563,-0.11617339322658157,False,False
-0.19874093634451012,-0.10382105925130442,False,False
-0.13972159758294445,-0.04610799327749453,False,False
-0.15763873545470428,-0.06891613070094389,False,False
0.4833678357139494,0.4658731980034211,False,False
-0.21390028620248724,-0.11146182174802732,False,False
-0.20239773630221908,-0.10624531560055317,False,False
-0.2120037826986659,-0.11094435912392069,False,False
-0.19194825661605636,-0.10065933025825236,False,False
-0.2174789887808502,-0.11385639567778136,False,False
-0.20416490307207358,-0.10699912020751393,False,False
-0.23685498245012315,-0.12343506063763675,False,False
-0.19810916079306942,-0.10375634965396598,False,False
-0.21994587170573998,-0.11486572383788873,False,False
-0.20741910142829575,-0.1085088600172022,False,False
0.43078266198259973,0.4080401155346206,False,False
-0.20498594287107127,-0.10690088396673458,False,False
-0.20601366282333325,-0.10754326671735351,False,False
-0.200875811652935,-0.10525320885329088,False,False
-0.20352971169429898,-0.10659759773887495,False,False
-0.2141299072210081,-0.11196159922902174,False,False
-0.20611876745996416,-0.10763470218065826,False,False
-0.1972199321045065,-0.10312345552320602,False,False
-0.8316698604431426,-0.6852930565699964,False,False
-0.22665593363721218,-0.11890094907549903,False,False
-0.22578774154434067,-0.11759066205426633,False,False
-0.19366473968602974,-0.10193834111335473,False,False
-0.14089787766848333,-0.045231016734014834,False,False
-0.20241193716188421,-0.1048188719969907,False,False
-0.20115551305966745,-0.10534741198226637,False,False
-0.21158282123479386,-0.11057388192170067,False,False
-0.2066787003067958,-0.10782447466928474,False,False
-0.20186677059802008,-0.10552769710219806,False,False
-0.08053666916140634,0.009809596450299551,True,True
-0.21541282868588585,-0.11312279622799548,False,False
-0.21168359841500353,-0.11096656339453909,False,False
-0.17512841944316357,-0.06974665412651797,False,False
-0.2261874871609474,-0.11784799577594107,False,False
0.23883036769879518,0.24597867206595364,False,False
-0.2033420192020714,-0.10522105944262264,False,False
-0.21751724835199943,-0.11381906748032734,False,False
-0.1511029765959832,-0.06182318592892415,False,False
-0.21449984117005488,-0.11222655042713169,False,False
-0.20852599577633138,-0.11271176436373789,False,False
0.29323229075837826,0.29064765965038314,False,False
-0.20598883539853033,-0.10137331127361479,False,False
-0.22071772721577898,-0.11526225561010334,False,False
-0.09709073012262753,-0.011975631292071336,False,True
-0.20933860718338404,-0.10878857579702081,False,False
-0.19813304959569566,-0.10387557730945972,False,False
-0.21587415644996352,-0.11146520271998084,False,False
-0.17503224147410548,-0.08548774725505814,False,False
-0.19464245426917182,-0.09572282381791809,False,False
-0.23453248335917343,-0.12202485105585269,False,False
-0.21083005396270135,-0.11443037384957998,False,False
0.22174062050575866,0.17210215915063812,False,False
-0.24179102110947498,-0.12601019410086076,False,False
-0.21051427045167348,-0.10963532186159329,False,False
-0.1942634315669936,-0.1026735667085248,False,False
-0.21549785814183042,-0.11232365420012896,False,False
-0.11507719765191862,-0.024417922440462193,False,True
-0.8387709979705641,-0.6096964292423622,False,False
-0.2215524918742205,-0.11533591769130538,False,False
-0.19414418931010397,-0.10236587893942127,False,False
-0.14449689473236088,-0.04874545635975404,False,False
-0.11376323159460344,-0.035341507028423494,False,False
-0.1790500871766085,-0.09187017898631078,False,False
-0.19083619879161823,-0.10034769759577065,False,False
-0.22205000710157596,-0.1155664355216064,False,False
-0.20565436767351739,-0.10777944348547544,False,False
-0.23261961142782955,-0.12143412870664198,False,False
-0.22733699704647478,-0.13322313298947303,False,False
-0.8473560370843188,-0.7327068056426643,False,False
-0.1931127566391731,-0.10181590007188115,False,False
-0.22399862581354782,-0.11745608621959862,False,False
-0.20004713569181853,-0.10474626620462485,False,False
-0.19891759226660166,-0.09321556490377483,False,False
-0.22778184397919088,-0.11851735347326886,False,False
-0.23780665623434588,-0.12636346746608507,False,False
-0.18832801954901063,-0.09912893206307717,False,False
-0.21567340887084635,-0.11373964906869481,False,False
-0.20005133576216694,-0.10477263926592006,False,False
-0.11584716958779802,-0.04218894044035426,False,False
-0.2294745301828845,-0.12012008252140333,False,False
-0.2264754830459731,-0.11581368187296909,False,False
-0.20834669352529409,-0.09488238016166771,False,False
-0.1434665361497976,-0.046936444472221964,False,False
-0.1894432074321823,-0.09608906060086363,False,False
-0.17305103289526896,-0.07699744696684169,False,False
-0.19852166695291507,-0.10373401190265047,False,False
-0.20270372870012437,-0.09832638461651613,False,False
-0.19857064922903156,-0.1030745693632019,False,False
-0.18630251248695634,-0.09888783796635084,False,False
0.1305901955896472,0.1902457329568356,False,False
-0.2074690760770399,-0.11148924468370786,False,False
-0.19988069530005337,-0.10482231233530362,False,False
-0.22680073569325518,-0.1179250579608752,False,False
-0.23741059677223633,-0.12352870969477112,False,False
-0.217806040207496,-0.11396442623518602,False,False
-0.22457647670231942,-0.11910986610424533,False,False
-0.15715646263679342,-0.07160747169809588,False,False
-0.21014951594777623,-0.11025499410585259,False,False
-0.2004915249042415,-0.10508600164316569,False,False
-0.20096001479428277,-0.09750773517619415,False,False
-0.18922263742995543,-0.0897381998970095,False,False
-0.15913019889921326,-0.05916336864160683,False,False
-0.15206453934309966,-0.05207807327608405,False,False
-0.19778269943092494,-0.10441878594483239,False,False
-0.1866274715441933,-0.09530350696634735,False,False
-0.17593315576440263,-0.08307282297647817,False,False
-0.22389728488929278,-0.11832268298266466,False,False
-0.20448020457737054,-0.1073367677497212,False,False
-0.16859500559147944,-0.07060034563077595,False,False
-0.6217042634737009,-0.2975767597953352,False,False
-0.2048621547798843,-0.10698767296117591,False,False
-0.222481040337481,-0.1167044190049371,False,False
-0.220690941310463,-0.11520917169004127,False,False
-0.22584119793717058,-0.11773615107961134,False,False
-0.1953511062255941,-0.10263536901104363,False,False
-0.1746598438515758,-0.07996459650226902,False,False
-0.19818887954911044,-0.1013841157330665,False,False
-0.21465253220363031,-0.11249331557646793,False,False
0.4221367548777425,0.5069451079768653,False,False
-0.23358203474197042,-0.1225316778796987,False,False
-0.18931848934472725,-0.10010028188132142,False,False
-0.21667076856208223,-0.113035645514194,False,False
-0.13354734821693107,-0.044800220504795984,False,False
-0.18259929980015843,-0.08597158597522322,False,False
-0.20114077484998663,-0.1053999183543868,False,False
-0.1925924616394672,-0.10083135084852445,False,False
-0.22372433391352653,-0.11689567593581533,False,False
-0.21227869886064116,-0.11144733843159915,False,False
-0.20792870194264082,-0.10901240630754902,False,False
-0.2526881420436156,-0.14264542458204216,False,False
-0.22363393743305998,-0.11639282954511783,False,False
-0.18725728265799862,-0.0770892811540981,False,False
-0.8449216338433808,-0.6201638695840417,False,False
-0.20977293221236615,-0.10911671662980386,False,False
-0.1774929544135896,-0.07682632004579529,False,False
-0.2055255755642435,-0.10728263507300702,False,False
-0.20126652096787032,-0.10573603643037886,False,False
-0.18278656485481196,-0.08224634209205582,False,False
-0.2297206814645812,-0.11980750872232457,False,False
-0.22280675533632505,-0.11752396858630212,False,False
-0.21306634793486878,-0.11123206701305222,False,False
-0.2195103935776976,-0.11471340293562515,False,False
0.38682305009408624,0.45763320236708643,False,False
-0.18407839756152827,-0.08619798241083071,False,False
-0.20026384649425782,-0.10515133248756436,False,False
-0.1783362526456675,-0.07633065049642798,False,False
-0.20687976119715723,-0.10552843488102037,False,False
-0.1972944208193272,-0.09939757433013108,False,False
-0.2911177804435107,-0.18897820022062597,False,False
-0.2006430168405852,-0.10419166671514027,False,False
-0.20327885496261833,-0.10034881296597192,False,False
-0.21752967499505377,-0.1138842616374007,False,False
-0.2017989744374792,-0.10503059148808577,False,False
-0.21711399471294068,-0.11335723010179334,False,False
-0.20353998684846614,-0.1065046217007134,False,False
-0.21120383153177288,-0.11048729963745701,False,False
-0.22524502939040691,-0.11790660210854312,False,False
-0.2164062595442453,-0.11309361568462009,False,False
-0.2056914761315682,-0.10802848758260028,False,False
-0.18898611824249184,-0.09968797283249281,False,False
-0.19490032837289545,-0.10231995856720603,False,False
-0.2914432975381023,-0.18590908386453245,False,False
-0.2085124860921282,-0.10876812103858621,False,False
-0.1948366567566662,-0.09974907328278025,False,False
-0.14005805702731913,-0.036972676300023155,False,False
-0.19342664652222585,-0.10196527309325999,False,False
-0.19651862830745556,-0.10342819004067177,False,False
-0.22953941607261355,-0.11958163660236684,False,False
-0.23665244728570553,-0.1235837422388159,False,False
-0.20189833422760467,-0.10549626282581036,False,False
-0.23779877883645967,-0.12818568475010272,False,False
-0.2184945736036785,-0.11439667376073041,False,False
-0.7169437121933735,-0.4714350820642667,False,False
-0.20842965822890436,-0.10837095181259397,False,False
-0.20857520003795205,-0.10825021610339507,False,False
-0.2085108397745351,-0.10922565072532342,False,False
-0.24462176191483848,-0.1276228827606245,False,False
0.11187121694552535,0.1381920377951797,False,False
-0.20442194080672704,-0.10665487015328574,False,False
-0.21608853396810598,-0.11084017611099678,False,False
0.2562914114060629,0.2596108097129783,False,False
-0.1862213053569559,-0.08906356608388194,False,False
-0.1037032643729618,-0.026194363267227065,False,True
-0.20674718979325324,-0.10743951996120518,False,False
0.29321598224903594,0.2863644028872805,False,False
-0.19427478953760877,-0.10199785501146091,False,False
-0.8581290386917115,-0.6998250671781989,False,False
-0.21280875837453328,-0.11118698382355717,False,False
-0.2027874793021155,-0.10329150544803942,False,False
-0.14257764220953487,-0.06287692144139652,False,False
-0.21161540068792978,-0.11088798293780262,False,False
-0.2093300255113786,-0.10893086246485185,False,False
-0.044406594014436876,0.053176487146424624,True,True
-0.2160357616781659,-0.11299294938350245,False,False
-0.5594389182749459,-0.36736897644146466,False,False
-0.47610942275859064,-0.34868336318599363,False,False
-0.2248822339210056,-0.11750079312594094,False,False
-0.21662835874266617,-0.1131721084343727,False,False
-0.18251041162877613,-0.09348766225227063,False,False
-0.20641248704714088,-0.10751974722690692,False,False
-0.12823520272555616,-0.04793415720356421,False,False
-0.19192419630132374,-0.10048582538667618,False,False
-0.16582664481405712,-0.06388852525521704,False,False
-0.20152568829706144,-0.09997589888635183,False,False
-0.20749398167549077,-0.10831633501259172,False,False
-0.22668739085421788,-0.11840006888109257,False,False
-0.20006120085884604,-0.1042301237588335,False,False
-0.2130655182156819,-0.11148465661591121,False,False
-0.19843346162278735,-0.09558812056703117,False,False
-0.22473471661697142,-0.11751775430297513,False,False
-0.25544071753407,-0.14440015602013892,False,False
-0.18817152273851764,-0.09810890518372065,False,False
-0.22511564871203224,-0.1129403221493529,False,False
-0.2215050052980158,-0.11521414551775627,False,False
-0.37690596123286635,-0.25614516207124194,False,False
-0.20488649357292354,-0.10790960109775012,False,False
-0.032976505740315805,0.04499316606080551,True,True
-0.22085263081292175,-0.1155652803406701,False,False
-0.22075141654653307,-0.11523968513511038,False,False
-0.18528766962254112,-0.08215720296603414,False,False
-0.20867457826977126,-0.10925072976018123,False,False
-0.3029481274672659,-0.19934201109595068,False,False
-0.18115648703941153,-0.08523656707328785,False,False
-0.33172415304678865,-0.20816912022737386,False,False
-0.19569975852019644,-0.10288963064139049,False,False
-0.24138991623341946,-0.12576225365817595,False,False
-0.2160768471714211,-0.113329582172329,False,False
-0.2110252900755521,-0.10988261665493373,False,False
-0.2113697363545797,-0.10832663581802701,False,False
-0.2077845091147414,-0.10916967524952971,False,False
-0.20984056120070813,-0.10990585976882253,False,False
-0.19338114673252363,-0.09999308357918057,False,False
-0.20458703106014803,-0.1070006736319762,False,False
-0.21751793947428613,-0.11381816052100265,False,False
-0.3135714157075537,-0.2111890871924476,False,False
-0.11939868987908728,-0.02819210274161769,False,True
-0.1913784126735372,-0.1004737716897072,False,False
-0.2052368876298308,-0.10784633370306496,False,False
-0.21174105399058404,-0.11051540197956343,False,False
-0.20113268305358076,-0.10304275445533895,False,False
-0.14944483907616152,-0.04060271648240507,False,False
-0.20834549223807952,-0.1084712814893065,False,False
-0.1923455198474596,-0.10090409167638335,False,False
-0.17758958877471764,-0.0841362657390971,False,False
-0.22324638935342805,-0.11654004776318622,False,False
-0.2259897152386956,-0.11767775067322953,False,False
-0.21599810085152502,-0.11335249699459622,False,False
-0.23599178676390156,-0.1230088623716089,False,False
-0.18126088063383095,-0.09351630404053234,False,False
-0.21250782911850014,-0.11082808377829828,False,False
-0.20705434296881697,-0.1035258079371437,False,False
-0.20455730029232938,-0.10328359534923127,False,False
-0.24427879541917552,-0.12702976221833187,False,False
-0.20214976977794796,-0.10025808519431792,False,False
-0.1283021219391207,-0.03672512892535111,False,False
-0.20688232205882365,-0.10837064445345351,False,False
-0.12250919828594382,-0.036896234822080154,False,False
-0.8491146752178588,-0.7375648874980281,False,False
-0.20699825918175946,-0.10543626204522832,False,False
-0.2068860978681278,-0.10587191455414523,False,False
-0.2552611168278748,-0.14848913919642637,False,False
-0.20190169244287062,-0.10538253979021941,False,False
-0.16808836809327807,-0.07761259744392826,False,False
-0.23408077891226076,-0.1371562465988331,False,False
-0.1676469745399998,-0.07688129965712356,False,False
-0.2328365865997033,-0.12107661957632324,False,False
-0.2108355267088093,-0.10997447527215329,False,False
-0.2128651451798369,-0.11098511396606577,False,False
-0.20610192627147983,-0.10603996601228848,False,False
-0.17034788313841515,-0.07627956733161825,False,False
-0.19555065390922766,-0.10092669885527022,False,False
-0.1838888178089591,-0.09691891872451215,False,False
-0.24300447800738623,-0.13897542516929176,False,False
-0.15104513041001064,-0.06884241380788601,False,False
-0.1630803146254288,-0.0725731428543693,False,False
-0.17769889203827288,-0.0852320755614443,False,False
-0.14785492717266274,-0.04265768656133438,False,False
-0.25425247555494324,-0.13677021017012986,False,False
-0.7906733599889499,-0.614906313279057,False,False
-0.2120190041239186,-0.11109060034209646,False,False
-0.17193523239348252,-0.08488055071307232,False,False
-0.1463988555035924,-0.0472918849004228,False,False
-0.20051011685541958,-0.10554069189461704,False,False
-0.21394670103606075,-0.11172838725938222,False,False
-0.1937902345788576,-0.1014209494079874,False,False
-0.21735399802186683,-0.11405395001331278,False,False
-0.22071890460407811,-0.11536436967223697,False,False
-0.20182655675796168,-0.10490451940854044,False,False
-0.3894957649169183,-0.2514746209861047,False,False
-0.17392142044882014,-0.07958863115560655,False,False
-0.05052065453968176,0.010048642210497265,True,True
0.1780211333815428,0.2106459475673994,False,False
-0.22747016238162257,-0.11575506715021805,False,False
-0.7394232386777251,-0.46700318281582237,False,False
-0.21556762033985039,-0.11242055547964509,False,False
-0.20675337166225488,-0.10778984552220286,False,False
-0.2095964060375885,-0.11000666922157519,False,False
-0.8547992700412596,-0.6716428309501205,False,False
0.25959918254720543,0.24034021167437164,False,False
-0.20333043526299738,-0.10699994516019429,False,False
-0.22828026775763527,-0.11640456252231263,False,False
-0.24583742087597266,-0.13565473068431236,False,False
-0.2041380905014451,-0.10543834889312062,False,False
-0.19946651203474286,-0.1048591695639839,False,False
-0.24099903130867695,-0.12575496414834444,False,False
-0.22060243617393072,-0.11534978358327061,False,False
-0.23626126392874236,-0.13719039481794343,False,False
-0.23399597492567423,-0.12202476875189466,False,False
-0.2100325921874213,-0.10915264202343421,False,False
-0.18104732612632118,-0.09055583814057089,False,False
0.1306996003135225,0.15044898721538913,False,False
-0.21573045569029894,-0.11337959645069412,False,False
-0.13261617219398758,-0.0409725275444939,False,False
-0.215598443167993,-0.11311366301116328,False,False
-0.1953855669079727,-0.10209201132092478,False,False
-0.21680769894123192,-0.11304707529897073,False,False
-0.07996361712904462,0.011173773663947641,True,True
-0.21001055861329637,-0.1096817945231508,False,False
-0.14365902387339397,-0.05331160008314749,False,False
-0.2082999346122718,-0.10929087570753905,False,False
-0.23105814502342834,-0.120013182661589,False,False
-0.2585861299316154,-0.1408529621157857,False,False
-0.2148410675908301,-0.11274400566153113,False,False
-0.20291566009219514,-0.10614374469585894,False,False
-0.2006549882285312,-0.10545841419421075,False,False
-0.8641972734974379,-0.7023784026993087,False,False
-0.21044429883302834,-0.11038843192775805,False,False
-0.2023257698806711,-0.10627905213034322,False,False
-0.21913946815209645,-0.11480478134848653,False,False
-0.18587416140693025,-0.09165139291667952,False,False
-0.18735286161094428,-0.09863505359082654,False,False
-0.20670971986903394,-0.10793149730964183,False,False
-0.2144481170516443,-0.11177356196243947,False,False
-0.14030288101749847,-0.04109727799736777,False,False
-0.16383004574723642,-0.06967069176808334,False,False
-0.24031613111155647,-0.13505760619108384,False,False
-0.2150827615424157,-0.11283052179654957,False,False
-0.21517262608185794,-0.11271234254259127,False,False
-0.2263283049223489,-0.11811058948056619,False,False
-0.22302294895079297,-0.11461324669236361,False,False
-0.42610468890485803,-0.288691954927592,False,False
-0.21626525405615873,-0.11310142348061346,False,False
-0.20892648400043562,-0.1089572799071396,False,False
-0.22475321733789316,-0.11778971286453935,False,False
-0.2239400395096053,-0.1170168000417313,False,False
0.4507580663528329,0.4880376080559016,False,False
-0.1990677480950459,-0.10420771137427284,False,False
-0.20981015935520003,-0.10785896979215313,False,False
-0.2220104129925117,-0.11541786672243272,False,False
-0.20224917237031748,-0.10622293914954106,False,False
-0.29374898447001296,-0.18799590138655844,False,False
-0.1912089479002631,-0.09243935931243154,False,False
-0.19639413841729403,-0.10267503146647337,False,False
-0.19493980620848006,-0.09814016635325715,False,False
-0.1477402856413571,-0.06429784057819089,False,False
-0.2007295721324233,-0.10356418644808374,False,False
-0.2100204293547589,-0.11108536379249354,False,False
-0.22910606364722486,-0.119606541510353,False,False
-0.21104294328437134,-0.10640221735131139,False,False
-0.220771793416639,-0.11569575731851789,False,False
-0.21724051772102557,-0.11218298548978946,False,False
-0.1527519182808475,-0.06418122838587123,False,False
-0.21975552105848273,-0.1183492438872452,False,False
-0.20998720188843584,-0.10985852169416088,False,False
-0.08756770326068405,-0.006983569421885934,False,True
-0.10460771636100624,-0.013638232000834166,False,True
-0.2214554375853029,-0.1161207543500153,False,False
-0.21190684127586595,-0.11071734274962973,False,False
-0.18921219320303184,-0.09859705073563722,False,False
-0.18468795524437737,-0.08853517048751779,False,False
-0.14047845926549735,-0.05352233997018739,False,False
-0.1936601688339541,-0.10363636220085298,False,False
-0.20695779124082958,-0.10825881748742938,False,False
-0.22312743933246446,-0.11687179850304028,False,False
-0.1974130930408273,-0.09992863758611001,False,False
-0.2223210577161852,-0.1154682030586405,False,False
-0.19419214720056271,-0.09918182635127168,False,False
-0.024703463454822897,0.053955382857329204,True,True
-0.20015585903913666,-0.10431625864626894,False,False
-0.21575355479289005,-0.11313405868811088,False,False
-0.23016067088812603,-0.12059608945931699,False,False
-0.18340469088912853,-0.09649474857802934,False,False
-0.23518837450066396,-0.12265429986786427,False,False
-0.23934909150887906,-0.12406342156625626,False,False
-0.7608704113807785,-0.5105333309941915,False,False
-0.11270213384613569,-0.018664385978025257,False,True
0.02805079526809192,0.1073603453334083,False,False
-0.36578441182322535,-0.2506959629385108,False,False
-0.09483782035721668,0.004913405558730474,True,True
0.09281655623227342,0.15035519826633956,False,False
-0.25812979990046225,-0.14572166993521518,False,False
-0.8500619572074348,-0.7324817098791617,False,False
-0.20047043630818726,-0.09033722626297852,False,False
-0.19087562713809444,-0.0981951962821105,False,False
-0.22056312635708591,-0.11598897639550555,False,False
-0.8452932064908211,-0.47237447076170586,False,False
-0.21054737777975466,-0.10977049870967406,False,False
-0.2141243851363311,-0.1126172635305212,False,False
-0.2485364512343064,-0.1289456627806268,False,False
-0.22938858915718685,-0.11947273949334614,False,False
-0.18595400175290416,-0.09816283842825002,False,False
-0.10755758221500872,-0.013703755463166066,False,True
-0.2909131301944989,-0.17774735765276048,False,False
-0.2141221803677161,-0.11104250641740278,False,False
-0.17349851023989518,-0.08204468537348238,False,False
-0.12099755962896569,-0.027698746886696726,False,True
-0.19375388428851356,-0.10144664393487707,False,False
-0.17046769661397276,-0.08155685045104878,False,False
-0.2240264596016311,-0.1175585732328885,False,False
-0.17980580162231025,-0.08146962336715466,False,False
-0.21807794303702677,-0.11354779696608135,False,False
-0.19329536106766346,-0.09675833640219468,False,False
-0.17483848331683277,-0.07807572375916717,False,False
-0.21837894647280934,-0.11415051388818996,False,False
-0.22067485708152862,-0.11360831778665309,False,False
-0.1946113406291628,-0.10211878984176981,False,False
-0.2430692153769139,-0.126304061827298,False,False
-0.3661018421797918,-0.23421564845745646,False,False
-0.19022721841149903,-0.09423692949075085,False,False
-0.22109285560003017,-0.11520265947667578,False,False
-0.22562161693023114,-0.11800254167528967,False,False
-0.21983070920982062,-0.11260473512307015,False,False
-0.19659696272164512,-0.10275402125822525,False,False
-0.8296193512733311,-0.6544398456207341,False,False
-0.21161908836543952,-0.10713315035655196,False,False
-0.2327212247907039,-0.12138829324392145,False,False
-0.20742160045653074,-0.10088789352931109,False,False
-0.8520359427138136,-0.731106274303934,False,False
-0.20623363175512324,-0.10847084296738096,False,False
-0.11134361090770686,-0.03931471427128235,False,False
-0.14582449850123627,-0.05840852855647672,False,False
-0.19330468687785285,-0.09853969369127097,False,False
-0.23891271852424165,-0.12513404943204992,False,False
-0.10345745879985953,-0.015047815121584783,False,True
-0.17769328170584067,-0.07988362716473933,False,False
-0.2214186337762288,-0.1151086421260698,False,False
-0.17164007454926464,-0.07586058400292703,False,False
-0.20435273276140759,-0.10732619810318453,False,False
-0.33987632724771033,-0.23509943752045337,False,False
-0.09789398984364073,-0.01606362250056918,False,True
-0.18700692290317977,-0.09190895859376917,False,False
-0.10466281432691027,-0.027640910503025303,False,True
-0.20158096552339125,-0.10528129837711842,False,False
-0.21653375485280488,-0.11249584631793681,False,False
-0.2761945135515147,-0.17956308421015593,False,False
-0.2060769173473913,-0.10802388951874727,False,False
-0.1389996667176363,-0.05971437844399663,False,False
-0.20291995385131503,-0.10664257192631413,False,False
-0.22374655397636373,-0.11633672139343214,False,False
-0.21433606550773612,-0.11154916583746786,False,False
-0.22164825828289225,-0.11604879732060437,False,False
-0.24384236981280893,-0.12684680638130508,False,False
0.2796744635191053,0.21786254220870443,False,False
-0.21449417577777682,-0.11211716734347188,False,False
-0.23195658720495907,-0.1213723694560982,False,False
-0.21400673167670947,-0.11134692139549653,False,False
-0.20838807670245357,-0.10865396608413029,False,False
-0.16522519483758735,-0.07166096299327779,False,False
-0.19914559060595186,-0.1056757679652815,False,False
-0.21150609784365085,-0.11082911860406332,False,False
-0.19498637802944727,-0.10211308752451197,False,False
-0.251686199859824,-0.15522184855475718,False,False
-0.2263478730480421,-0.1181878836213806,False,False
-0.029468465441875563,0.050343880446549465,True,True
-0.1983675395812099,-0.10354714801141368,False,False
-0.21551284224771472,-0.11252969578796704,False,False
-0.19290888392838912,-0.09369163376356447,False,False
-0.16139772137632782,-0.07017944394876363,False,False
-0.20933309091038876,-0.098565527321391,False,False
-0.8250715183862747,-0.5242317804863164,False,False
-0.04293730394978849,0.0074659992094230805,True,True
-0.20793415214887284,-0.10863607004051698,False,False
-0.21840185658498762,-0.11462463843162461,False,False
-0.18523753601664986,-0.09742822759961288,False,False
-0.20252314619531694,-0.10604071705324654,False,False
-0.21551120683087943,-0.11254045796628169,False,False
-0.14682125733845147,-0.04979476420166799,False,False
-0.5875880193371765,-0.44341385810887624,False,False
-0.8366599155279292,-0.5707655522659059,False,False
-0.1978977650113564,-0.10435068965176394,False,False
-0.15311102771303495,-0.054172712981225016,False,False
-0.20887311712154477,-0.10959104270779496,False,False
-0.19259627601055412,-0.0990829954583312,False,False
-0.24353139296542395,-0.1266378253867869,False,False
-0.2077416237266504,-0.10853169832987832,False,False
-0.1941319781373184,-0.08837983898737348,False,False
-0.18868778594283553,-0.09459920887965367,False,False
-0.20319765057622588,-0.10295549546374512,False,False
-0.20852641709925926,-0.10890959653046636,False,False
-0.19546683855171576,-0.10048109048516204,False,False
-0.21284625496220824,-0.11161001759257039,False,False
0.41337002529690314,0.33474055108731776,False,False
-0.16966520890309478,-0.08020648138262484,False,False
-0.20702101432444764,-0.10917156826180846,False,False
-0.19544735939333657,-0.10233108790799042,False,False
-0.1696472153094557,-0.07900086888985085,False,False
-0.20680075698067213,-0.10871129351492335,False,False
-0.33559126897757663,-0.22578610749448247,False,False
-0.24432467064729446,-0.12715380321654768,False,False
-0.18543436694596277,-0.09281544462506952,False,False
-0.312740597999375,-0.2114271664516022,False,False
-0.21305669577663103,-0.11020100056334824,False,False
0.12012185474679238,0.09180797515050672,False,False
-0.20010623001564032,-0.10487994712781762,False,False
-0.2014044684605613,-0.10105113693933045,False,False
-0.018902530854913037,0.03834875156386694,True,True
-0.23451997482913953,-0.12237259980343308,False,False
-0.1897129802106139,-0.09959400553631156,False,False
-0.21362604887362102,-0.11146460355073988,False,False
-0.21580479742991343,-0.11274335172746355,False,False
-0.20790944774892317,-0.1091507936139939,False,False
-0.20561715256009494,-0.10963100621930066,False,False
-0.18210613977334944,-0.07899567046378816,False,False
-0.20424135679969851,-0.1070330584453821,False,False
-0.21235887466364595,-0.11473427612598788,False,False
-0.19576766691445763,-0.10076762338913327,False,False
-0.21560906050878886,-0.11262780863119651,False,False
-0.21270227008814285,-0.11143410569661368,False,False
-0.20050294765117793,-0.10514066674972607,False,False
-0.2146248122858365,-0.11240995022548622,False,False
-0.14025037496404197,-0.057531275345473046,False,False
-0.1986645362050391,-0.10292156580226287,False,False
-0.22604397193543807,-0.11796184082070708,False,False
-0.12411017791193737,-0.03882885005284418,False,False
-0.18526588759153878,-0.09763510139129841,False,False
-0.1895604028830768,-0.09974324085797182,False,False
-0.23571418177551334,-0.1230456937278952,False,False
-0.23358402055621968,-0.12158121539801842,False,False
-0.20081615039167222,-0.10523543353102206,False,False
-0.04441753392437002,0.031125455173280022,True,True
-0.20025991325084996,-0.10494697702891231,False,False
-0.21543661339533715,-0.11310265711293147,False,False
-0.2171207361581875,-0.11319020527475197,False,False
-0.19773902567626572,-0.10359155889030207,False,False
-0.20501581372263336,-0.10587594549014569,False,False
-0.22029449954623886,-0.1153010033065586,False,False
-0.20207241434909168,-0.10562167722704283,False,False
-0.08520741206427226,0.010372897952833627,True,True
-0.1674790341768156,-0.06906695335249502,False,False
-0.17052761314498002,-0.07005730044866978,False,False
-0.19438165087259418,-0.10166369382041582,False,False
-0.1910815642693189,-0.09323797827742444,False,False
-0.8407818385652184,-0.722490802778301,False,False
-0.2169719738835655,-0.11371306325289515,False,False
-0.21798078402704454,-0.11437857329721077,False,False
-0.23498306322045526,-0.12231205237518539,False,False
-0.7562538757572181,-0.5842225075847483,False,False
-0.19850703949365067,-0.10260803179666483,False,False
-0.20423979932137526,-0.10641273863965327,False,False
-0.18768375211624796,-0.09814462933914364,False,False
-0.22419927767699027,-0.11664052561527474,False,False
-0.22304304740655403,-0.11640425390125572,False,False
-0.2102936500154513,-0.10933637255249735,False,False
-0.8578606142853268,-0.757958226743692,False,False
-0.21763819285402777,-0.11300108179100074,False,False
-0.18043399273399474,-0.08050890994109862,False,False
-0.21152579035241864,-0.11136036641681825,False,False
-0.21008244058849423,-0.11072125381804826,False,False
-0.19923842071088882,-0.10338803555535805,False,False
-0.2703869337749395,-0.16225681646819698,False,False
-0.2228563323562724,-0.11196338395097646,False,False
-0.22756091048504126,-0.12309223308203307,False,False
-0.856742511367044,-0.5410028039789776,False,False
-0.19339561144458198,-0.10177637524972502,False,False
-0.11524996304874888,-0.023021048763022668,False,True
-0.21411726784300092,-0.11214783887106522,False,False
-0.22429809137148482,-0.11642105000174284,False,False
-0.22882360598175844,-0.11918031381570354,False,False
-0.19787283401617006,-0.1033292986913813,False,False
-0.20428305609210523,-0.10721936252136556,False,False
-0.19786728392626596,-0.1036798846221398,False,False
-0.19641819455333692,-0.10342364385423009,False,False
-0.1871902649900179,-0.0937289921481177,False,False
-0.18710928933914753,-0.0923753481911617,False,False
-0.22110272557706726,-0.11373251099198634,False,False
-0.22271829495336443,-0.11605010444748312,False,False
-0.22224448928397322,-0.11800876072549196,False,False
-0.46139983609032253,-0.34168209044244197,False,False
0.379494318576416,0.40491463913490466,False,False
0.424470744134185,0.31033335886798524,False,False
-0.2067747784499882,-0.10802038584726203,False,False
0.1566281877997388,0.13886744406538953,False,False
-0.005675924082770463,0.052099106591186925,True,True
-0.21826565627593936,-0.11458109831216026,False,False
-0.22040985107164196,-0.1150117408532083,False,False
-0.20079626017213392,-0.10471322633409555,False,False
-0.853278349715996,-0.7397187040216462,False,False
-0.20883732196627597,-0.10977402199193229,False,False
-0.20557496724207672,-0.10755484022394082,False,False
-0.1928036002272549,-0.08716343442940042,False,False
-0.22038853607886044,-0.11616932730163446,False,False
-0.205071337129801,-0.10746853320334575,False,False
-0.24080647578308578,-0.1379794727985247,False,False
-0.1960539776839022,-0.09563581445499969,False,False
0.07635400381311655,0.11989001994662245,False,False
-0.22652172259344872,-0.11727381810408907,False,False
-0.19349258990903628,-0.1015500149906207,False,False
-0.23033559041634094,-0.11971221314609796,False,False
-0.15234497942306835,-0.05707018169450289,False,False
-0.20413012543764486,-0.10653657765323217,False,False
-0.11074488535444695,-0.017089263132850457,False,True
-0.14615489379424748,-0.05886887659817671,False,False
-0.22424899269306103,-0.11639282112262099,False,False
0.37965175021087316,0.32467225147867596,False,False
-0.2065241047050428,-0.10554895438183223,False,False
-0.18103719803079832,-0.08710947957122511,False,False
-0.14020053799819726,-0.04787272688077704,False,False
-0.20287521434558786,-0.1033056685816339,False,False
0.2860194213790419,0.26258475954309113,False,False
-0.474831822239831,-0.34299048978280033,False,False
-0.21767724161706084,-0.11384223957572832,False,False
-0.23409119629497582,-0.12198591100532633,False,False
-0.13156559565613207,-0.05196692536778011,False,False
-0.20291550290033558,-0.1058332833813654,False,False
-0.20793182569780524,-0.10845379112337684,False,False
0.06253132291254829,0.10597326582462116,False,False
-0.2027081300577154,-0.10345487749864975,False,False
-0.2203317143861283,-0.11475097058211496,False,False
-0.21372694421758262,-0.11232614983526759,False,False
-0.8411402161832622,-0.640910993026909,False,False
-0.22845507769721235,-0.11653430836029377,False,False
-0.23056314163830904,-0.12031124988679556,False,False
0.15071043739048517,0.16515607310718217,False,False
-0.19833889961028026,-0.10057956508967947,False,False
-0.1903203333610866,-0.09978786281900354,False,False
-0.23024442664518702,-0.118348583901406,False,False
-0.20826884289609704,-0.1087616042690001,False,False
-0.2162324602986881,-0.11301996017737974,False,False
-0.8411687266235429,-0.6724515705555162,False,False
-0.15166917880145642,-0.036694397021302165,False,False
-0.23257472405395008,-0.12100021535107233,False,False
-0.18566919418815564,-0.09708148196510441,False,False
-0.2103452789928927,-0.10975090045210778,False,False
-0.20767590185030024,-0.1090767406143939,False,False
-0.21702184423311047,-0.11711600343333717,False,False
-0.21121746999953578,-0.11092330620552204,False,False
-0.21428989356293004,-0.11228252720497782,False,False
-0.22100398952699876,-0.11527943406079612,False,False
-0.1877440167008587,-0.09855485654812544,False,False
-0.1966875716437562,-0.10333207519155971,False,False
-0.1300238830012671,-0.051779522905330916,False,False
-0.12587182034862526,-0.042481696088498194,False,False
-0.17843725583921125,-0.07098824544410517,False,False
-0.32294271393432944,-0.20786455642178353,False,False
-0.21668282399105535,-0.11408457344538918,False,False
-0.258435258406159,-0.14014008295831898,False,False
-0.17185484771023857,-0.08022838924624287,False,False
-0.20585163805809256,-0.10710702162885341,False,False
-0.06523693101483177,0.016365184260243276,True,True
-0.1716058650361207,-0.0771116531898707,False,False
-0.1949623204160171,-0.101977652827868,False,False
-0.21039270553829906,-0.11019486309657202,False,False
-0.0658455005070101,0.013928155488844667,True,True
-0.20250660308256857,-0.09842890086648451,False,False
-0.21671222463476275,-0.1164984902745245,False,False
-0.2245629273475381,-0.11298413087840459,False,False
0.47403025570374896,0.4430794340673575,False,False
-0.21940614853994359,-0.11402215573046032,False,False
-0.2314515826819213,-0.1183982042508913,False,False
-0.1980747200941521,-0.09981897651956925,False,False
-0.2306948922868307,-0.12007655866462849,False,False
-0.2371577868815463,-0.12343092992832501,False,False
-0.21642003637389906,-0.11328923889635906,False,False
-0.20257431120768446,-0.10434347914464222,False,False
-0.3439259747878111,-0.21224375604380824,False,False
-0.1069746494389795,-0.0076969131246980745,False,True
-0.1973991599357708,-0.10315631388077633,False,False
-0.20738049355494897,-0.10670044552189462,False,False
-0.20332956242794015,-0.10637593972232953,False,False
-0.21004477582020264,-0.10958987189234484,False,False
-0.21076318367447375,-0.10497522121928346,False,False
-0.006798095286234568,0.07280904245069167,True,True
-0.16157994673356824,-0.0688880989529638,False,False
-0.2293330006439287,-0.11969373025093386,False,False
-0.20974111943582782,-0.10998211471030975,False,False
-0.19035511491494447,-0.0983536205918579,False,False
-0.22451547487759502,-0.11747316310478721,False,False
-0.20756696191732224,-0.10825179848346592,False,False
-0.1713399981901491,-0.08261089521015558,False,False
0.002528807980817796,0.03824088886958181,False,False
-0.1518984207544031,-0.05767473144692742,False,False
-0.20713576703184391,-0.10764125900474103,False,False
-0.19797829819633156,-0.10386696496683233,False,False
-0.2148482302173245,-0.1120434589439424,False,False
-0.18102097476071638,-0.09209861809866048,False,False
-0.182209093400737,-0.07898855724697869,False,False
-0.1972215136849969,-0.10321069859008145,False,False
-0.22443849627290294,-0.11703329530422264,False,False
-0.20825771787333394,-0.10914406128438332,False,False
-0.20080996535781448,-0.1054332281621007,False,False
-0.22465997468593973,-0.11704858891662057,False,False
-0.2048818168436296,-0.10767563577005308,False,False
0.19067086021967986,0.1510949732761996,False,False
-0.2027873293197584,-0.10359033364143252,False,False
-0.20998052158693206,-0.10968593688831657,False,False
-0.21505232285184198,-0.11264192352242128,False,False
-0.21614282944563504,-0.11315814840508272,False,False
0.005028667671234367,0.09919407423073283,False,False
-0.19443661308271368,-0.08078542574046975,False,False
-0.2130048362132295,-0.11203067830976918,False,False
-0.21310144035665535,-0.1148202039826667,False,False
-0.1935246431392023,-0.10097972296627448,False,False
-0.8323774782099407,-0.6402730003267333,False,False
-0.14114636640712291,-0.040020011167271954,False,False
-0.20711330227628894,-0.10012800121407911,False,False
-0.17527342152221193,-0.07772054889111644,False,False
-0.19943195107845574,-0.10477402610497077,False,False
-0.21021692670514128,-0.10912568116618851,False,False
-0.1980474837473187,-0.10343615851997234,False,False
-0.21923555496620248,-0.11328169557831659,False,False
-0.2104754913603591,-0.10550995362741356,False,False
-0.22741043986404474,-0.11897664732932049,False,False
-0.22236578377715513,-0.11616138648595503,False,False
-0.21587547194245507,-0.11305857873234221,False,False
-0.13870180709242852,-0.04800113663161726,False,False
-0.21705479621028081,-0.1136945139491217,False,False
-0.21216268949052336,-0.11050106393345852,False,False
-0.1923022750353497,-0.10117948414336063,False,False
-0.19086921879121774,-0.10017605815435218,False,False
-0.8481100768571295,-0.6875469516594686,False,False
-0.21951971982702068,-0.11519708834099093,False,False
-0.19963234433859417,-0.10282211479511336,False,False
-0.21300492080728006,-0.11133383489805092,False,False
-0.18156846632032203,-0.0938677080982707,False,False
-0.17071384535748907,-0.07615860201585692,False,False
-0.20411953140186917,-0.10579771786509563,False,False
-0.3188723125083542,-0.19587419904774295,False,False
-0.2161936545238649,-0.11322112343920843,False,False
-0.19856002005064255,-0.10313765147623227,False,False
-0.20828787246465028,-0.1097978357484396,False,False
-0.21624312901525425,-0.10852617272700565,False,False
-0.19621647806008174,-0.10319012654444865,False,False
-0.1997510168443547,-0.10336096180969072,False,False
-0.20153603222732297,-0.10033530748232632,False,False
-0.23567071408238488,-0.14040176246540265,False,False
-0.2123573466945169,-0.11117971885952256,False,False
-0.0029065677236518386,0.06406040312616101,True,True
-0.21444836717557045,-0.11182105520294149,False,False
-0.2794531994768453,-0.16013469448903442,False,False
-0.31024244549364555,-0.20994082872212205,False,False
-0.2618663254201927,-0.1602157562528417,False,False
-0.20767877864513656,-0.10885619938870189,False,False
-0.19475119559317808,-0.10257747725477159,False,False
-0.854918929349422,-0.5063720616868015,False,False
-0.2049285625539312,-0.10718458985744657,False,False
-0.2604912420309847,-0.14879875469934178,False,False
-0.1739619809575299,-0.07922212891786154,False,False
-0.19956303422944377,-0.0994411186058603,False,False
-0.20229202766491866,-0.09453015255601474,False,False
-0.20699949463934364,-0.10845043092695657,False,False
-0.21667780938900252,-0.11237580472264418,False,False
-0.10500393990248066,-0.018547582448842616,False,True
-0.17625265464117928,-0.08570387069932155,False,False
-0.21866552248841145,-0.11413292556302591,False,False
-0.21526092230120702,-0.11189263188419749,False,False
-0.20170636038153317,-0.10557296011973291,False,False
-0.19185359649931774,-0.1009662506148529,False,False
-0.1292208266183243,-0.04781108856918361,False,False
-0.24509483403980145,-0.1272469338255035,False,False
-0.2107495634936662,-0.11018788523762013,False,False
-0.18308060904518977,-0.08847077984285204,False,False
-0.19639768585928602,-0.1027721928216391,False,False
-0.22504674877494116,-0.11523628327801905,False,False
-0.19024043682743844,-0.09989881608767529,False,False
-0.17452259226284977,-0.07187413258722897,False,False
-0.21781550064753236,-0.11395572054890306,False,False
0.04748990904704511,0.11380752384142756,False,False
-0.21880988461569256,-0.11444032437696186,False,False
-0.22245572551216736,-0.11394608951785234,False,False
-0.5963451759209935,-0.42924379703238086,False,False
-0.15729860835717893,-0.06127877445221074,False,False
0.045296438009642045,0.06703523873029456,False,False
-0.12391947609143686,-0.03851503694806514,False,False
-0.22457758876463296,-0.11592177086841085,False,False
-0.22086791650891785,-0.1158329025476656,False,False
-0.05824466260757807,0.016121248952263342,True,True
-0.21271146725985002,-0.11112508563821424,False,False
-0.2097500959288423,-0.11013614114239839,False,False
-0.21844782968172424,-0.11418798943899278,False,False
-0.22710150478032337,-0.11772751192646377,False,False
-0.19923184145574563,-0.1041941586560097,False,False
-0.21666029670227324,-0.11388796032095042,False,False
-0.225397715066032,-0.11689899463437967,False,False
-0.2084843096456473,-0.10939859717495753,False,False
-0.11664967920564874,-0.019473919058818595,False,True
-0.8400707231546932,-0.7254963368643678,False,False
-0.19842939277085703,-0.10449153486252481,False,False
-0.19829684453010768,-0.10400220946943675,False,False
-0.0038121676741541127,0.07620570485972078,True,True
-0.20543143243348638,-0.107726301963613,False,False
-0.195123714844244,-0.09202977871051414,False,False
-0.21398082661426238,-0.11160244867236241,False,False
-0.1962912756698433,-0.10269481997414531,False,False
-0.20382669434755268,-0.0956201985996036,False,False
-0.17574858257435885,-0.07704459290212566,False,False
-0.22263558661805619,-0.11615051980930777,False,False
-0.8305763838590311,-0.7100775133985696,False,False
-0.20143081968247042,-0.10607876212363654,False,False
-0.16688497742229277,-0.07534051817038775,False,False
-0.2192471898997488,-0.11889269494032971,False,False
-0.8477679415361574,-0.6858110754867435,False,False
-0.1826477613205723,-0.09335224956665505,False,False
-0.2032162431923684,-0.10577455134479608,False,False
0.023424932020644176,0.09446733576751884,False,False
-0.2864410888004577,-0.18581802414605433,False,False
-0.19404588313955218,-0.1022305352167522,False,False
-0.08403617689261242,-0.0003477739884152134,False,True
-0.19635554306813657,-0.1027543091817942,False,False
-0.24222223714715643,-0.13839225287691528,False,False
-0.09010450542763743,-0.015586689789810666,False,True
0.38424725586738784,0.2574801259241293,False,False
-0.22528226133788987,-0.11543835404356159,False,False
-0.2018243262658594,-0.10422150372442585,False,False
-0.22195658787981074,-0.11520605873431616,False,False
-0.2393881707246278,-0.12449160079654734,False,False
-0.2584418356473221,-0.1344612056765354,False,False
-0.21758396514256326,-0.11454014882993821,False,False
-0.14719196537434603,-0.056136155077539496,False,False
-0.22744817249935775,-0.11899405000351497,False,False
-0.2046538910792572,-0.10613839669128257,False,False
-0.19828091523487007,-0.10426046198824854,False,False
-0.8406297419664174,-0.6871840723156899,False,False
-0.22400839169940168,-0.11657357845239288,False,False
-0.19758923931863387,-0.1034951568655928,False,False
-0.18825901410450263,-0.09945720697339636,False,False
-0.21463741694608893,-0.11187018373307506,False,False
-0.19115804672049017,-0.09690601511429042,False,False
-0.8391876087954224,-0.7182943794955801,False,False
0.23990614395293866,0.23359091492837747,False,False
-0.20593613728368795,-0.10758773286394033,False,False
-0.22406158869100007,-0.11687000481135053,False,False
-0.1270876105981105,-0.02729547626644458,False,True
-0.15788126685650897,-0.06108828638337829,False,False
-0.17195996814802803,-0.0811726763807149,False,False
-0.20809242861734675,-0.10891414116526281,False,False
-0.1845162940701062,-0.08056525926731734,False,False
-0.228668918187537,-0.1191370754496,False,False
-0.22294605840471587,-0.11646040796528674,False,False
-0.20632630719349343,-0.10856777694327276,False,False
-0.21512473597721668,-0.11322011217644638,False,False
-0.22666734128107185,-0.1181483536828965,False,False
-0.22635632263980676,-0.11785598287712543,False,False
-0.2180221642324549,-0.11451627530409657,False,False
-0.1961141350544743,-0.10284161001495704,False,False
-0.6750916591262439,-0.4788530881882394,False,False
-0.1898865969232957,-0.09878769873070814,False,False
-0.21950770217393545,-0.11495159046929843,False,False
0.10400142029824269,0.13460706040376738,False,False
-0.20627971401975212,-0.10785590865020704,False,False
-0.1624481263827331,-0.06493596298681634,False,False
-0.20325510219526052,-0.10654652729856456,False,False
-0.11343841122625722,-0.023757496181964325,False,True
-0.20018298874229096,-0.10189186376844579,False,False
0.03923871208296965,0.1103594542400866,False,False
-0.17458761239961537,-0.07804030141783559,False,False
-0.20624393529390606,-0.10881558332194641,False,False
-0.11213386701824568,-0.015295762052810604,False,True
0.4809339095415566,0.5636380981654474,False,False
-0.04498707270798357,0.05010885261999802,True,True
-0.20275202539132034,-0.10663676001563749,False,False
-0.03651003785057101,0.010156193687728451,True,True
-0.2024588707071242,-0.10620728436512222,False,False
-0.23045309216539261,-0.11920941679980848,False,False
-0.2250733094652575,-0.1178331632231875,False,False
-0.10643727309674178,-0.02081643622756013,False,True
0.20027860015980603,0.21364218109515218,False,False
-0.22473549335805193,-0.11475227291573553,False,False
-0.2025122962136302,-0.10633405402745585,False,False
-0.19828525787470913,-0.09793306996948693,False,False
-0.20024989557049847,-0.10465539432768364,False,False
-0.20516500004696925,-0.1071572104605299,False,False
-0.2050093303628384,-0.10768615694316001,False,False
-0.21475941817758742,-0.11244570063534429,False,False
-0.20754305676853757,-0.10940242686687782,False,False
-0.20815243283865287,-0.10280232226945023,False,False
-0.17625120228535154,-0.08017801086359369,False,False
-0.8464367620307977,-0.6403693913849748,False,False
-0.23519148990093247,-0.12246868420803846,False,False
-0.24214282496513562,-0.12620180293171607,False,False
-0.22627894510161636,-0.11822881176548536,False,False
-0.20643467057904297,-0.11619660435434759,False,False
-0.21018892041365872,-0.11007181241302737,False,False
-0.10058367283151312,-0.02418805394795723,False,True
-0.20094869364025128,-0.10653914382772398,False,False
-0.20173132359181806,-0.10426047634393797,False,False
-0.21515059980858742,-0.11227655374577579,False,False
-0.19626862799837713,-0.10260615204773413,False,False
-0.1916440138098192,-0.0900670124231468,False,False
-0.23453710004787404,-0.13305053946072826,False,False
-0.1710438387033461,-0.07971713142369158,False,False
-0.2091375361993845,-0.10986671500087879,False,False
-0.21343353434587306,-0.1118374481787312,False,False
-0.2206326057408187,-0.11421422094177645,False,False
0.32975583440267736,0.28432321243061165,False,False
-0.22113965850256567,-0.11566695425076129,False,False
-0.21218906896325995,-0.11004595583576163,False,False
-0.22093014176708564,-0.11490500487753784,False,False
-0.21223118446740705,-0.1092667562572581,False,False
-0.20004219035204618,-0.10441592436925433,False,False
-0.2104951259446443,-0.11023366070371068,False,False
-0.2225867692739525,-0.1166622210632493,False,False
0.37761573122395015,0.3237155609562044,False,False
-0.22367275722331903,-0.11679366899965492,False,False
-0.20606207469894738,-0.10116520822354841,False,False
-0.15654784582049125,-0.07243233232953117,False,False
-0.21407051633646573,-0.11169993697361671,False,False
-0.25048418149364565,-0.14963030951602674,False,False
-0.18319942970631803,-0.09030623172818453,False,False
-0.2221979238990444,-0.11559951832524272,False,False
-0.23495312920626904,-0.12251134523889115,False,False
-0.22135420908184866,-0.11551352957744483,False,False
-0.17120570090128331,-0.07486853932246147,False,False
-0.22018103003515258,-0.11488714539321457,False,False
-0.18498137832261535,-0.09742380331320849,False,False
-0.20953762746436483,-0.1159102198838607,False,False
-0.20396252216008465,-0.10727378044092464,False,False
-0.20957520251342565,-0.1097306340706068,False,False
-0.18876946874801845,-0.09944643454087912,False,False
-0.21231516416580049,-0.10266459163508045,False,False
-0.38993667513052915,-0.2694510781502647,False,False
-0.22377709844809215,-0.11720385400065933,False,False
-0.18467865866308014,-0.09537837478371239,False,False
-0.20071377899628398,-0.10575007370999329,False,False
-0.18750280609847544,-0.09731033632166447,False,False
-0.5354210222616752,-0.3576426285665115,False,False
-0.18975171579563987,-0.09936439285882448,False,False
-0.2068299615445218,-0.10781178136128913,False,False
-0.20365395690454685,-0.10244907532248045,False,False
-0.13199709602997747,-0.05351046122109339,False,False
-0.21285259080092747,-0.11058901416871716,False,False
-0.2199653652502312,-0.11452125033814198,False,False
-0.21201703530340635,-0.11160613143720238,False,False
-0.22380957095259685,-0.11716409218887183,False,False
-0.29752367169015415,-0.19393302905603438,False,False
-0.21134175739881145,-0.10859871841569141,False,False
-0.19929984142451568,-0.0957285577567862,False,False
-0.18983626368974854,-0.0982729834503902,False,False
-0.2119142882126041,-0.11120985676036238,False,False
-0.11420184817869145,-0.0271381691331287,False,True
-0.21732070838394957,-0.11382419955178476,False,False
-0.2135010719791819,-0.11175800909148408,False,False
-0.2052855415970982,-0.10829637903759783,False,False
-0.1908592443853393,-0.09816624100410451,False,False
-0.10112087650025897,-0.02804014266856689,False,True
-0.2211885009113923,-0.11516289738251778,False,False
-0.2023424300207799,-0.1012119509851224,False,False
-0.21268620776155597,-0.11138689118798055,False,False
-0.18492370230826544,-0.09131129404232737,False,False
-0.2126634483319897,-0.11074341911653718,False,False
-0.19645584740358502,-0.102286579319293,False,False
-0.19834021622644302,-0.10409734588675609,False,False
-0.2061781721314573,-0.10678120389105422,False,False
-0.2707930664971958,-0.163860539082386,False,False
-0.8485371011647814,-0.6253286216569797,False,False
-0.22754635238372073,-0.11848490871748957,False,False
-0.22726079976813146,-0.1182455837464238,False,False
-0.20894541249837292,-0.10932429494547384,False,False
-0.2085232271065179,-0.10880712096466233,False,False
-0.8375952945863011,-0.6755038831269612,False,False
0.03409010772489378,0.066288494993722,False,False
-0.21017973665857148,-0.10993687436804625,False,False
-0.22829932007415366,-0.11911185754259046,False,False
-0.19897630824030357,-0.10321376122717897,False,False
-0.20174796773513123,-0.1059370599472786,False,False
-0.2021427407157041,-0.10605179610520696,False,False
-0.20620649326089774,-0.1075215509652374,False,False
-0.2227322733218734,-0.1174642256741385,False,False
-0.12209388082779014,-0.04286810039336218,False,False
-0.21030300121649192,-0.10849778688128633,False,False
-0.8601356464760929,-0.6767558566222002,False,False
-0.20229900261807554,-0.10571911876876328,False,False
-0.12735715175393533,-0.017380720729296573,False,True
-0.2229877025255269,-0.11638563992233178,False,False
-0.20101874106217782,-0.10561253383952893,False,False
-0.19229891536643143,-0.09424956801227637,False,False
-0.22218173219046683,-0.1168246302906448,False,False
-0.20518232471686212,-0.10734670056897147,False,False
-0.1912293853248677,-0.09946923367245092,False,False
-0.21182698929790653,-0.11111782504087815,False,False
-0.20382204297681886,-0.10553277781276746,False,False
-0.2369436635743159,-0.12356939329233146,False,False
-0.1945252011134578,-0.0964089990922604,False,False
-0.21440006068704204,-0.11377209680038847,False,False
-0.19951955586806355,-0.10489905695045215,False,False
-0.19080129991679706,-0.09176472265652802,False,False
-0.19904132483291992,-0.10489222503498918,False,False
-0.2237911530353683,-0.11669025033409165,False,False
-0.23472771956920618,-0.12214842495677508,False,False
-0.2017273183828987,-0.10508270689712819,False,False
-0.21379656237224914,-0.1124560258145719,False,False
-0.84789365276765,-0.7070691240258704,False,False
-0.19168500156165222,-0.10068751991356378,False,False
0.11198038871938572,0.11811112722615788,False,False
-0.19118132025037193,-0.10100658647533231,False,False
-0.2148632348374655,-0.11126146881248616,False,False
-0.12196774772582508,-0.036994686417300464,False,False
-0.05652563728448157,0.029805490845472658,True,True
-0.20746313569837513,-0.10874281986951621,False,False
-0.49617606917639345,-0.35154885711601297,False,False
-0.19057133521359793,-0.10011542296228582,False,False
-0.3507607377168388,-0.23048124893119873,False,False
-0.20432036813823048,-0.10724321703000556,False,False
-0.19499981633820682,-0.1020619999603917,False,False
-0.19551070101335868,-0.09745574712125668,False,False
-0.20829366965685467,-0.10835731495904437,False,False
-0.20351189284557328,-0.10705464450529428,False,False
-0.21085249767448766,-0.1101950528577667,False,False
-0.23254277745279103,-0.12082721947413166,False,False
-0.1842633326732905,-0.0952699032116332,False,False
-0.19276723955786632,-0.10099985702409028,False,False
0.09168263864936729,0.13326327958647577,False,False
-0.21170649564046884,-0.11113727516118484,False,False
-0.20445132362505858,-0.10825430395371288,False,False
-0.23062931609849782,-0.12075746871087575,False,False
-0.2117353175299271,-0.11085510629639832,False,False
-0.20297878116703838,-0.10230546342264943,False,False
-0.20725485605409627,-0.11216369645569005,False,False
-0.2168523122779277,-0.11385218128272177,False,False
-0.20964511140467484,-0.10922835661069838,False,False
-0.19579443360375914,-0.09877817616453444,False,False
-0.21204849924410707,-0.11064223411543353,False,False
-0.23643239266603955,-0.12373591872184955,False,False
-0.19618600847771434,-0.09756714252343543,False,False
-0.2176754262394173,-0.11352294724821736,False,False
-0.21624044300176706,-0.11345098340772473,False,False
-0.15243341377718267,-0.05585933494086349,False,False
-0.22311937668954696,-0.11647112229808051,False,False
-0.21612180775942857,-0.11223350593512692,False,False
-0.21692508034452945,-0.11316203900284204,False,False
-0.19774908440029942,-0.1029936318255713,False,False
-0.20424299339523816,-0.10873370933294828,False,False
-0.07732664561078048,-0.012605210813917078,False,True
-0.19103736360431123,-0.10244221524249073,False,False
-0.23724426937219917,-0.1303459014889955,False,False
-0.25574074000529257,-0.1525664304506144,False,False
-0.19064575148287036,-0.10005122116098128,False,False
-0.19964733687285335,-0.1025779209530862,False,False
-0.08314718412699634,-0.020753682763506677,False,True
-0.17835734993196445,-0.08447324438470893,False,False
-0.22511996627864667,-0.11789985676707913,False,False
-0.20711873536985262,-0.10842622969274496,False,False
-0.18706553097989018,-0.09823090392002645,False,False
-0.1950746703649078,-0.10264948065781054,False,False
-0.22820775889594153,-0.12049053295638595,False,False
-0.6836533908482377,-0.4189890348388608,False,False
-0.19058344837749314,-0.08975777158821968,False,False
-0.18456896857178656,-0.09700098219780853,False,False
-0.23368041476269716,-0.12208987495365281,False,False
-0.18500300235049963,-0.0916794126469881,False,False
-0.8548942150138691,-0.7344182400659333,False,False
-0.1241208316665243,-0.03135767132046159,False,True
-0.18873458794154216,-0.07643937951429301,False,False
-0.20329290345127002,-0.10617368422531764,False,False
-0.22307436764664562,-0.11628223296340867,False,False
-0.21032723091905275,-0.1096175161249702,False,False
-0.851375390777072,-0.672099292260481,False,False
-0.31198570849473317,-0.20646987780084344,False,False
-0.2179158491602801,-0.11332938576352626,False,False
-0.2018630116251296,-0.09746059043351524,False,False
-0.23586501051863695,-0.1231595437525798,False,False
-0.19731462511876877,-0.10421231634961631,False,False
-0.15334006969876884,-0.05427125904743789,False,False
-0.22660906864943334,-0.11828337802304495,False,False
-0.21323577133891256,-0.11129878264873888,False,False
-0.18785255281008098,-0.09828442720641944,False,False
-0.23217429959487887,-0.12199586570522111,False,False
-0.07836787554171942,-0.01362053140819356,False,True
-0.20271982651014567,-0.1065124812729831,False,False
0.4374880279466357,0.4743057503015317,False,False
-0.18183308022687245,-0.09593476878124355,False,False
-0.19748929085214584,-0.10099560512943898,False,False
-0.06919096990322357,-0.004334806893468469,False,True
-0.8387746776019076,-0.7081941848449207,False,False
-0.1610816141563997,-0.06194135166397754,False,False
-0.21297183273178605,-0.111253711967514,False,False
-0.21294088172403547,-0.11158914921399612,False,False
-0.1823119835358061,-0.08890684852429098,False,False
-0.02059759592253811,0.03867405122641854,True,True
-0.2094602550574217,-0.10999634161810647,False,False
-0.18676430184711562,-0.0902207780127291,False,False
-0.848381423628824,-0.7450757560740094,False,False
-0.20326388759019948,-0.10627742138675511,False,False
-0.18606858397805853,-0.0852234211229797,False,False
-0.22469126363448183,-0.11760776431040205,False,False
-0.8314475420660011,-0.7090661465845132,False,False
-0.2285113425267562,-0.12072660762158954,False,False
-0.194634594051863,-0.10261301739773185,False,False
0.009443478490040104,0.06144110797063064,False,False
-0.8548159832619076,-0.7234491390305788,False,False
-0.8476596866742626,-0.7529889570268671,False,False
-0.24312012889976675,-0.12661263408694984,False,False
-0.22149371680987068,-0.11477628246591665,False,False
-0.22022900858705147,-0.11507045984481697,False,False
-0.19316831552154207,-0.10146945796667359,False,False
-0.20101049268665366,-0.10014988984700605,False,False
-0.208324445436054,-0.10940109737131065,False,False
-0.12922853707478413,-0.04858452819066679,False,False
-0.19491991798623187,-0.10194449880544279,False,False
-0.21724005522332196,-0.113741014110086,False,False
-0.18611311727507227,-0.0802345746238701,False,False
-0.21650939099388644,-0.11325903736085682,False,False
-0.07551633331272817,0.023102751345124357,True,True
-0.22204601930417733,-0.11638321379408477,False,False
-0.16227472144594535,-0.0673160842344373,False,False
-0.18347704331968484,-0.09141808737655702,False,False
-0.2048616901392241,-0.1072046672282934,False,False
-0.19088942466724054,-0.09658634903216122,False,False
-0.21226373600978557,-0.10773546162044285,False,False
-0.20747482423300465,-0.10847278239363689,False,False
-0.7922099382491622,-0.47637118822471103,False,False
-0.1924822743320272,-0.09937912220049899,False,False
-0.18966335867555315,-0.10013998409487465,False,False
0.41328554080879265,0.3411055414183096,False,False
-0.8390854874773874,-0.6432517610088611,False,False
0.4085381804585327,0.47099066122098987,False,False
-0.201059456839411,-0.10575755794641666,False,False
0.23802170401290917,0.2533220404338875,False,False
-0.16263919418259037,-0.06979929497495035,False,False
-0.20508702457172318,-0.10758141364589038,False,False
-0.20490774787073168,-0.10697611475228899,False,False
0.39912035846209865,0.4556765851792805,False,False
-0.21601113747869716,-0.1132723918936498,False,False
-0.17993382826601673,-0.08081609796901769,False,False
-0.19287267072272019,-0.09723643496373927,False,False
-0.19179748479121173,-0.09046071447752277,False,False
0.4134255927783887,0.5018598623662266,False,False
-0.20120261917889828,-0.10496386703500839,False,False
-0.22403240604728325,-0.11761891411347364,False,False
-0.38488858310852064,-0.2833496989960766,False,False
-0.2187745331407513,-0.11445414310537488,False,False
-0.20948612461418875,-0.10991143529881464,False,False
-0.20240717252408427,-0.10651186440929339,False,False
-0.16859383264475952,-0.08034891887212414,False,False
-0.2688064423585467,-0.16948395804991803,False,False
-0.2033706023561943,-0.10675622931484495,False,False
-0.19381382287769694,-0.10135282763418375,False,False
-0.2177178137530742,-0.11373617075927912,False,False
-0.21741015630475938,-0.11347940706304228,False,False
-0.21112929563991392,-0.11029482047370218,False,False
-0.06678109005156471,0.021483654704038943,True,True
-0.1970819895976014,-0.10355407155921453,False,False
-0.21991234437275606,-0.1147062656731252,False,False
-0.8564276646038621,-0.5458788698739172,False,False
-0.22760790687366628,-0.11864330264292183,False,False
-0.03128086529486123,0.05372076876061374,True,True
0.41899331391355255,0.48627069156837976,False,False
-0.19833317150492963,-0.10383750449826161,False,False
-0.17928968021042835,-0.08413548193959895,False,False
-0.22937492685034028,-0.12129993612453402,False,False
-0.18892074021914884,-0.09968929009426081,False,False
-0.18748408960300295,-0.09679526186468437,False,False
-0.20111588198178043,-0.10592169683991903,False,False
-0.05320580470691113,0.04204674319941406,True,True
-0.21380331190274426,-0.11237385735381128,False,False
-0.1361961722716184,-0.048009901957200195,False,False
-0.21534274068700807,-0.11215877890889538,False,False
-0.20479114982827884,-0.10246851005159952,False,False
-0.20324877228176233,-0.10651395448010742,False,False
-0.1998388505410443,-0.10450902677240081,False,False
-0.19470985411031355,-0.10218840049346409,False,False
-0.22111601812697795,-0.11743861651676778,False,False
-0.20857820133273142,-0.10873420053652819,False,False
-0.188361475604504,-0.09347559833955266,False,False
-0.21526841782389705,-0.11311186847653998,False,False
-0.4528725778337173,-0.3274162281313858,False,False
-0.16525601100526321,-0.07128098496952148,False,False
-0.18711236600795128,-0.08188663901400858,False,False
-0.20123182582608,-0.1059645589689601,False,False
-0.2118869143071687,-0.10763438273106403,False,False
-0.24247298078902407,-0.12818436911685877,False,False
-0.21171848515445768,-0.1109188388114677,False,False
-0.1830076694351245,-0.09168477323962504,False,False
-0.19831608958962207,-0.10438638492912536,False,False
-0.8037112158723178,-0.533752169004429,False,False
-0.23350511280407232,-0.1212504053141737,False,False
-0.22981155181884014,-0.13693542988740437,False,False
-0.22372114045878744,-0.1173203888289659,False,False
0.3892933587847805,0.3507375322578157,False,False
-0.20903793854066194,-0.10922779012112932,False,False
-0.20181440348047658,-0.1063329991685473,False,False
-0.2075527321556419,-0.10786739881364903,False,False
-0.19213323016209383,-0.09997795213175205,False,False
-0.20493977385675444,-0.10517597508735664,False,False
-0.21785214945486123,-0.11334392130319532,False,False
-0.19308296620935794,-0.09683309210409215,False,False
-0.2175658454759692,-0.11176748511405922,False,False
0.3007483930724083,0.2383080057666043,False,False
-0.22561200653487323,-0.11804679826865064,False,False
-0.22014844847748996,-0.1151239847723848,False,False
-0.20858336682842787,-0.10941424142533031,False,False
-0.19857517585634826,-0.10450791442129638,False,False
-0.21414696884238002,-0.11215224774466907,False,False
-0.22385433810464822,-0.11742418041553969,False,False
-0.21013438904643114,-0.1100966868310703,False,False
-0.4598634496752665,-0.31963917126257946,False,False
-0.19679758584533655,-0.10348138931978702,False,False
-0.20371467475814475,-0.10651240724618222,False,False
-0.21316334396129347,-0.11118667688604722,False,False
-0.1994064116729238,-0.10408400175354651,False,False
-0.06654540908380009,0.01821909153887272,True,True
-0.16842718230875936,-0.07261376808165639,False,False
-0.22186885283767738,-0.11284960628912069,False,False
-0.21249245363961305,-0.11145833130352688,False,False
-0.21174601160468987,-0.11050336528637571,False,False
-0.2285876748687255,-0.11964246591293892,False,False
-0.19016495488304486,-0.0964860621982283,False,False
-0.15119344034151075,-0.0522399017799083,False,False
-0.2225394802528345,-0.11629136184441823,False,False
-0.21468568744736916,-0.1124898816384432,False,False
-0.2203735185417889,-0.11502628999410021,False,False
-0.1299690746028411,-0.029659222844702814,False,False
-0.21431481835749658,-0.11283198074241495,False,False
-0.22674712784957163,-0.11839540579325752,False,False
-0.8506598812536297,-0.7066663486145394,False,False
-0.13540536263730601,-0.04891036858460468,False,False
-0.2228114886737046,-0.116189474457233,False,False
-0.13763575598378666,-0.04989871458450777,False,False
-0.1862549669225202,-0.09410483270885961,False,False
-0.24610627384550754,-0.14613834731947553,False,False
-0.20905989474399717,-0.10948096821268018,False,False
-0.8354637138241232,-0.5487270529713986,False,False
-0.18533774499198108,-0.09730652298997475,False,False
-0.1942029953439457,-0.1015594368520745,False,False
-0.2085058768545643,-0.10913531713758617,False,False
-0.2207027443425909,-0.11241421247033255,False,False
-0.26067310250940195,-0.14484849258727533,False,False
0.4248551923786607,0.46439498598783296,False,False
-0.20633021923769929,-0.10779004606179109,False,False
-0.20991671399388,-0.10796393782530697,False,False
-0.21703742065187395,-0.11296934847201191,False,False
-0.8495286389670608,-0.7513917393844524,False,False
-0.2037928372459708,-0.10639599005901562,False,False
-0.23219459302623385,-0.12097094055839809,False,False
0.013025123317502621,0.09528802619875881,False,False
-0.19953072088758617,-0.10476253416836809,False,False
-0.15360424121629065,-0.0644348444091976,False,False
-0.17489495290044071,-0.08930748058258998,False,False
-0.1775413580946779,-0.08940839191871573,False,False
-0.19305233197412122,-0.10116295986371959,False,False
-0.2169322425587253,-0.11230527816529809,False,False
-0.20572080165644235,-0.10652605569960621,False,False
-0.22097750535710892,-0.11577739642955112,False,False
-0.21248337437840636,-0.11088809624139996,False,False
-0.22545158219103986,-0.1265570482440368,False,False
-0.2059298143180442,-0.09912746276093588,False,False
0.09051008868784352,0.0652065526320868,False,False
-0.2572859572467828,-0.15850819917826064,False,False
-0.2152034180737657,-0.1116818028228325,False,False
-0.2236677601419789,-0.1170415682137683,False,False
-0.2244332539914997,-0.11687332728612258,False,False
-0.15987594075597708,-0.06577247177570078,False,False
-0.21032043476752785,-0.10939641324164863,False,False
-0.2617160092830331,-0.16661377403148936,False,False
-0.20371739390411664,-0.10707184974180495,False,False
-0.2234472673256422,-0.11698461153079402,False,False
-0.21387373002208876,-0.10671262676316853,False,False
-0.20815179032591874,-0.10890346242398388,False,False
-0.21207795393818024,-0.1114307047334279,False,False
-0.2089656231721171,-0.1094795833689794,False,False
-0.22160107005748972,-0.11541076933125041,False,False
-0.23056077590656418,-0.12933052021887564,False,False
-0.2134228916336842,-0.11132764377634707,False,False
-0.20957203906672395,-0.10865493087476079,False,False
-0.19982182926979075,-0.09747897088735964,False,False
-0.18768743096493606,-0.09749321914266612,False,False
-0.22052163042192816,-0.11550477800420086,False,False
-0.21100161356854508,-0.11115131149993296,False,False
-0.7267488499333655,-0.48626761159399334,False,False
-0.18016265496497538,-0.08869053820957591,False,False
-0.20378619940866385,-0.10641169707136466,False,False
-0.19805465844276646,-0.10408780638010919,False,False
-0.22335749668186292,-0.11672350716441449,False,False
-0.19650660619683946,-0.10247035465940517,False,False
-0.2245425323720517,-0.1199208782737289,False,False
-0.2369354228063883,-0.12306523629653204,False,False
-0.19265747243985284,-0.09843063248146477,False,False
-0.18957002403909584,-0.0998376297505766,False,False
-0.23293459695793367,-0.12192812713571088,False,False
-0.22136957389640038,-0.11539298261589458,False,False
-0.21047771748020477,-0.11041038417557189,False,False
-0.20905289587919437,-0.10929561366550238,False,False
-0.16932583779112498,-0.06903337909059327,False,False
-0.2103588608992738,-0.10500820760493537,False,False
-0.18755405886693102,-0.09648448149013557,False,False
-0.13354300820214482,-0.04917708962740476,False,False
-0.22979245229996367,-0.1194605926697779,False,False
-0.2214886898368666,-0.11544062163546362,False,False
-0.2120020931826269,-0.11041661760286971,False,False
-0.21111783849960725,-0.11029091179721326,False,False
-0.19694124745848496,-0.10043571450402097,False,False
-0.19698104226528854,-0.10307297937777446,False,False
-0.19769605858321307,-0.10372665779098134,False,False
-0.1879917305455578,-0.09892708492470248,False,False
-0.19732015124887775,-0.09852472120227579,False,False
-0.18694910503754164,-0.08469084360273668,False,False
-0.19536469157688427,-0.10224725215275408,False,False
-0.2220914810168277,-0.11557261512578355,False,False
-0.21203508600062687,-0.11052536633790759,False,False
-0.46680950938028287,-0.3455235243520269,False,False
-0.2137111223091491,-0.11101763538036016,False,False
-0.2094920870748023,-0.1086184222323247,False,False
-0.22420336310743602,-0.1169750977226545,False,False
-0.19050102414864112,-0.08463026729691052,False,False
-0.210524358445752,-0.11006863656498973,False,False
-0.22377492387968256,-0.11661845517990971,False,False
-0.20538094663566947,-0.10763674555006683,False,False
-0.18632539885886634,-0.09664056989774913,False,False
-0.20517195359599266,-0.10679932592208591,False,False
-0.19090709307846712,-0.09287697936050071,False,False
-0.210351870119591,-0.1097724490001706,False,False
-0.22813342001572104,-0.12313880088514426,False,False
-0.22570405996591877,-0.11783545515463639,False,False
-0.13739828614328997,-0.04761078137973275,False,False
0.19957994995016026,0.20612983453895148,False,False
-0.2162331199300537,-0.11303211801682692,False,False
-0.1930887975552157,-0.10056195385955788,False,False
-0.22099284048751963,-0.12355042997276015,False,False
-0.24554988839348302,-0.12744242555463817,False,False
-0.22918575657721565,-0.11952484497268605,False,False
-0.16400474944482765,-0.06926999393012293,False,False
-0.565143897345782,-0.40703698344218453,False,False
-0.13405559091367356,-0.035118440500082504,False,False
-0.20121264553753382,-0.10553017753193644,False,False
-0.1980490419590392,-0.10364049701712573,False,False
-0.08911928544041074,-0.006614248517636586,False,True
-0.2809978307044164,-0.16082498912342097,False,False
-0.23602490935036313,-0.12332262705471475,False,False
-0.19057982908584262,-0.09725112702721175,False,False
-0.039058167719654764,0.03679075709044359,True,True
-0.21047383733528327,-0.11015566643361942,False,False
-0.2005856944825513,-0.10490789543857976,False,False
-0.2302183235717345,-0.11999715371481882,False,False
-0.22249414609823803,-0.13243749224053775,False,False
-0.19529288015673743,-0.1028868209494305,False,False
-0.20060308458853165,-0.10501097785270451,False,False
-0.21400297111404296,-0.11136679541556872,False,False
-0.1487130639219657,-0.05522018307087859,False,False
-0.08466103470454864,0.005817567543170258,True,True
-0.17503829065506343,-0.08052212919236341,False,False
-0.19480581873974795,-0.10219912640878966,False,False
-0.20663207368829128,-0.1078815503095841,False,False
-0.221200026542508,-0.11500525656426464,False,False
-0.23302831943693836,-0.12048802525132787,False,False
-0.2260992010752882,-0.11788565238868567,False,False
-0.17350954942305774,-0.08241969796829023,False,False
-0.15163993939766146,-0.05581411409379131,False,False
-0.20842615391999106,-0.1090394518393178,False,False
-0.215627125409689,-0.11268457407807235,False,False
-0.13040964231317706,-0.0529550952096723,False,False
-0.20293127054368926,-0.10546213527656376,False,False
-0.20955371362762965,-0.10977779334426208,False,False
-0.19250624098372543,-0.09928369745114654,False,False
-0.23245063813526368,-0.1316650406981959,False,False
-0.21640479490256978,-0.1128305821643596,False,False
-0.3499719239157751,-0.23706660777011504,False,False
-0.19540487375568755,-0.09843120687956552,False,False
-0.14029662434105505,-0.0626858021949424,False,False
-0.1486940619955952,-0.0673893456659942,False,False
-0.8217518317840926,-0.5393188357984589,False,False
-0.19262727481507375,-0.10083574505663304,False,False
-0.20326352843673595,-0.10646518510495859,False,False
4.391270381252921e-05,0.043407379538984776,False,False
-0.2014113194507482,-0.10426709538132323,False,False
-0.858736455521298,-0.6760179634260702,False,False
-0.24666389154476684,-0.13402340974910482,False,False
-0.2051942874502604,-0.10795248867374985,False,False
-0.20578701785300993,-0.11060492055772733,False,False
-0.21139276890221356,-0.10572309035746827,False,False
-0.19753394501031657,-0.1009383440624119,False,False
-0.20129594735708992,-0.10593343609145704,False,False
-0.18666713031876742,-0.09848431213034961,False,False
0.02068428653509226,0.08316599462966776,False,False
0.23522693775825934,0.1802228209030193,False,False
-0.19016956107655264,-0.09649495059408725,False,False
-0.21013569459003267,-0.1099983866821307,False,False
-0.20575764650704842,-0.10744926957638402,False,False
0.44096344120152764,0.3771519329494348,False,False
-0.2082019590419653,-0.10858600949987704,False,False
-0.22986853438961757,-0.12052725653567974,False,False
-0.22121368393427498,-0.11527288361895738,False,False
-0.19314417587733052,-0.09513646370957587,False,False
-0.21116496165450396,-0.11090880498974817,False,False
-0.17904146361292975,-0.08640715768229738,False,False
-0.22406042260820863,-0.11768674744247254,False,False
-0.5799030416748924,-0.37649368643930325,False,False
-0.20287993335987586,-0.10627913766929076,False,False
0.08320151275883278,0.1497352350572019,False,False
-0.2078127959905687,-0.10908536107709915,False,False
-0.1948892526979582,-0.10182685437343825,False,False
0.13189718718697413,0.15570311050571445,False,False
-0.1887662020246787,-0.09027328899893963,False,False
-0.20874381892739138,-0.10954266309447665,False,False
-0.20923417784947307,-0.10978688270520885,False,False
-0.19284479763394954,-0.0965763215274188,False,False
-0.21016209855748508,-0.11012657548966233,False,False
-0.22387301316351832,-0.11666893809764876,False,False
-0.2042553437146427,-0.10697575817150237,False,False
-0.12124782084541838,-0.03924172110884659,False,False
-0.20684637718328108,-0.10246619698193773,False,False
-0.19509579980413286,-0.09067791598440889,False,False
-0.28351451785887616,-0.15709861400557162,False,False
-0.15624300204170308,-0.06563294896786445,False,False
-0.20872995442870895,-0.10957707728678723,False,False
-0.2010542948686721,-0.09763704536308729,False,False
-0.18220432536429862,-0.08981915322918615,False,False
-0.2038697823877685,-0.10717299223667061,False,False
-0.20893868297935034,-0.10956566328022503,False,False
-0.21614223255777076,-0.11431276512910174,False,False
-0.19455878939068205,-0.09181217878071884,False,False
-0.17826816097910053,-0.07565365888657333,False,False
-0.18984422486197317,-0.09792321948569391,False,False
-0.19543424629299608,-0.1021552899138141,False,False
0.4084303273944472,0.4238412546826507,False,False
-0.3253895818199501,-0.19428615957783438,False,False
-0.8423278016171902,-0.5323688388711257,False,False
-0.1852080013032619,-0.09723264421680065,False,False
-0.19423080614411561,-0.10190557287464246,False,False
-0.1945737081694086,-0.10050579834825124,False,False
-0.22923112143772476,-0.12299175631261916,False,False
-0.21162468967030976,-0.10701160470831796,False,False
-0.20723409934153364,-0.10875354817711355,False,False
-0.22072745744121292,-0.11564893169284554,False,False
-0.2331218986447086,-0.12075194071976991,False,False
-0.22034051108608876,-0.11562850887978435,False,False
-0.1803090638239526,-0.09238315702126854,False,False
-0.20586934727109324,-0.09939619285180268,False,False
-0.21010579467773893,-0.11052555589738704,False,False
-0.19501992077740873,-0.1016217638800422,False,False
0.10977078644737151,0.1624969290026038,False,False
-0.15654989234475253,-0.06357602514889237,False,False
-0.1915342804681728,-0.09416466448388267,False,False
-0.19183055102515933,-0.10030700279746729,False,False
-0.2022808192798827,-0.10624233971110882,False,False
-0.20129252850395216,-0.10620408643030374,False,False
-0.19327629108099087,-0.10227340904221707,False,False
-0.18621031236456817,-0.08831594814627924,False,False
-0.19060847673373416,-0.09171491172437143,False,False
-0.21174817434621848,-0.1083048467587069,False,False
-0.21060124421664717,-0.10886598437321177,False,False
-0.7552726758735331,-0.5041495674440656,False,False
-0.21865761280670892,-0.11441754319062875,False,False
-0.23380445313722756,-0.1221522991985142,False,False
0.40546839584862604,0.38077124532978407,False,False
-0.18567215026246459,-0.09703779587968071,False,False
-0.2178340129634682,-0.11383273747352299,False,False
-0.8527381660730671,-0.7481526611400883,False,False
-0.1981902768280578,-0.10343622503969482,False,False
-0.22043147422857998,-0.11535489881972452,False,False
-0.2053604570123112,-0.10725876716933713,False,False
-0.20232333075428188,-0.09846158177025188,False,False
-0.22011697488366347,-0.11487663754107619,False,False
-0.18387244795051758,-0.0906996074933292,False,False
-0.19641576387863754,-0.10284832241626607,False,False
-0.1417929465564072,-0.04045627124213952,False,False
-0.19371999060863615,-0.09657651883629872,False,False
-0.21786818869678304,-0.11359122628779042,False,False
-0.20382363694071165,-0.10739837672211616,False,False
-0.21499441861535512,-0.11598592113768748,False,False
-0.2026354459388407,-0.10194585930125359,False,False
-0.35668648851663953,-0.22848801586249157,False,False
-0.20416219554952147,-0.09633683155752826,False,False
-0.192281002720381,-0.09484109974236615,False,False
-0.20214973611710182,-0.10559244137078823,False,False
-0.20359228041834407,-0.10635445348846398,False,False
-0.2266458317768729,-0.11681764398334808,False,False
-0.24256078466029357,-0.14307225411316954,False,False
-0.19262233207961138,-0.09605465232737324,False,False
-0.10291186561383442,-0.01690345220152183,False,True
-0.23279694360692876,-0.12122161550312634,False,False
0.41552576329810204,0.4751050698160859,False,False
-0.21108556944714815,-0.1101687233731674,False,False
-0.23475986765199663,-0.12187956638338832,False,False
-0.1988078112374129,-0.1040674503125125,False,False
-0.21575909950966954,-0.1128489836158004,False,False
0.04815530057651511,0.07144424553717262,False,False
-0.21139057469886122,-0.1110446249263138,False,False
-0.20705592852835975,-0.10924319006082166,False,False
-0.1993431303164453,-0.10426779427792701,False,False
-0.19875331190548615,-0.10449671578686576,False,False
-0.18152327208460356,-0.09066373390901677,False,False
-0.21329771464688682,-0.11138905269593134,False,False
-0.21649488774014092,-0.11316944689629498,False,False
-0.17042566994035235,-0.07442196027759324,False,False
-0.20608236953174514,-0.09879389485962634,False,False
0.08296151921792816,0.11725615972289183,False,False
-0.1945224151388381,-0.09894628214551558,False,False
-0.19035483692218505,-0.10000035986703171,False,False
-0.18871728488900535,-0.09580535381893515,False,False
-0.20525774630607327,-0.10790511791646465,False,False
-0.18856744765443095,-0.0996145791218558,False,False
-0.21822749407852596,-0.11518572214557335,False,False
-0.21445897635413863,-0.11194481948166636,False,False
-0.218333533313474,-0.11440987219518683,False,False
-0.1858148734510196,-0.0726327616599019,False,False
-0.21509721066823811,-0.09971319655589259,False,False
-0.21137800066302118,-0.10744580630359084,False,False
-0.1959924484833895,-0.10242412045794173,False,False
-0.14869907802691337,-0.06422500644428089,False,False
-0.23993225651057126,-0.12475084865460352,False,False
-0.20687023872198024,-0.10850589559184284,False,False
-0.22061020096631517,-0.1141808683998464,False,False
-0.14113507642205628,-0.057817760695967654,False,False
-0.2204357678530826,-0.11488733034458465,False,False
-0.1811904776672573,-0.08082736208700955,False,False
-0.1080812571849532,-0.02860751029810671,False,True
0.2488407065429354,0.2492092993113916,False,False
-0.09065578906494565,0.007279872438120276,True,True
-0.18813067565201413,-0.09904418716343216,False,False
-0.206864430243724,-0.10901459443813351,False,False
-0.8538154388380486,-0.7164923346164263,False,False
-0.20630532968031218,-0.10805374257976191,False,False
-0.7289878553429304,-0.4291638657257367,False,False
-0.2001449200540772,-0.10535817294152422,False,False
-0.16042860284966468,-0.07167518224258945,False,False
-0.21956654760075298,-0.11523224190282344,False,False
-0.21987237330756015,-0.11497286381161448,False,False
-0.22405089194024708,-0.1171281373270398,False,False
-0.2250367505611102,-0.11798031856963312,False,False
-0.21853431511137292,-0.11393495844137902,False,False
-0.17242866676179083,-0.08503044535043094,False,False
-0.20003849239905222,-0.10484933182337762,False,False
-0.2285135302556326,-0.1242405022966602,False,False
-0.20428119215881976,-0.10711600612042044,False,False
-0.20060944641871079,-0.10512207177740161,False,False
-0.17254047750013304,-0.08120279536481004,False,False
-0.23291154562094424,-0.12164786366026872,False,False
-0.20249497978425274,-0.10611411211423824,False,False
-0.16637902704456592,-0.07423365775778246,False,False
-0.20581949634681307,-0.10840816319240827,False,False
0.32368457595894984,0.29171940013476133,False,False
-0.24447141913200054,-0.1478359476010468,False,False
-0.1682777221920776,-0.0868765806555834,False,False
-0.1994680508923982,-0.10470473845849015,False,False
-0.1993175252152834,-0.10459282994484895,False,False
-0.19981795119258478,-0.09399466593620492,False,False
-0.8411888854524011,-0.6175125696158973,False,False
-0.1762893373073978,-0.08493343423427796,False,False
-0.21553879446948698,-0.11285195554489666,False,False
-0.1969322737865082,-0.09543330365847172,False,False
-0.20458661556360078,-0.10559025358119718,False,False
-0.21518111161878706,-0.11252338365981696,False,False
-0.2059373751233971,-0.10732125729414875,False,False
-0.20491750462302818,-0.10629451617872435,False,False
-0.8505991768333494,-0.7147011226964036,False,False
-0.23527824975539618,-0.12229102178409072,False,False
0.38567672627195904,0.2898740984620763,False,False
-0.35779684896933917,-0.25720533527533984,False,False
-0.1998674345017729,-0.10547494594617941,False,False
-0.14019028261714755,-0.05327675145408674,False,False
-0.19908177630341328,-0.10480300515266411,False,False
-0.21712551956481801,-0.11391603486004763,False,False
-0.24312757355821446,-0.1257918292485209,False,False
0.09488481564143375,0.1619952667396128,False,False
-0.2224466466982002,-0.11676511465049276,False,False
-0.19681647545096953,-0.10253690075018365,False,False
0.38589019209157627,0.46158172403652054,False,False
-0.22647175576138245,-0.11760460547886874,False,False
-0.2334792599162045,-0.12118130558331434,False,False
-0.19019598985570668,-0.09510121746691237,False,False
-0.23555366773539524,-0.12293905712060818,False,False
-0.1889424162315853,-0.09564138015617524,False,False
-0.22291826727837938,-0.11676787879909255,False,False
-0.2044314940842423,-0.10726585942063456,False,False
-0.2019085952297074,-0.10114680131780227,False,False
-0.2105666111507728,-0.11002212887229823,False,False
-0.2253854224554369,-0.11475300451790219,False,False
-0.18989440961361065,-0.09859987942105627,False,False
-0.21986041335661216,-0.12502873733853523,False,False
-0.16110625630152012,-0.058405877921238844,False,False
-0.226612365550049,-0.11802063615717635,False,False
-0.19737725730278166,-0.10214586552811938,False,False
-0.20308844199752443,-0.10649857015212223,False,False
-0.19915272189948036,-0.0924587839902051,False,False
-0.22037877045474874,-0.1146748329116859,False,False
0.13720885041101663,0.17778421975424644,False,False
-0.2037122049112887,-0.10652592309076195,False,False
-0.20534257543328155,-0.10214763480612275,False,False
-0.11125076669889741,-0.034591866036237984,False,False
-0.21066284506793787,-0.10997182931114549,False,False
-0.09660586263612368,0.0017264838168565139,True,True
-0.21471036342968097,-0.11217828787379251,False,False
-0.19057094778018452,-0.09271151348264177,False,False
-0.21786281172480487,-0.11454651200912494,False,False
-0.22898789621645593,-0.11748895641852079,False,False
-0.21613902726356882,-0.11309433265295613,False,False
-0.26472107310406545,-0.16210366004208687,False,False
-0.24281179123073043,-0.12648797578124688,False,False
-0.18825502093734287,-0.08810889766940844,False,False
-0.21292116865888844,-0.11131633070479018,False,False
-0.19734188589515825,-0.1004521443422485,False,False
-0.2000723803353028,-0.10717009917234718,False,False
-0.1981649868617046,-0.10308814458756028,False,False
-0.2776321303263842,-0.17530202491732555,False,False
-0.2260975470509022,-0.11751605432023057,False,False
-0.21189037180355602,-0.11055554966863257,False,False
-0.21614611821707572,-0.1124078426825763,False,False
-0.17449154173596146,-0.08193202889026813,False,False
-0.23945331513931606,-0.12480685902429081,False,False
-0.21842218024193008,-0.11410880219292294,False,False
-0.15496000589314415,-0.05517823773562201,False,False
-0.20710332584331806,-0.10807889484208993,False,False
-0.217958203027459,-0.11415531364253789,False,False
-0.196585312321588,-0.10345457307768198,False,False
-0.19335564309878234,-0.10125084237786408,False,False
-0.21295137717914558,-0.11168405230044991,False,False
-0.1917631424747477,-0.1006453155720253,False,False
-0.23109548980188888,-0.11900700817908541,False,False
-0.11847022238617112,-0.03030220962998082,False,False
0.46426571705663333,0.43743648436043264,False,False
-0.22902746126319024,-0.11842293529159388,False,False
0.017329134074003542,0.09447653016832161,False,False
0.4616084649373882,0.5507044176017813,False,False
-0.19471561025529066,-0.1002693854968619,False,False
-0.19443857006467397,-0.10216499437268625,False,False
-0.21460426359388335,-0.1121733466191905,False,False
-0.22267970505404458,-0.11673765918946884,False,False
-0.2013854615031255,-0.10442612181359279,False,False
-0.04364747752478549,0.04346239485005078,True,True
-0.20786100273002894,-0.10866562423072752,False,False
-0.07176195985235104,-0.007020756773279926,False,True
-0.18716305729793517,-0.0875266603245291,False,False
-0.22141971894685758,-0.11599458581755459,False,False
0.43414150572440635,0.3727243827037732,False,False
-0.22221999764971473,-0.11651081445369309,False,False
-0.003662277894772796,0.08498262933309625,True,True
-0.24897080776977082,-0.1409181540519149,False,False
-0.21500889255312508,-0.1140235788709876,False,False
-0.06649150537623197,-0.0011097893761851142,False,True
-0.21689226239245277,-0.11308899839251688,False,False
-0.1850272467936218,-0.09514631359862369,False,False
-0.16885329312059516,-0.06845588644828984,False,False
-0.2026691117670992,-0.10471730876356758,False,False
-0.21556132521918955,-0.11333257841301861,False,False
-0.6694794352672032,-0.4256229247516652,False,False
-0.19995729929673672,-0.10514370088585734,False,False
-0.19731665915834556,-0.10364056803057763,False,False
-0.16131439634403055,-0.0689072988707987,False,False
-0.01503163412790523,0.0650551172400308,True,True
-0.19165021565296098,-0.10031413002844636,False,False
-0.20338937116961647,-0.10651869560883195,False,False
-0.16183460928364476,-0.07612560319934314,False,False
-0.0868224219144525,0.011317273685648215,True,True
-0.20445186178647687,-0.1075572647010717,False,False
-0.1911645958744717,-0.10044919100551354,False,False
-0.21092984157112032,-0.11078051704885547,False,False
-0.20718572070766078,-0.10911201579323163,False,False
-0.43188391082111977,-0.2661075396064502,False,False
-0.23377408677123188,-0.12220243786373149,False,False
-0.24526962608840627,-0.12952695273127868,False,False
-0.20159737408780484,-0.10445769520164366,False,False
-0.214272932353964,-0.1113704511756821,False,False
-0.22820527613452996,-0.11925574839581823,False,False
-0.20195686637138638,-0.10604596111982029,False,False
-0.2022170810729534,-0.10557311313528084,False,False
-0.20656111262973872,-0.10859573703463649,False,False
-0.2148643678621236,-0.11238029580542215,False,False
-0.1979478599034052,-0.1032357603974615,False,False
-0.2087650864192762,-0.10925877219213923,False,False
-0.19770739819147784,-0.10380530968497423,False,False
-0.2065354017613767,-0.10845677592932194,False,False
-0.1853361863130505,-0.09776712695825857,False,False
-0.2105706563259376,-0.10798758912219883,False,False
-0.21624804574527615,-0.11321436943651837,False,False
-0.18831732980085863,-0.09695838395806658,False,False
-0.20976408966888882,-0.11288663426437262,False,False
-0.2749473519784923,-0.15679235285001733,False,False
-0.23791553157639617,-0.12420531532678525,False,False
-0.1318885557865152,-0.04963704608190102,False,False
-0.24720034646446012,-0.12845057627050138,False,False
-0.2016117685778722,-0.10589098819438761,False,False
-0.24039933366212174,-0.12503811809339288,False,False
-0.11476129544734057,-0.02196619411311864,False,True
-0.12973281818655996,-0.030083393638855014,False,True
-0.1946138527431385,-0.1023390341273498,False,False
-0.22926892185670245,-0.1192359498992304,False,False
-0.2686192410669088,-0.14776493605876884,False,False
-0.16098927666850435,-0.06048881660039791,False,False
-0.20881087192647318,-0.10919232827692231,False,False
-0.19505994103536184,-0.10215509366076385,False,False
-0.21834438246932875,-0.11371100818897399,False,False
-0.2379155348405877,-0.1243176649713207,False,False
-0.2083083680418204,-0.10945334751333788,False,False
-0.18526381427548996,-0.08120623484615798,False,False
-0.14940854616907026,-0.05050028090667191,False,False
-0.17606509400379863,-0.08084021523852986,False,False
-0.2167853714807751,-0.11351996537422668,False,False
-0.2062917636004556,-0.10811885224558308,False,False
-0.20251642165490094,-0.10591029622566378,False,False
-0.24276672849105935,-0.12731590891655378,False,False
-0.19651915737377984,-0.09618262614102756,False,False
-0.1290517713694509,-0.030782376385890077,False,True
-0.2126768231986531,-0.11193333013909723,False,False
-0.2837970210456581,-0.17231688271264387,False,False
-0.20766158705382073,-0.10966979421904516,False,False
-0.1786418323530842,-0.08394774545193219,False,False
-0.23437702332265897,-0.12215885649418026,False,False
-0.19997513973512002,-0.10260336292713827,False,False
-0.23406835884464589,-0.1345054040797227,False,False
-0.2053102561397641,-0.1070115858875315,False,False
-0.2089042110025187,-0.10929100665422091,False,False
-0.1994834822482529,-0.10003126987019444,False,False
-0.18919510219357807,-0.0994598405900922,False,False
-0.21346444321283073,-0.12487891684373874,False,False
-0.17468892174276235,-0.07981250809033293,False,False
-0.21430840879931648,-0.11205134627592722,False,False
-0.20442516543624598,-0.10503880098335698,False,False
-0.224818411969041,-0.11741702895927075,False,False
-0.21920313913006398,-0.11390247106521492,False,False
-0.18306327456966343,-0.095933493783119,False,False
-0.2352551393501327,-0.1232811581714271,False,False
0.4323962667467689,0.37286370903521265,False,False
-0.1989641620282404,-0.10437453275512279,False,False
-0.22796757524971684,-0.11889679359586608,False,False
-0.21278754858366766,-0.11135909863119242,False,False
-0.1266527728707192,-0.04725450723702513,False,False
-0.22197402735403535,-0.11580713230221736,False,False
-0.17107794339985188,-0.06494429539764911,False,False
-0.23256709280858012,-0.12119490539458656,False,False
-0.19226578760454222,-0.10148995429411858,False,False
-0.23074923720098522,-0.12063965111666752,False,False
-0.21443338323333586,-0.11179345444262578,False,False
-0.2398957147345504,-0.12514696092797023,False,False
-0.07629025595520182,0.02094315747565673,True,True
-0.8597490885574444,-0.7325346232843153,False,False
-0.18587979562848372,-0.09090754481481216,False,False
-0.174683632968235,-0.08357849521873754,False,False
-0.21200279545278355,-0.11145160949903415,False,False
-0.2096454503059017,-0.10955009070966247,False,False
-0.18869966038052113,-0.09524710178689547,False,False
-0.42567970308051295,-0.2621607779246065,False,False
-0.2831436024168985,-0.17814963130819567,False,False
0.47359011053988287,0.4975982352745652,False,False
-0.8487871989523295,-0.6385446006071256,False,False
-0.8473722678480333,-0.6873545845580841,False,False
-0.25247952503397564,-0.1533915446107951,False,False
-0.590345918253426,-0.41800096936174913,False,False
-0.22302789908800078,-0.12054128014157982,False,False
-0.215148974502792,-0.1096080077940158,False,False
-0.21566925271622273,-0.11221976981588277,False,False
-0.2228135114700319,-0.11594776223274303,False,False
-0.1943523717839085,-0.10054345758528761,False,False
-0.2284611392261436,-0.11931217718001666,False,False
-0.2066352644500124,-0.10681698522399552,False,False
-0.13000536121281162,-0.030158823191097715,False,False
-0.2135814869261095,-0.11154425331735691,False,False
-0.21230460711069804,-0.11156845173942835,False,False
-0.0652255338139604,-0.0075709302244269736,False,True
-0.2108738194305666,-0.10884700299978439,False,False
-0.21481113475018968,-0.11238300962301462,False,False
-0.17135632693640218,-0.08346327182849103,False,False
-0.14622940327876566,-0.054574335766227264,False,False
-0.21619216525971047,-0.11302737835021043,False,False
-0.18214615438381593,-0.09095065617379688,False,False
-0.21651802761456598,-0.11334029847988931,False,False
-0.23274115498724773,-0.12156503020975744,False,False
-0.0609577527876933,0.0014516264385471024,True,True
0.36553237886134926,0.3244290636721167,False,False
-0.23034701821732945,-0.12054923101382341,False,False
-0.19896364654368112,-0.10466983414425575,False,False
-0.22690007137100937,-0.11846001225785766,False,False
-0.198751151969176,-0.10423861287593472,False,False
-0.20163330379475913,-0.10566798543122081,False,False
-0.21117254871437652,-0.11056135749109312,False,False
-0.21305725409818554,-0.1116737208413325,False,False
-0.20413303793304044,-0.1065002895419004,False,False
-0.13714545584064589,-0.059681960738637636,False,False
-0.3563909508224902,-0.22080733636213842,False,False
-0.21075439499406917,-0.10953287376038624,False,False
-0.1489756672893605,-0.055258358644976836,False,False
-0.2075712056104398,-0.10869684468824643,False,False
-0.16759812050858666,-0.06765920847604338,False,False
-0.20173977474345742,-0.10603700105253949,False,False
-0.2533456953771871,-0.13885887561526422,False,False
-0.14349691484334054,-0.05462660278180667,False,False
-0.2181377613909475,-0.11420841584004318,False,False
-0.22124120640020656,-0.10936686202247863,False,False
-0.2223376155073311,-0.11686149080563454,False,False
-0.2149351022373642,-0.11210276933261046,False,False
-0.21767726362995313,-0.1139584378260006,False,False
-0.24802013850162719,-0.12945910736766283,False,False
-0.20652358653399736,-0.10810371242852264,False,False
-0.27422796121271065,-0.15761418901194188,False,False
-0.22370121895154554,-0.11544100526563197,False,False
-0.20957686725530617,-0.10912723068388751,False,False
-0.2147918538901039,-0.11261425165948034,False,False
-0.2125761800596853,-0.10988384076810824,False,False
-0.21558223083341177,-0.11264774992282797,False,False
-0.2441667150522772,-0.1269227115070976,False,False
-0.21092599498297754,-0.10501348394426183,False,False
-0.19439586447260138,-0.10176655028788188,False,False
-0.1589286318424087,-0.07382413289469622,False,False
-0.1952425572801315,-0.1006452150609157,False,False
-0.21738304212895182,-0.11334500810199413,False,False
-0.2075581604457497,-0.10854447277511985,False,False
-0.21840060383790105,-0.11308356283465641,False,False
-0.8491121336583756,-0.6986832333241348,False,False
0.446411249160896,0.33962071249123127,False,False
-0.21250127131189267,-0.11351037098600147,False,False
-0.19604275900711188,-0.102941953449676,False,False
-0.20676039254184322,-0.10689132971541451,False,False
-0.20374212229308067,-0.10634587845885066,False,False
-0.28598932435607544,-0.18961698852705816,False,False
-0.20807947643226085,-0.10753827418650827,False,False
-0.1849416787539972,-0.09762580595798924,False,False
-0.27523875360193467,-0.163767773895316,False,False
-0.18932132210272998,-0.09908233105271583,False,False
-0.10626559346819403,-0.03947549360161208,False,False
-0.22775104086720302,-0.11886433138456964,False,False
-0.19625569353986594,-0.10350516814373832,False,False
-0.2384683421881205,-0.12391920921947167,False,False
-0.19531720016327037,-0.10088981454302146,False,False
-0.20016266421786474,-0.10486464041966692,False,False
-0.1611142639497155,-0.06733509374716024,False,False
0.04086357546616883,0.05964416612820965,False,False
-0.2178801369482133,-0.10899954893132721,False,False
-0.1278577906987749,-0.04070249858208412,False,False
-0.20922011971006843,-0.10970802311191624,False,False
-0.8296567614046848,-0.7018886883886347,False,False
-0.20260175818853712,-0.10726614545896579,False,False
-0.16572311532846248,-0.0733070121267726,False,False
-0.2087342978061245,-0.10993950368549253,False,False
-0.21174914772199338,-0.11051552660627423,False,False
-0.18451524301817201,-0.09719359065322293,False,False
-0.20126744519432654,-0.10121282754150525,False,False
-0.13585897454381327,-0.05430604180068664,False,False
-0.22974468287246796,-0.12138762384690625,False,False
-0.2123070413960492,-0.11124630208058571,False,False
-0.22013167410215287,-0.1153207845330543,False,False
-0.21280574064175892,-0.11130352009783545,False,False
-0.2181772286926299,-0.11275372968064903,False,False
-0.20692864006054057,-0.1094869660668121,False,False
-0.2231429123389997,-0.11648310727997256,False,False
-0.22477501379555814,-0.11746134930759633,False,False
-0.2161586980368521,-0.11362981906123817,False,False
-0.21766595735283417,-0.11410489316146412,False,False
-0.19806984892392104,-0.10325463846004555,False,False
-0.210110067944549,-0.10969076563362075,False,False
-0.1401042418462163,-0.05210776803462841,False,False
-0.2016107909531728,-0.10591203336717987,False,False
-0.19658331361705766,-0.10289667563457114,False,False
0.44884468426350793,0.5238287888899189,False,False
-0.2279606618939549,-0.11899846539062545,False,False
-0.05492885423053488,0.010555612620162969,True,True
-0.2194813890697787,-0.11334708862341239,False,False
-0.03434598631425465,0.013757414118674514,True,True
-0.20369055140891248,-0.10663243909968179,False,False
-0.20611565319235392,-0.10305199209168864,False,False
-0.18732309644643563,-0.09870321576948445,False,False
-0.22832058153742005,-0.11910119381454223,False,False
-0.8451248955319269,-0.6276569818992578,False,False
-0.19612622687179285,-0.10330919797412913,False,False
0.3749218433217256,0.4097753984935202,False,False
-0.17669361744123518,-0.08460872598622105,False,False
-0.18863670268788219,-0.09916774225838362,False,False
-0.21186516056809573,-0.1061522538845407,False,False
-0.2017051675304329,-0.10570818544611613,False,False
-0.2166639389622224,-0.11317114399762329,False,False
-0.20665269058286484,-0.10797037901686707,False,False
-0.23241244814935552,-0.12078017186331896,False,False
-0.19829618348758432,-0.10365787280071392,False,False
-0.207628312853872,-0.10897759429149408,False,False
-0.22114490623862323,-0.1150572313347057,False,False
-0.21426380941597745,-0.11163105778498689,False,False
-0.20629613000097383,-0.10649077341936225,False,False
-0.20217354031382767,-0.10599929436060208,False,False
-0.2174721461572544,-0.11420029541900498,False,False
-0.22504619802473189,-0.11744914764268465,False,False
-0.23964484321015334,-0.13133560384504625,False,False
-0.061672762203961125,0.019102158489466742,True,True
-0.1640414644552219,-0.07189268521221866,False,False
-0.19260489246850135,-0.09834057654271877,False,False
-0.21487335346534286,-0.11206327101877203,False,False
-0.1914778974445415,-0.10036332252005388,False,False
-0.14010364298305228,-0.042058849577124593,False,False
-0.19516458653830998,-0.09298022263457777,False,False
-0.19037768593599938,-0.09989741891860192,False,False
-0.13183848961853212,-0.03582847075212165,False,False
-0.840022616971966,-0.5778105600312726,False,False
-0.24015880440019155,-0.134108617862826,False,False
-0.21607159245249596,-0.11334375377409461,False,False
-0.21510176056095603,-0.11232321088976077,False,False
-0.6464044717617847,-0.46110366434208233,False,False
-0.16435706576668674,-0.0761645698981068,False,False
-0.8362831024336981,-0.7129871488862218,False,False
-0.2020932368693649,-0.10699586955629106,False,False
-0.15961837515167282,-0.07046247565494856,False,False
-0.4186908844482743,-0.2902572074065854,False,False
-0.19926871151192388,-0.10409408947195897,False,False
-0.21760851690252314,-0.11386347211121632,False,False
-0.2142584872758495,-0.11125470807371438,False,False
-0.22689961459702804,-0.1190079013752248,False,False
-0.18791491850603464,-0.09921825643259348,False,False
-0.18937532392373027,-0.09182218045044716,False,False
-0.09541275598476254,-0.02040351156836951,False,True
-0.2466051174147561,-0.13432640517178937,False,False
-0.2349788802366212,-0.13339517489919273,False,False
-0.22257425407882672,-0.11586636701757362,False,False
-0.20820662355675906,-0.10856877280072519,False,False
-0.12777898111786534,-0.02971205927558787,False,True
-0.22783919909263078,-0.11849098162093509,False,False
-0.21214248903314673,-0.11088295838632503,False,False
-0.21164590698973296,-0.10718652479880744,False,False
-0.21905099364647657,-0.1141625174980541,False,False
-0.42424489447020336,-0.2984490224134552,False,False
-0.0032010774441756235,0.06847718073633631,True,True
-0.05270198842228019,0.043773310053250566,True,True
0.4273098108425752,0.3059209981330452,False,False
-0.21310387717048646,-0.11152448735251635,False,False
-0.20112170427339437,-0.10550973509832207,False,False
-0.19495635492424065,-0.10222019811639732,False,False
-0.21300653973344436,-0.11108376229700728,False,False
-0.1968413412000731,-0.10376383912538464,False,False
-0.21885622951537367,-0.12387819999957975,False,False
-0.22278164396426872,-0.1162866337764488,False,False
-0.19890509390226707,-0.10423611686606477,False,False
-0.18476554646145757,-0.09761015230897215,False,False
-0.22653375714964374,-0.11837649081063692,False,False
-0.22321564977383546,-0.11673933374618407,False,False
-0.1973626274645929,-0.10282107699021936,False,False
-0.18602099706017255,-0.0975587001453827,False,False
0.42599162741113417,0.46144487839985826,False,False
-0.23249661975005775,-0.12202659852088972,False,False
-0.21062248774183281,-0.11005175913456741,False,False
-0.22600297230095703,-0.11881355176563228,False,False
-0.2045802754528932,-0.10725622618545608,False,False
-0.19438620313428787,-0.09765218257211969,False,False
-0.18818320316146797,-0.09835724564723358,False,False
-0.19411502925557075,-0.10225667980695263,False,False
-0.11168067049005975,-0.038884443350928076,False,False
-0.1967259947649686,-0.10325132992905298,False,False
-0.20435287281080639,-0.10582057197917806,False,False
-0.19605446789536354,-0.10312384694025212,False,False
-0.19802366325538523,-0.10340987095473075,False,False
-0.23066197545772982,-0.12032229797231588,False,False
-0.2167980344974866,-0.11302457235437048,False,False
-0.22032728502213414,-0.11472561675448821,False,False
-0.19741614715188022,-0.1034647273495136,False,False
-0.2050061334514861,-0.10715077515810213,False,False
-0.19884621318536505,-0.10355150066547072,False,False
-0.23595612746839062,-0.12290640655405424,False,False
-0.22763879256487554,-0.11863309416708397,False,False
-0.2062752830738053,-0.10844674757429311,False,False
-0.21011001669814622,-0.1075090581184816,False,False
-0.21802041277769382,-0.11404383893660905,False,False
-0.1940481030779454,-0.10164856609276009,False,False
-0.18980534243274155,-0.08940150168694065,False,False
-0.22786797638295203,-0.11856334700922111,False,False
-0.21402676861382963,-0.1100356089227704,False,False
-0.19270927582355124,-0.09981018092611371,False,False
-0.20906131857013047,-0.10932796524577984,False,False
-0.1992266923414692,-0.10452245083629627,False,False
-0.22309917423081252,-0.11669118310245638,False,False
-0.21629774812328184,-0.11246623980248646,False,False
-0.22396990767697786,-0.11478165201755215,False,False
-0.21045751059824785,-0.10934351653743368,False,False
-0.8267120637090744,-0.6158496252486142,False,False
0.08227810518577626,0.0869957305154097,False,False
-0.17337149735217272,-0.08156339171007773,False,False
-0.1891110428522305,-0.099651699994316,False,False
-0.11025783143918963,-0.026084540183437407,False,True
-0.17914089829239405,-0.08708745153816727,False,False
-0.2102994391115109,-0.11012998263633789,False,False
-0.8465564472799499,-0.506272414776641,False,False
0.4137399582426574,0.5155564538731968,False,False
-0.21381281269121605,-0.11223007470809485,False,False
-0.21355278517000945,-0.11133394329329738,False,False
-0.2035077707203868,-0.1046593748709887,False,False
-0.18650347447575125,-0.09360731724470023,False,False
-0.19553711459957526,-0.10220628503244689,False,False
-0.21735078689163756,-0.11002996906119948,False,False
-0.20914307808124075,-0.1093824936349245,False,False
-0.22097427077719192,-0.11546158160698922,False,False
-0.238338208380731,-0.1316813994814985,False,False
-0.21382688466275657,-0.11040986361118175,False,False
-0.06775535902157895,0.007127961075193517,True,True
-0.18706580292873493,-0.09569489075425892,False,False
-0.20907795480734892,-0.10900184758070613,False,False
-0.20193147620136903,-0.10560775150513395,False,False
-0.24215256740973048,-0.12658380227569083,False,False
-0.2375579784023232,-0.12426647011547609,False,False
-0.3603957998145557,-0.21871703841034723,False,False
-0.22427407716719958,-0.11786181778403565,False,False
-0.2144728570481593,-0.11214531356889579,False,False
-0.1675220577928508,-0.07950673965412694,False,False
-0.20923764532047703,-0.10700816889080922,False,False
-0.21638643531710855,-0.11354847970021217,False,False
-0.31215784224374543,-0.19546337133596703,False,False
-0.21163616713183103,-0.11067042647982805,False,False
-0.189035844170112,-0.09510066287893673,False,False
-0.0943149967995399,-0.001734583055029798,False,True
-0.20297113629404342,-0.10607446639190374,False,False
-0.22047521910664053,-0.11534126274846852,False,False
-0.206438125695115,-0.10863248013158133,False,False
-0.1274008654180935,-0.03577826748863808,False,False
-0.1898979205723373,-0.10005876004131331,False,False
-0.2164474757874536,-0.11408746281682522,False,False
-0.21260939839875864,-0.10948151824215312,False,False
-0.22666464017090365,-0.1180826734658264,False,False
-0.36458016201390675,-0.24423839529083044,False,False
-0.24078679826479618,-0.1252218077067263,False,False
-0.1921990698902819,-0.10109326080600367,False,False
-0.15564659648340426,-0.06266473187870844,False,False
-0.0012414771061507388,0.07856927450216387,True,True
-0.24078020601126157,-0.1301254894300688,False,False
-0.19486655442341116,-0.10264689934788734,False,False
-0.0005539821760866953,0.05511716645854513,True,True
-0.22900027533660788,-0.1149333175687888,False,False
-0.21725096921864756,-0.10881005904305727,False,False
-0.2455495023276673,-0.12785312336716725,False,False
-0.20305578774767197,-0.10658493547643595,False,False
-0.24627244942160786,-0.1362117205974129,False,False
-0.2167166871104418,-0.1164989274963231,False,False
-0.2084725587183912,-0.10941748943079241,False,False
-0.20129347895973615,-0.10560886224594777,False,False
-0.21513728711468927,-0.11205590676739897,False,False
-0.2079603832135025,-0.10769977719105628,False,False
-0.03684535476012141,0.03365803224563603,True,True
-0.2322737476059587,-0.12063363839995278,False,False
-0.19182557390288968,-0.10123312410454076,False,False
-0.27274091711838755,-0.16140404590313984,False,False
-0.20084462425775676,-0.10536937463611916,False,False
-0.19259489353172504,-0.09992156788624215,False,False
-0.2109475383554399,-0.10664075863674764,False,False
-0.2165095476747826,-0.1131421383752866,False,False
-0.22959060068782827,-0.11966369736843585,False,False
-0.20526978982109878,-0.10764523137018837,False,False
-0.20914631629046632,-0.10918451344212896,False,False
-0.20008305079201696,-0.10479752855710175,False,False
0.019263456122125225,0.08290845840583486,False,False
-0.20704938772047968,-0.10854145672471233,False,False
-0.21083659800788634,-0.11068144428197756,False,False
-0.20404559323332885,-0.10744565111845175,False,False
-0.23664909485284094,-0.12940413954147303,False,False
-0.3986004216163145,-0.25644452691001285,False,False
-0.19704706979354392,-0.10409660208351856,False,False
-0.21711352199436781,-0.11751577204965526,False,False
-0.22989079774502624,-0.11978183517964439,False,False
-0.20136731710415082,-0.10550371688468674,False,False
0.050549011470606725,0.12797650908863656,False,False
-0.219929805447585,-0.11508662658742838,False,False
-0.2211107921835067,-0.114885583035727,False,False
-0.45421233818982293,-0.32455104337307705,False,False
-0.22823906830280083,-0.11570665792887931,False,False
-0.20331757152935853,-0.10904749477374598,False,False
-0.18554965546655144,-0.09774879751185869,False,False
-0.2413736652224452,-0.12682160641080556,False,False
-0.21256949721316717,-0.11108637776280916,False,False
-0.2372989350862723,-0.12371948405028454,False,False
-0.38604724545862534,-0.274876656687482,False,False
-0.20911290484055098,-0.10910988450960182,False,False
-0.22156072252181055,-0.11566341401059314,False,False
-0.22728942170439836,-0.11914434726322343,False,False
-0.2543027678575115,-0.15264620630527262,False,False
-0.18289199529830366,-0.09585253159969714,False,False
-0.21581146921432773,-0.11318598219323675,False,False
-0.22241522616232468,-0.11641860338788407,False,False
-0.19876215396309876,-0.0989760970571325,False,False
0.07516997318571526,0.14723572906562593,False,False
-0.20894430898418492,-0.10914057130732777,False,False
-0.20758812164305196,-0.10858148613209197,False,False
-0.2061705628832618,-0.10795344467080892,False,False
-0.21065142961519515,-0.11520472860120834,False,False
-0.20535635270511637,-0.10659950215423228,False,False
-0.2293297038437439,-0.11944581221990251,False,False
-0.20307081094764248,-0.10636860273037975,False,False
-0.14883880720526632,-0.04842722689758415,False,False
-0.21463261704182096,-0.11140980102889758,False,False
-0.24694092328671752,-0.15204795367088836,False,False
-0.37073103809906754,-0.2564321574475722,False,False
0.1610339728917779,0.21011947920923474,False,False
-0.2255031885211167,-0.11775187290742652,False,False
-0.2052091021386947,-0.10283062165577936,False,False
-0.21049591195377365,-0.11002053160893992,False,False
0.37893750546368143,0.46488372011016477,False,False
-0.2294605518450086,-0.11941625214372988,False,False
-0.17914176638815685,-0.08804306806053355,False,False
-0.2328975633270285,-0.12146153628610046,False,False
-0.8498984094265842,-0.755909255200546,False,False
-0.16792420571044817,-0.059335799848044414,False,False
-0.2431531916021813,-0.13190788068076575,False,False
-0.20407900816531438,-0.10693764541884693,False,False
-0.19869120003801938,-0.0975995685354264,False,False
-0.190176678416923,-0.09995576581153713,False,False
-0.1982723530590388,-0.10477044824255821,False,False
-0.222096600291357,-0.11458492392611778,False,False
-0.20265348042617862,-0.10344076082946092,False,False
-0.2148238110642873,-0.11180413906421198,False,False
-0.1959002331487049,-0.10254299849587488,False,False
-0.08984165408720358,-0.0055208676017362915,False,True
-0.2064957469390259,-0.1076515130593925,False,False
-0.1969736923794359,-0.1025409957621862,False,False
-0.22946253938741845,-0.11953955254262848,False,False
-0.21642768169132395,-0.11343157882791463,False,False
-0.19367220228194748,-0.10165247925317089,False,False
-0.04835093581799023,0.006985074567673062,True,True
-0.31442565798038585,-0.18991997220813195,False,False
-0.27862218822732904,-0.1748704999290969,False,False
-0.19585530415132207,-0.1025779274193911,False,False
-0.1885885498568471,-0.09888005207690995,False,False
-0.22151266506543377,-0.11550735420177995,False,False
-0.2255816060795639,-0.12066903237841625,False,False
-0.20998304873349316,-0.11037220207121652,False,False
-0.23130310282070027,-0.12627750219112688,False,False
-0.20152994416454711,-0.10587543609527986,False,False
-0.23223384231326472,-0.12047005144619437,False,False
-0.21585570646944002,-0.11288792119261072,False,False
-0.208953700704183,-0.10764467559920837,False,False
-0.20643736523492068,-0.10771334517525533,False,False
-0.20588201653214872,-0.10815914783773162,False,False
-0.2059573627298758,-0.10570149471928778,False,False
-0.20929059193636868,-0.10946507451825307,False,False
-0.1987588054300463,-0.10241308266569957,False,False
0.45479942573164706,0.29104293433745565,False,False
-0.21416974241272954,-0.11171581315342505,False,False
-0.20090653816607584,-0.1054577402865419,False,False
-0.22265535732761668,-0.1162726185149574,False,False
-0.2275072352256966,-0.11872543939379883,False,False
-0.2020948656185063,-0.10621349073191791,False,False
-0.1721690529459727,-0.07634837460833362,False,False
-0.046105190751089285,0.03787979400830397,True,True
-0.2300577275041124,-0.12087755209124698,False,False
-0.19511333660813662,-0.1026012545672699,False,False
-0.20323568705182118,-0.10237749054762066,False,False
-0.21651201762733424,-0.1133492399670667,False,False
-0.2005047415014602,-0.10542981754552054,False,False
-0.2055785765039564,-0.10827352806310456,False,False
-0.19443915185732333,-0.09889132685839357,False,False
-0.1768492747904029,-0.0870038878219089,False,False
-0.2190729653413291,-0.11453421096485161,False,False
-0.19060083957647192,-0.10015184462642311,False,False
-0.20063308013318246,-0.10531026288767054,False,False
-0.20090222083268547,-0.10593575359593174,False,False
-0.2167377568385358,-0.11332906628881777,False,False
-0.23490229495509427,-0.12240852301601768,False,False
-0.2268449585129421,-0.11836532876284353,False,False
-0.18531721262301704,-0.07953701465626863,False,False
-0.22286977466288835,-0.11604749411850217,False,False
-0.4448355772679983,-0.28329432790116316,False,False
-0.21515026667915252,-0.11224109990606632,False,False
-0.2158833809314573,-0.1125870630060618,False,False
-0.39266675960146674,-0.24478502660232188,False,False
-0.21655860036666236,-0.11289238112006444,False,False
-0.20334677771657134,-0.10657804554364728,False,False
-0.20114756759969912,-0.09992670659996454,False,False
-0.19976547476091347,-0.1051002353679361,False,False
-0.20866838836043233,-0.10972066196174259,False,False
-0.20318733883806225,-0.09196643532810406,False,False
-0.20476993187787085,-0.10633207701401377,False,False
-0.17534543700543587,-0.09283261575269439,False,False
-0.20088814505383537,-0.10513434981274448,False,False
-0.22602428701846328,-0.11668294232415614,False,False
-0.19952200369695638,-0.10281521025500853,False,False
-0.19214760901725475,-0.0998983303675596,False,False
-0.21319832189490476,-0.11107740212714515,False,False
-0.2101550405683242,-0.11012068235243688,False,False
-0.19012728705977117,-0.0888754256592728,False,False
-0.1829590566540813,-0.0921943077417654,False,False
-0.20879397719137108,-0.10758086056640612,False,False
-0.07144239126826549,0.00258594920287146,True,True
-0.1951497649953767,-0.10273299871173461,False,False
-0.19405864783820498,-0.10220732086822851,False,False
-0.20544842814612987,-0.10732090831256427,False,False
-0.2184143374737853,-0.11413479721026848,False,False
0.38401002673101114,0.2608442793047445,False,False
-0.1553278283694779,-0.0673180269709616,False,False
-0.1871515596427418,-0.09672719442190789,False,False
-0.21262585601696074,-0.11074166334875293,False,False
-0.20737378645588522,-0.10840578900058825,False,False
-0.19877064183736526,-0.10494964933642598,False,False
-0.20792373179504758,-0.10912544005652236,False,False
-0.12061454954877568,-0.019259946051116687,False,True
-0.22849130933960826,-0.11906683818795095,False,False
-0.21727094680812195,-0.1134361093147215,False,False
-0.20196934728300825,-0.10559833242868012,False,False
-0.2197647499314273,-0.11464878463572221,False,False
-0.18367015588175578,-0.08321008759682554,False,False
-0.20371574803908424,-0.10719487389635637,False,False
-0.22503340243793146,-0.11824329894014603,False,False
0.37386388316759656,0.3112595137446558,False,False
-0.285586211056447,-0.18360355524493505,False,False
-0.13275298515487277,-0.028972463787350248,False,True
-0.2869230584421689,-0.17472021413987857,False,False
-0.18388673548379014,-0.09290686575593092,False,False
-0.2122358877221583,-0.10685307642860983,False,False
-0.1949761775346709,-0.10201060383177224,False,False
-0.18330755416455513,-0.09690066056284563,False,False
-0.20191831907666097,-0.10544696342025285,False,False
-0.20571026392116826,-0.1082677458180427,False,False
-0.20758051531969415,-0.10923080697960501,False,False
-0.21301715491734877,-0.1116710267355438,False,False
-0.2039623106877593,-0.10688507600226592,False,False
-0.24536990980828607,-0.12822019516210384,False,False
-0.19241078016077115,-0.10121059104823726,False,False
-0.20734092558239817,-0.10763651556958179,False,False
-0.19848658654882967,-0.10416169492598726,False,False
-0.21064386097715754,-0.11007085657767222,False,False
-0.24959152657355538,-0.1298441012105345,False,False
-0.21273597889012652,-0.11076708113666793,False,False
-0.2015513912708536,-0.10552205040563133,False,False
-0.19542151306333408,-0.09586302080360182,False,False
-0.14674643034495893,-0.04950306985037391,False,False
-0.210643511399296,-0.10928814919856603,False,False
-0.1974144072880757,-0.0984593511814219,False,False
-0.17485449035838013,-0.07759851933402137,False,False
-0.19605007784541406,-0.10255167104553384,False,False
-0.16849213666760993,-0.06710304996566893,False,False
-0.21428049653349912,-0.1128429626926118,False,False
-0.2731287110759343,-0.16444333368047773,False,False
-0.205032436612647,-0.10738512095796005,False,False
-0.20692713257059966,-0.10838566809958565,False,False
-0.21876218579204687,-0.1171839483356239,False,False
-0.19727108581178837,-0.10377587324285532,False,False
-0.22248321221143913,-0.11579346500841153,False,False
-0.1951642651906223,-0.10097974151961522,False,False
-0.61646165216885,-0.38862737880607606,False,False
-0.21724530807137035,-0.11359019212745709,False,False
-0.20352635733241975,-0.10431344118409706,False,False
-0.22629939083698963,-0.11819743695182214,False,False
-0.1983024694999814,-0.10393885609079792,False,False
-0.1801954069653247,-0.0855203480678,False,False
-0.20855729566438477,-0.10804712623966184,False,False
-0.21106607930549143,-0.10812649330257035,False,False
-0.20774656633284377,-0.10899477860417804,False,False
-0.2050695185557113,-0.10776851925255125,False,False
-0.24082255891520227,-0.1259763711079735,False,False
-0.2262775573252242,-0.11869727254750667,False,False
-0.0016674883117385117,0.07763591249722933,True,True
-0.18162822739397577,-0.09529062766054963,False,False
-0.23251552325000513,-0.11898797692426685,False,False
-0.20735372008857503,-0.10747261549773884,False,False
-0.21049874870737234,-0.1103713986683192,False,False
-0.2839445654921263,-0.1867527473287295,False,False
-0.21511610724256325,-0.11072116085332148,False,False
-0.19825203480924175,-0.10373320467963722,False,False
-0.1977164004347901,-0.10327880147360705,False,False
-0.21439847772801762,-0.1120171982951706,False,False
-0.16105009793039093,-0.060197610974635704,False,False
0.03393747276641398,0.07774494644300667,False,False
-0.22999556329547666,-0.11958208864699243,False,False
-0.19058493047859068,-0.10017240574287009,False,False
-0.21239651260202178,-0.10003681573322336,False,False
-0.221470674525027,-0.11535418447885695,False,False
-0.22030240080408167,-0.10398865450456385,False,False
-0.21101300914607105,-0.11064154279351622,False,False
-0.17493223311046696,-0.08298509466682366,False,False
-0.21419071147580676,-0.11169552013181244,False,False
-0.21049561747583584,-0.1101288611510737,False,False
-0.21426160341634756,-0.11119801063310014,False,False
-0.2048556994309822,-0.10724437248637497,False,False
-0.1959092021549595,-0.10202013497332985,False,False
-0.1954083092370075,-0.09763177802611461,False,False
0.24767465430647642,0.23277291000104627,False,False
-0.07392101160953651,0.0028448492793144153,True,True
-0.13813526434513035,-0.060064793478396224,False,False
-0.2390654941813019,-0.12431285272359374,False,False
-0.20988089712513597,-0.10983424354727502,False,False
-0.195603540028892,-0.10222309575200991,False,False
-0.19130403467363621,-0.10049764880489162,False,False
-0.4963747665690362,-0.3192489157847643,False,False
-0.20364160136816656,-0.10601952519966346,False,False
-0.202744964141768,-0.10260467513101146,False,False
-0.1966348990674381,-0.10343257064739969,False,False
-0.22284833856108865,-0.11560441040845698,False,False
-0.2160737092030522,-0.11081495636593285,False,False
-0.19978311344056307,-0.10308176720470996,False,False
-0.21215854870371548,-0.10302840703637585,False,False
-0.20382530426735462,-0.106684286657732,False,False
-0.2084008734440512,-0.10558240192711756,False,False
-0.19605134183194473,-0.10255225018177197,False,False
-0.1929061373973336,-0.10132706682310313,False,False
-0.16382407161202933,-0.06882812031895386,False,False
-0.2050300714467813,-0.10729260836467057,False,False
-0.249698921027955,-0.14568619397208685,False,False
-0.20068457379203394,-0.1000547957035702,False,False
-0.16816416656117766,-0.06839914989223153,False,False
-0.19610341477369808,-0.10285612912118093,False,False
-0.19447073924519415,-0.10211349456138558,False,False
-0.20008320507891902,-0.10426515497086053,False,False
-0.1986662448557602,-0.1027214667659952,False,False
-0.19032159981773067,-0.09809508505420261,False,False
-0.2178723082571172,-0.11018358078773273,False,False
-0.20041660819927143,-0.10520589703719667,False,False
-0.8476591224284125,-0.5288435109772897,False,False
-0.21149945873525908,-0.10661767123054874,False,False
-0.19499442563345856,-0.09863952894141631,False,False
-0.19336639270146136,-0.09492309482230657,False,False
-0.22093485806575766,-0.11555903382486875,False,False
-0.2180794553566824,-0.11360053738273083,False,False
-0.22579910279116938,-0.11760705209125363,False,False
0.1630586593661592,0.16370404605183397,False,False
-0.19897016106660959,-0.10375346856982708,False,False
-0.20322730828532087,-0.10576937870872632,False,False
-0.19026123215333135,-0.09180945641473216,False,False
-0.22483929524585008,-0.117781137421264,False,False
-0.2004268302623107,-0.10579206893352133,False,False
-0.2000358515511363,-0.09763948299381038,False,False
-0.1993414244744612,-0.10446277558973203,False,False
-0.22276072708914063,-0.11646912514366503,False,False
-0.21260070073977788,-0.11154917905249677,False,False
-0.19629704281493082,-0.10257040000770261,False,False
-0.16751402957288447,-0.06904797673076936,False,False
-0.19297162623676076,-0.10131238441685345,False,False
-0.21401221414124905,-0.11192291831520679,False,False
-0.2054813459167855,-0.10735221429174983,False,False
-0.8437816271397798,-0.7403101970180884,False,False
-0.19932158499022404,-0.10444410057686487,False,False
-0.4003781532447887,-0.2947141982004843,False,False
-0.1608482442644447,-0.06790071769793522,False,False
-0.18011872240030982,-0.09478738450519456,False,False
-0.2195351011189115,-0.11471179259186669,False,False
-0.1920046052629409,-0.10040883709103557,False,False
-0.19293433031056909,-0.0932575733276986,False,False
-0.21032215105463337,-0.10959045319415925,False,False
-0.19144659676622344,-0.10027883997280948,False,False
-0.4819088823570701,-0.3286989614855659,False,False
-0.2080987674034389,-0.10866627343925547,False,False
-0.23006637399083732,-0.11503191181489547,False,False
-0.2155096956501486,-0.11296718573463883,False,False
-0.20677879447433203,-0.10789509882735746,False,False
-0.44058014460818173,-0.2852928436901584,False,False
-0.21235280988074223,-0.11096560042938158,False,False
-0.21570612247864623,-0.11243860527268515,False,False
-0.21071383356958953,-0.11066005372137518,False,False
-0.20035578629310097,-0.10508688653303452,False,False
0.00730708589716688,0.04549245320792245,False,False
-0.21864822568762454,-0.10926462579511674,False,False
-0.1310967835672993,-0.05142194043732202,False,False
-0.21681318952695058,-0.11304361298495465,False,False
-0.1960595799187355,-0.1027029029979271,False,False
-0.35060705706959816,-0.23690587943450908,False,False
-0.20166853888097708,-0.10579829136464204,False,False
-0.8458097278740453,-0.7152809295366349,False,False
-0.003059125785465258,0.06465505578570159,True,True
-0.1924125507692096,-0.09741198390559673,False,False
-0.2067726243658356,-0.1087649962583579,False,False
0.4694273411634479,0.4796174330395971,False,False
-0.18861516763556385,-0.09753831677228524,False,False
-0.20903238671141072,-0.10910365848372247,False,False
-0.20024087091756457,-0.1041820059938757,False,False
-0.19445077705401137,-0.10208163077708618,False,False
-0.21484953419762604,-0.11303600331250335,False,False
-0.19785404753120012,-0.10386155465149942,False,False
-0.21007274771728518,-0.10603002850210734,False,False
-0.19848930459639935,-0.10393665892004592,False,False
0.2167880271335061,0.2178908188295212,False,False
-0.15543435041590423,-0.061934222096777014,False,False
-0.21444614285835192,-0.11260951785926583,False,False
-0.21309086364390656,-0.11145780018552595,False,False
-0.1316535571342542,-0.0404833661811712,False,False
-0.19794011152537738,-0.09523543466952425,False,False
-0.20451929308813002,-0.1066498062767722,False,False
-0.1910065372964583,-0.10057876786329549,False,False
-0.20018546144603955,-0.10479973076819658,False,False
-0.21830249085783615,-0.11103261928169537,False,False
-0.20423901779492437,-0.10694615096174721,False,False
-0.23556726032825018,-0.12299286638995659,False,False
-0.5433442265445743,-0.39708523169583626,False,False
-0.8552605579194753,-0.4138309723490036,False,False
-0.2101389670498886,-0.11038107869698831,False,False
-0.21019163002755498,-0.10908757759225506,False,False
-0.19698067665671246,-0.09712922783345618,False,False
-0.2008449462555996,-0.10512471166239601,False,False
-0.20327888560931956,-0.10663584374675598,False,False
-0.2155860436470642,-0.11250001184789063,False,False
-0.19659535880735177,-0.10321016219154587,False,False
-0.21480500374639858,-0.1127309565441573,False,False
-0.8385542355733783,-0.6080780449316745,False,False
-0.1996627222302896,-0.10437413102581804,False,False
-0.1937548999478677,-0.10145836816117047,False,False
-0.8453018943271191,-0.6868379824303149,False,False
-0.22049227779172945,-0.11457137417885668,False,False
0.08181748105913826,0.11163858399812134,False,False
-0.19580788006862512,-0.10316492187922106,False,False
-0.22431343756725375,-0.11774895052238633,False,False
-0.20955378405736563,-0.10944079117512462,False,False
-0.18831032744959664,-0.0985350745035286,False,False
-0.2291909281867693,-0.11743229020592616,False,False
-0.20550573892575602,-0.1078600251005893,False,False
-0.2683825871780934,-0.1643266517067715,False,False
-0.15522665288080126,-0.07441114469201437,False,False
-0.21233970764979965,-0.11220211549036829,False,False
-0.22217159767129685,-0.11569011420021778,False,False
-0.1980125228758982,-0.10077782690879053,False,False
-0.1825823412212796,-0.09147717855725282,False,False
-0.20766319893110313,-0.10722186096339445,False,False
-0.19123536133791916,-0.08247087860174575,False,False
-0.22671494315075194,-0.12534401259857028,False,False
-0.2030305207395197,-0.10647432392134937,False,False
-0.24363803053850586,-0.12434238410542849,False,False
-0.21061113100601037,-0.11067614330580164,False,False
-0.136401267219416,-0.040611953920912,False,False
-0.2240640937442714,-0.11693875800943726,False,False
-0.21787256236534525,-0.11354122372756278,False,False
-0.19774511012918988,-0.09697734215611356,False,False
-0.2051387465027399,-0.10433189049524066,False,False
-0.22004458607429417,-0.11564924981626996,False,False
-0.8446363240155489,-0.5582860888812902,False,False
-0.1661079239862868,-0.06534087201397495,False,False
-0.2353772704862045,-0.12304275613406251,False,False
-0.2631011583547176,-0.17010494445436775,False,False
-0.21426015353315753,-0.11210714809845619,False,False
-0.20520650448242564,-0.10917470267953731,False,False
-0.21626252291022902,-0.1127792150816142,False,False
-0.17592281955537323,-0.0895176623555482,False,False
-0.17607505010632443,-0.07886966947807195,False,False
-0.2182507780218613,-0.11412062007044266,False,False
-0.21170363510183293,-0.11097129872620237,False,False
-0.2288581921579545,-0.11946992004581677,False,False
-0.8459090256148132,-0.5820436740496543,False,False
-0.20050787765078143,-0.10560094543090308,False,False
0.18784435928856397,0.12144879813381704,False,False
-0.21901192821027365,-0.11462807054881485,False,False
-0.20872542224947893,-0.11044700872530863,False,False
-0.1992321496096654,-0.1040123739621997,False,False
-0.8487706449648774,-0.7183688712971098,False,False
-0.20253166861701577,-0.10301396335955385,False,False
-0.2053427865428218,-0.10772475295359445,False,False
-0.8482772917251507,-0.7039171344828634,False,False
0.425141482593011,0.3942657334354438,False,False
-0.1895024713303286,-0.09908629909963305,False,False
-0.30516629022192904,-0.18791234536500753,False,False
-0.21904166518799834,-0.1138124801243209,False,False
-0.22813573674900767,-0.11908066314883822,False,False
-0.18902896887937964,-0.09644798987188717,False,False
-0.17589916964134628,-0.08136183995336324,False,False
-0.17999377196681116,-0.08440982877599364,False,False
-0.19275731305310034,-0.10065933464548611,False,False
-0.1824687547107236,-0.09618830018983451,False,False
-0.2316087145237794,-0.12118896495850172,False,False
-0.20370214429825154,-0.10716982901325431,False,False
-0.18474203101319356,-0.08721325126435878,False,False
-0.214490792050532,-0.11210270359913004,False,False
-0.6986131658051844,-0.4647197821496787,False,False
-0.2071138468080227,-0.10905127008577929,False,False
0.011659450113239378,0.04770662733931941,False,False
-0.17551451645116406,-0.08675944059619503,False,False
-0.22204751086592178,-0.11623356466577553,False,False
-0.8410689370022904,-0.6887078796867638,False,False
-0.21758219483737748,-0.11460443926911901,False,False
-0.2319848989967288,-0.12046627476135843,False,False
-0.20692794554940436,-0.10824685198787952,False,False
-0.21814735169013968,-0.11404996557702621,False,False
-0.22311195314473997,-0.11656509776638443,False,False
-0.19536058706492176,-0.1021501365510416,False,False
-0.19965308995290648,-0.1020826703405435,False,False
-0.20850106038191832,-0.10876682454489908,False,False
-0.19737970557533482,-0.10328445850852569,False,False
-0.19480653314740098,-0.09351727994889278,False,False
-0.19872681272778586,-0.10399760965742468,False,False
-0.13409534766991907,-0.0357487845512169,False,False
-0.20640568726633085,-0.10799942425984643,False,False
-0.18085611456730652,-0.09604168493211065,False,False
-0.19034018500453243,-0.09905695727505412,False,False
-0.20688603359347807,-0.10813830079316152,False,False
0.41653531336254007,0.46876756991752855,False,False
-0.18893695130558008,-0.0945348951522084,False,False
-0.8490805214010906,-0.6907301805320386,False,False
-0.2056449335106648,-0.10752096498060398,False,False
-0.1983352869450462,-0.10397193829002463,False,False
-0.20876339139187555,-0.10904536881639867,False,False
-0.23213802035695508,-0.12482589423322973,False,False
-0.20227635944751443,-0.10636173485690921,False,False
0.2786597312865043,0.22934104908358371,False,False
-0.21297790807198194,-0.1116147050343057,False,False
-0.46548635151630935,-0.3420001740058496,False,False
-0.20622827837116775,-0.10529247387817571,False,False
-0.2214045154060379,-0.11424186704136369,False,False
-0.21403227988967077,-0.10571093419962302,False,False
-0.24149825602021716,-0.1259505665936015,False,False
-0.19596736887964894,-0.10134534031482167,False,False
-0.15489623681225748,-0.0663931624996267,False,False
-0.23224518284476517,-0.1211825270872269,False,False
-0.23024227986623585,-0.12036934237229949,False,False
-0.20732193690861522,-0.10789887796276663,False,False
-0.22350577310964154,-0.1158266803255421,False,False
-0.1840233904814284,-0.08603430901925883,False,False
-0.2023657470075051,-0.10592694664079885,False,False
-0.18825100977045658,-0.09534631291905314,False,False
-0.21109599871053608,-0.11068443709767582,False,False
-0.20123145999090095,-0.10562450878028287,False,False
-0.2254448262955809,-0.11830843860939887,False,False
-0.0038925245717180285,0.07843928473188753,True,True
-0.1692876511507503,-0.08255169200749911,False,False
-0.19933372756472664,-0.09899676598672123,False,False
-0.21316402706170315,-0.11109348261269249,False,False
-0.21985237570693694,-0.1154855232197105,False,False
-0.34771859405750893,-0.22531984698727192,False,False
-0.26634296639525695,-0.1698808728094805,False,False
-0.21163561842750145,-0.11054230153754316,False,False
-0.20650667100814957,-0.10649687943540785,False,False
-0.20071437454621377,-0.10419004135538994,False,False
-0.19217813946676762,-0.1009778205892982,False,False
-0.19881869564030383,-0.1035237450245405,False,False
-0.18931998720433962,-0.09534998583113297,False,False
-0.2920754273582055,-0.1775593727877678,False,False
-0.21274929904576362,-0.11140068313497516,False,False
-0.2115121496564505,-0.1105858174567779,False,False
-0.27112550957119036,-0.15293880722531253,False,False
-0.2593232131316469,-0.16263140055026265,False,False
-0.21392966006738834,-0.11211140662771352,False,False
-0.22551107265405598,-0.11766919411358825,False,False
-0.21313447372046912,-0.11148214653093193,False,False
-0.2216092407670874,-0.11635080278179434,False,False
-0.21073870411260737,-0.11038342425087339,False,False
-0.20083149303970016,-0.09677046313791228,False,False
-0.1403251839121554,-0.03989288568974256,False,False
-0.21084675267987518,-0.11727187601405206,False,False
-0.21324876669046489,-0.11140529165337044,False,False
-0.21453224060793413,-0.11138935976827159,False,False
-0.19239372407273542,-0.08890675719007178,False,False
-0.19423613021502167,-0.10228556312007879,False,False
-0.16906887353006056,-0.07172788203055915,False,False
0.09415240135908394,0.12112891866132904,False,False
-0.11399831950645356,-0.037333563263429057,False,False
-0.20058378451712613,-0.10590034141897076,False,False
-0.2079737241486182,-0.10952987227470017,False,False
-0.17326637908519135,-0.08491838942599428,False,False
-0.20954612645128462,-0.1095417165888594,False,False
-0.21240545547632977,-0.11105816841920803,False,False
-0.22119187637136883,-0.1148158249513284,False,False
0.21896116719602926,0.21055501919561512,False,False
-0.7412116590449572,-0.4805426864137999,False,False
-0.211375922649575,-0.11043506106772674,False,False
-0.23225163159046627,-0.12090924809983539,False,False
-0.2173916926976541,-0.11397617210973399,False,False
-0.2148308598441442,-0.11235316731921031,False,False
0.02901961017321899,0.10556928177586243,False,False
0.0013365446113027812,0.05694251376350713,False,False
-0.8117431175896526,-0.5242494890027316,False,False
-0.21290903542893236,-0.11216260648603556,False,False
-0.2276849598163088,-0.11901370934306224,False,False
-0.229171377462421,-0.1197055148469468,False,False
-0.2074548648646002,-0.1009309726034624,False,False
-0.22371475362318227,-0.11682467140798047,False,False
-0.8444957235668208,-0.5763017346621157,False,False
-0.20521191357054774,-0.10765117847045305,False,False
-0.06750618182009141,0.02537289752816325,True,True
-0.0723425125429872,-0.02484425873903217,False,False
-0.08738019204121178,0.010431931442688187,True,True
-0.2389032036018806,-0.12464756067696932,False,False
-0.13549231952602767,-0.05650300010308036,False,False
-0.36489507678441874,-0.2557766688981959,False,False
-0.30442040561187206,-0.1929718872267802,False,False
-0.22327149545389066,-0.11504938888297972,False,False
-0.23624403678441394,-0.12349416310479368,False,False
-0.16250389343922772,-0.07806131879742317,False,False
-0.022720018049094223,0.03860714235866401,True,True
-0.22343001439016216,-0.11670991070549502,False,False
-0.2242486583117111,-0.11571429541921979,False,False
-0.1893168997165855,-0.09882550519306679,False,False
-0.20968658840505514,-0.11020732674403504,False,False
-0.2439593008679466,-0.14650317952348932,False,False
-0.18193973421263793,-0.09058882759374,False,False
-0.22815056804190192,-0.11900545723563473,False,False
0.03130674241509624,0.10186249564944587,False,False
-0.22894122211994766,-0.11976447965974765,False,False
-0.2038617526073831,-0.10633368634994168,False,False
-0.21299054706581522,-0.11166367419851665,False,False
-0.21174991361749132,-0.11111027988047216,False,False
-0.1711654937440972,-0.07948157809228071,False,False
-0.1716822561760436,-0.0661278166057198,False,False
-0.1933761097920295,-0.10100860589326909,False,False
-0.19072320666032896,-0.09665425913838699,False,False
-0.6145652982314619,-0.4446388702596672,False,False
-0.19255458146425694,-0.10047112209432063,False,False
-0.8390753409092807,-0.5796313389371612,False,False
-0.538386603964641,-0.4028535664422476,False,False
-0.20002374377457804,-0.10555681049743024,False,False
-0.19667238070425233,-0.10284884839707983,False,False
-0.31881033361523253,-0.20926739701822342,False,False
-0.20443325603514237,-0.10585960912681402,False,False
-0.032732452377446875,0.050375494061074624,True,True
-0.20063326231679257,-0.10516449766206087,False,False
0.043582849183284776,0.07418455406275352,False,False
-0.2143111738647691,-0.11191379421436436,False,False
-0.20607146933078627,-0.10666881177762055,False,False
-0.14378158342461586,-0.04645562853920231,False,False
-0.2062564969586545,-0.1079639310610914,False,False
-0.18951248482519936,-0.10073219528939646,False,False
-0.24791067806647166,-0.12855282948332641,False,False
-0.19948566611688412,-0.09761059968150575,False,False
0.4464442030493107,0.4386044059799066,False,False
-0.2559506566145901,-0.1393433738734449,False,False
-0.2049382869160851,-0.10797296796176625,False,False
-0.20855118003712309,-0.10841403661937488,False,False
-0.2004753407461184,-0.10563790037794142,False,False
-0.19433965787648938,-0.09186133487793904,False,False
-0.20335239408082711,-0.10639968896948242,False,False
-0.264966688639515,-0.16447043537124698,False,False
-0.23584140085754401,-0.1269085994768756,False,False
-0.20793705683107772,-0.10590599638495526,False,False
-0.2055359423119023,-0.1081655305154596,False,False
-0.21131112947060834,-0.10933265352989507,False,False
0.2592785507661539,0.18684615984531946,False,False
-0.13647174341453183,-0.05172151590091546,False,False
-0.2757613986475278,-0.1560407769572495,False,False
-0.23406764605113287,-0.12535420049353804,False,False
-0.235783984760223,-0.12307561788037774,False,False
-0.18923744041863996,-0.0964231871189381,False,False
-0.2203657500920942,-0.1151240081218445,False,False
-0.19319750498207489,-0.09852633519333574,False,False
-0.3092734673154032,-0.18327666386795824,False,False
-0.06036707437773748,0.022273522780845,True,True
-0.21511352902446157,-0.11254809711440329,False,False
-0.18760411501680074,-0.0926754221849202,False,False
-0.11467484684315113,-0.02570175823418408,False,True
-0.187917987343599,-0.09687045361343463,False,False
-0.18233606248169482,-0.08941941996226342,False,False
-0.8410844356189434,-0.6236135077364925,False,False
-0.1853949051602279,-0.09456323513310345,False,False
-0.21549523195602693,-0.11273885401593214,False,False
-0.20296951411564704,-0.1066291093426524,False,False
-0.21190082735540255,-0.11037617278254477,False,False
-0.1776368785368355,-0.07879360196522638,False,False
-0.22189573197990692,-0.11621595933560415,False,False
-0.1627736831435819,-0.04882030135837322,False,False
-0.226898558435888,-0.11612687731681184,False,False
-0.19408509265482027,-0.10133735544745705,False,False
-0.8472949759173115,-0.7206158229330454,False,False
-0.13708019013617959,-0.04419834196431657,False,False
0.12808627835430417,0.10995266301799433,False,False
-0.20159349014306838,-0.10202177480237466,False,False
-0.2231453611966503,-0.11680681917331225,False,False
0.0016586962324043886,0.07653955821058302,False,False
-0.21699397130367812,-0.11341859260159573,False,False
0.4296210402325936,0.3183771163372934,False,False
-0.1544155708754114,-0.0653926525606733,False,False
-0.21315455282417373,-0.10521507716917287,False,False
-0.22689081763424196,-0.13019076331710686,False,False
-0.21500884232817252,-0.11468735980278469,False,False
-0.22879293854847757,-0.11879682004945334,False,False
0.2377164985584883,0.21511339600847187,False,False
-0.18300873551954108,-0.09285231948731959,False,False
-0.1876071934817522,-0.09880030868134396,False,False
-0.11504296867702385,-0.033205427071225924,False,False
-0.19737382972236156,-0.10324926940254035,False,False
-0.14576638960000016,-0.05993661105193299,False,False
-0.20197323302476372,-0.10563435370644589,False,False
-0.8478025684671282,-0.6412850338144231,False,False
-0.19709532084997802,-0.10060618772871494,False,False
-0.2252996307575855,-0.11727090847663219,False,False
-0.0726757750928609,0.012296199979180217,True,True
-0.838727115644256,-0.7101664825133233,False,False
-0.15859815558790552,-0.05149415473046657,False,False
-0.18169055114920368,-0.07057784578169513,False,False
-0.18207996020805226,-0.09051263367127178,False,False
-0.46006144423598905,-0.2852129825129398,False,False
-0.19873741557544983,-0.10426607587841696,False,False
-0.8531569233350071,-0.7319717350507046,False,False
-0.19289326511228225,-0.10103769827653643,False,False
-0.2212269298470405,-0.11597922250116872,False,False
-0.19986671089690347,-0.10487279070186745,False,False
-0.21944939144587197,-0.11466335696117733,False,False
-0.21120311456956561,-0.11063509906888694,False,False
-0.2162549897631184,-0.11298261924866469,False,False
-0.21745327565466815,-0.11298106687718033,False,False
-0.19240402344234225,-0.09826884112139525,False,False
-0.22177974740990974,-0.1155681759344388,False,False
-0.1971871415306101,-0.10331232306315162,False,False
-0.2249877032228504,-0.12375094251607865,False,False
-0.11762662468362761,-0.028232184796584216,False,True
-0.21085200985961866,-0.11073513137395855,False,False
-0.22345524512703852,-0.11637987246187217,False,False
-0.19755737331266449,-0.10211593323449714,False,False
-0.2060951454406573,-0.10691886101900816,False,False
-0.18594313737934354,-0.08222511778456193,False,False
-0.21074360124972835,-0.10109564592306788,False,False
-0.19930086207497713,-0.10412681344269206,False,False
-0.2088556229743375,-0.10892020708361717,False,False
-0.19566912592903518,-0.10247509601675077,False,False
-0.2043588878617507,-0.10536345528196533,False,False
-0.20265393594754127,-0.10646471466343319,False,False
-0.2225529662339819,-0.11664666709815347,False,False
-0.2021870639049564,-0.10633153945626067,False,False
-0.1901013818186034,-0.09824083099096848,False,False
-0.22542738432362447,-0.1176969857111128,False,False
-0.2162011753923599,-0.1131544182708493,False,False
-0.21233024175406148,-0.11065308060929112,False,False
-0.20649434161675695,-0.10328746175102951,False,False
-0.24187547450953473,-0.14171452936735604,False,False
-0.22411745081967455,-0.1252723420906933,False,False
-0.20289800247423787,-0.10677008142921646,False,False
-0.21160300179243194,-0.11104797445150646,False,False
-0.21623202310801531,-0.1133976440773964,False,False
-0.21773128381345572,-0.11398826287417432,False,False
-0.12452118316062331,-0.035169098914619404,False,False
-0.19725505987559372,-0.10342979353255105,False,False
-0.2111466504640044,-0.11058989377502149,False,False
-0.18948167351272047,-0.10019494839722401,False,False
-0.23042754103446483,-0.12046646194629164,False,False
-0.21176268577250262,-0.11119946667926353,False,False
0.4076804041680513,0.25953516610058147,False,False
-0.1661153333443754,-0.07718859428103149,False,False
-0.8553236004958117,-0.7537468292360956,False,False
-0.21394428373102414,-0.1114920324707456,False,False
-0.22106613134708897,-0.10527548406251654,False,False
-0.222482889563475,-0.11744828959323754,False,False
-0.21090326139051155,-0.10973970352583276,False,False
-0.34737972612601264,-0.23147513741960293,False,False
-0.19557848606374992,-0.10262891594055926,False,False
-0.18146783741128453,-0.09261390186101977,False,False
-0.21503985603748332,-0.11234197954821576,False,False
-0.19786963255397538,-0.10014313074550907,False,False
-0.1966775454568243,-0.10234030887099069,False,False
-0.21048251505245938,-0.10998699783251192,False,False
-0.016960338222119627,0.05950200777858007,True,True
-0.20254512985251372,-0.10566006648632659,False,False
-0.20911227753022044,-0.10988337502366402,False,False
-0.19308525911100446,-0.10171595309928377,False,False
0.10464637986155637,0.1729459852451295,False,False
-0.19471425255432073,-0.10212710540733186,False,False
-0.19778232909172663,-0.10371467780985964,False,False
-0.8549337154948482,-0.5031078399319974,False,False
-0.20593531827454645,-0.10804787271927523,False,False
-0.19663361688013897,-0.10373468847563715,False,False
-0.23133816369440474,-0.12177048877976882,False,False
-0.2091827600635746,-0.10578479794824441,False,False
-0.21381355371720417,-0.11163270967010504,False,False
-0.31103600719971364,-0.210549574172579,False,False
-0.2205579757147149,-0.1144105504244303,False,False
-0.19356540575815173,-0.0886331142250779,False,False
0.4547337281991569,0.35788387645788833,False,False
-0.034091624387817376,0.05223389960756778,True,True
-0.15712200303935517,-0.0712594536300386,False,False
-0.22195708991248517,-0.11597877072303127,False,False
-0.22787203288685007,-0.11874106204798918,False,False
-0.2564848140080162,-0.15469070832928988,False,False
-0.2052455466916645,-0.10694151988334012,False,False
-0.24100553004532868,-0.12555987978094052,False,False
-0.23112396883034353,-0.14235635346976816,False,False
-0.4057284403567806,-0.26054908282438793,False,False
-0.22177044898198367,-0.12582137039357866,False,False
-0.18091743365747223,-0.09546184585933913,False,False
-0.1837768125601824,-0.08935751025482574,False,False
-0.2205657719642246,-0.11406639592421747,False,False
-0.21383576823377032,-0.11178742431732824,False,False
-0.20260127000917227,-0.1057225753825227,False,False
-0.21561000758707133,-0.10996247172389725,False,False
-0.22324137247001175,-0.11685576878180334,False,False
-0.23738031679104393,-0.12923255941138997,False,False
-0.1925460681507864,-0.09341575098820983,False,False
-0.202053767394397,-0.10576719559746747,False,False
-0.20836813035889432,-0.10989165015129318,False,False
-0.20244366235354164,-0.09945209017201276,False,False
-0.21286066517204055,-0.1111412070154574,False,False
-0.20962569246075113,-0.11012508761948012,False,False
-0.20769812290769268,-0.1064744516440515,False,False
-0.19898283165150898,-0.101423549694125,False,False
-0.1975809674246411,-0.10380549099278628,False,False
-0.16476787958039998,-0.07645259567794824,False,False
-0.2856102450667989,-0.18175440217019656,False,False
-0.20165481877891253,-0.11189546169931401,False,False
-0.21744067685182653,-0.11409292867637515,False,False
-0.22848127267262053,-0.11899562030122136,False,False
-0.2219028438812941,-0.1147241616185467,False,False
-0.20829334356938153,-0.10932742064789572,False,False
-0.2229709444034153,-0.11630075806372897,False,False
-0.8458327789064743,-0.7156723614411332,False,False
-0.1934334048392239,-0.10381726088207782,False,False
-0.21680021722508422,-0.1122849782152936,False,False
-0.038563233609850825,0.013086567881830945,True,True
-0.20217341304240344,-0.10563335395404116,False,False
-0.19904193156466943,-0.10303849334731245,False,False
-0.18870874997532763,-0.08615848212145504,False,False
-0.21095468429713538,-0.10620913390873744,False,False
-0.19519457968033338,-0.10126708299505435,False,False
-0.2129840118467319,-0.10727791203745886,False,False
-0.1455601264830338,-0.05915546083909064,False,False
-0.218160392416324,-0.11423926149128813,False,False
0.4097062521578476,0.47021246320369764,False,False
-0.18803074903677328,-0.09857851202378125,False,False
-0.19549271046925534,-0.1029488854114828,False,False
-0.2103357663882161,-0.11076782710733506,False,False
-0.20488817220720207,-0.10683464906963014,False,False
-0.8345677244245896,-0.50239692245192,False,False
-0.21394353034614083,-0.11159872765231163,False,False
-0.21829363845007663,-0.11367269584372014,False,False
-0.21701941205993566,-0.1132868855800277,False,False
-0.21986060759994902,-0.11526356670804308,False,False
-0.2198324513368836,-0.11589335155311087,False,False
-0.21190558818838365,-0.11088859839969906,False,False
-0.14184748592867352,-0.052248920305816016,False,False
-0.19292562374603528,-0.08682684509603068,False,False
-0.2187808492965666,-0.11474338649387394,False,False
-0.18029369580804028,-0.08169686116013491,False,False
-0.22505513407515665,-0.1173365422722987,False,False
-0.2040545640557902,-0.10676477218970762,False,False
-0.18893454921561595,-0.09961680277577901,False,False
-0.21270513592260856,-0.11112459978714191,False,False
-0.26872921811222383,-0.17323452703752057,False,False
-0.17311901545474695,-0.0703473540813758,False,False
-0.2296638284507822,-0.11973341512153221,False,False
-0.8476902880674746,-0.6682078040435393,False,False
-0.20939951767452425,-0.10927948680320966,False,False
0.06520581993501623,0.1381894546042606,False,False
-0.2324207469733145,-0.12093172195664148,False,False
-0.12520826089631074,-0.038431374172148314,False,False
-0.20869783140637985,-0.10411948027060489,False,False
-0.22190673430909164,-0.11592964521904739,False,False
-0.2143163530123189,-0.11316960512128992,False,False
-0.09465572272912787,-0.024883820800835163,False,True
-0.23642335758593924,-0.12320441768231995,False,False
-0.1965706179779848,-0.1027836781685391,False,False
-0.19591310139417542,-0.10335413814683599,False,False
-0.14952825372777687,-0.05484296205481842,False,False
-0.20133933584588634,-0.10555848079716815,False,False
-0.1945327191360501,-0.10188348263644796,False,False
-0.21714917096942243,-0.11035427251160768,False,False
-0.20346229249316955,-0.08565473757889522,False,False
-0.21079058110446938,-0.11011003812844558,False,False
-0.21047463524318344,-0.10911154398810588,False,False
-0.22315379021679416,-0.1163544201582232,False,False
-0.22443809454468486,-0.11547777716061791,False,False
-0.8437776500962196,-0.5478212237600742,False,False
-0.22449178769810368,-0.11715272095669961,False,False
-0.2347241425145568,-0.1226725857296805,False,False
-0.20412181093383427,-0.10681681935030313,False,False
-0.14859251974049056,-0.06448204279350339,False,False
-0.18246308967885902,-0.09634500209271576,False,False
0.10101121707578223,0.1541452122955613,False,False
-0.23280986905606377,-0.121360567215966,False,False
-0.20809272368832676,-0.1124304429394272,False,False
-0.20301854732968397,-0.10534266044745277,False,False
-0.15446714307434362,-0.07156904597199286,False,False
-0.21050805697474953,-0.10825559443277116,False,False
-0.15536043408886313,-0.06218069536118369,False,False
-0.30775520702255216,-0.19096169064061883,False,False
-0.20464249469680973,-0.10749801291353892,False,False
-0.12159720088622436,-0.037434280012896476,False,False
-0.1977110921705459,-0.10371065255363462,False,False
-0.0982021683118185,-0.02722048799037533,False,True
-0.18978142361346698,-0.099650199616854,False,False
-0.19869025501866522,-0.10267612281011936,False,False
-0.22047289782999274,-0.11477793865647963,False,False
-0.19394493474012262,-0.1004349508306494,False,False
-0.2116345000416845,-0.1107410673966225,False,False
-0.2369706690413074,-0.12381938707056991,False,False
-0.21803074370466474,-0.1134614409222188,False,False
-0.1758114922154801,-0.08805354319146254,False,False
-0.3148644590455877,-0.19999298749733557,False,False
-0.2051373590991728,-0.10771254436284539,False,False
-0.23912660930309118,-0.130364061105979,False,False
-0.2340624723116712,-0.12211195559262297,False,False
-0.13430274414081764,-0.04151696360459035,False,False
-0.1908206769552787,-0.09727232897039888,False,False
-0.1618327013148984,-0.0709823868526502,False,False
-0.215432027233311,-0.11312501236379222,False,False
-0.15991241174707768,-0.059805611515908665,False,False
-0.21677637168632313,-0.11347826745361622,False,False
-0.24056084159175936,-0.12477167266576436,False,False
-0.20962373421751065,-0.11028533983997298,False,False
-0.19437112570676526,-0.10078395381845093,False,False
-0.19915937648403975,-0.10429837531143732,False,False
-0.21206172443471655,-0.11056246739900452,False,False
-0.013560382743653863,0.04109463684799605,True,True
-0.23530140158403942,-0.12185309655893871,False,False
-0.21302616031885602,-0.11224074836740158,False,False
-0.19694582682537778,-0.1034140522806699,False,False
-0.2133344443156997,-0.11088877171393269,False,False
-0.17325698043873008,-0.09021812285693397,False,False
-0.15117901540881298,-0.06510309096920742,False,False
-0.19544983586980405,-0.10094897615461729,False,False
-0.19608374421867117,-0.10300529478583192,False,False
-0.21321012316323334,-0.11168029620775455,False,False
-0.24165020463411266,-0.1261096912841404,False,False
-0.12206879132726114,-0.036648671798138806,False,False
-0.22569185616117748,-0.11769079121990841,False,False
0.057489510802622094,0.11114549059466844,False,False
-0.218624165349265,-0.11416813847219275,False,False
-0.8575870546751894,-0.7626410958280609,False,False
-0.2522178536091779,-0.14818211670288345,False,False
-0.1830523044323859,-0.08794541728321593,False,False
-0.23696384522479763,-0.12482398139089881,False,False
-0.20486534818136592,-0.10783873521042689,False,False
-0.21655919861480832,-0.11246620885453498,False,False
-0.028465355617068012,0.06414034160620441,True,True
-0.22189633483017235,-0.11675310061363546,False,False
-0.21216421547565129,-0.1108664665524371,False,False
-0.21906756853736567,-0.11417457544838609,False,False
-0.19859515114002887,-0.10371992182081792,False,False
-0.17453161742046264,-0.07796259986869282,False,False
-0.19068558655871443,-0.09808631122487008,False,False
-0.21835008622137544,-0.10910268538329174,False,False
0.37303072912551,0.28471487082683866,False,False
-0.20416298877701616,-0.10664822351241127,False,False
-0.46136480157400644,-0.26453145081147866,False,False
-0.19481118823648857,-0.10218394958708926,False,False
-0.2120383754469614,-0.11071549495292103,False,False
-0.21487360160979707,-0.112578155370156,False,False
-0.23121813464439248,-0.12081698811807884,False,False
-0.20613795114771188,-0.10761699833622689,False,False
-0.22832074877328976,-0.1189507092564709,False,False
-0.2215521339827944,-0.11539847999123859,False,False
-0.8326991834394252,-0.6983918001895734,False,False
-0.18191178576062403,-0.09579927039214946,False,False
-0.2173219945034498,-0.11251903735955393,False,False
0.3108735668441265,0.23533453210141025,False,False
-0.2109809621991143,-0.11090111083621394,False,False
-0.19779562163264103,-0.10436189128177326,False,False
-0.19791903043290485,-0.10312358786212597,False,False
-0.19370012433423697,-0.09986738453908028,False,False
-0.21162433800173547,-0.11060566035258663,False,False
-0.21745337766303316,-0.11362005629104163,False,False
-0.21928828636135322,-0.1143708885809823,False,False
-0.18463411668231605,-0.08183160527037392,False,False
-0.8458663495754093,-0.624212616592056,False,False
-0.2033920278404031,-0.10620559556925421,False,False
-0.21266239755766903,-0.11198029123300421,False,False
-0.19455774091003,-0.10136974685757241,False,False
-0.20328461110966883,-0.10746348057326799,False,False
-0.21430987505366816,-0.112081666741083,False,False
-0.20307569415688592,-0.10645847743252729,False,False
-0.23496406968823874,-0.12235093259116787,False,False
-0.1945448349388621,-0.1029386031984207,False,False
-0.22407021054653153,-0.11696878294719953,False,False
-0.2523531369489186,-0.14099223082968404,False,False
-0.850617211700931,-0.6944956178807422,False,False
-0.22881494970694338,-0.11397953473311682,False,False
-0.2289156768370782,-0.11960213438214996,False,False
-0.20535531016020347,-0.10803767849315415,False,False
-0.22204070036947596,-0.1161384699008646,False,False
-0.21912484830357704,-0.12113042951280326,False,False
-0.20912719602870886,-0.10968367370927855,False,False
-0.20069106710016135,-0.09877354566838925,False,False
-0.21855332850445802,-0.1142581399404407,False,False
-0.20517730733565515,-0.10769275949901332,False,False
-0.6107574542538683,-0.4154202376588172,False,False
-0.23046397645752406,-0.12013576417298974,False,False
-0.1904998128813849,-0.10017347403183155,False,False
-0.21328802919176562,-0.11157665098901008,False,False
-0.20459157838992684,-0.10658377719729181,False,False
-0.2027237462060449,-0.1078280300405877,False,False
-0.20891654157235495,-0.10972642799170199,False,False
-0.8519975779191059,-0.6681198526598648,False,False
-0.20885663290306278,-0.10845187696709326,False,False
-0.21256460352089954,-0.10989683957211088,False,False
-0.20787258560394756,-0.10885263913409557,False,False
-0.23021863278475757,-0.12022927268707231,False,False
-0.1846000667394742,-0.0885280358663123,False,False
-0.22093296791353323,-0.11625420407211655,False,False
-0.2228702771852438,-0.1130259806532103,False,False
-0.5907671851349996,-0.361341582902265,False,False
-0.23207236789048796,-0.11914765911614994,False,False
-0.21114657622411184,-0.10999144938164745,False,False
-0.21340359747983692,-0.11132589037110588,False,False
0.12712960024445952,0.1619963240081575,False,False
0.02974928142285997,0.0831881311599755,False,False
-0.22449164769255409,-0.11646738785988374,False,False
-0.2156810001103381,-0.1125008971905734,False,False
-0.19754691153411796,-0.1033317747443582,False,False
-0.18871317127575082,-0.09131628772452198,False,False
-0.17885380768442916,-0.0776413160318634,False,False
-0.18453341089818226,-0.09430976522712993,False,False
-0.1900670388145187,-0.10002417921866409,False,False
-0.19970606931056006,-0.10466072266372012,False,False
-0.20017298449484228,-0.10102986776659206,False,False
-0.21624690111935035,-0.11225695647043489,False,False
-0.23985868680874659,-0.1250062818601541,False,False
-0.19048590749568395,-0.09872589142290858,False,False
-0.22322110623555327,-0.11635110675649604,False,False
-0.2303274644130769,-0.11992422439094866,False,False
-0.1969280611067199,-0.10436709169047885,False,False
-0.19408685791712688,-0.09884063247692661,False,False
-0.4701490907711745,-0.32570397640393844,False,False
-0.23815417556239682,-0.12439165755447315,False,False
-0.2288852943776558,-0.11975398288565808,False,False
-0.20263742031364734,-0.10619640097616842,False,False
-0.22053490280050989,-0.11513219051484863,False,False
0.07955425265156688,0.13286536242838942,False,False
-0.19923307196781578,-0.10461180829548766,False,False
-0.2105636853203255,-0.1128671261929542,False,False
0.004291579198900108,0.07263860053415892,False,False
-0.2159834597438932,-0.11345167371221421,False,False
-0.1010108700371376,0.0034205038346296762,True,True
-0.19272084870212888,-0.1002166742458997,False,False
-0.8420478345243632,-0.5075976203456054,False,False
-0.2067234130281999,-0.09434131209554039,False,False
-0.20814090273000144,-0.10961050327645772,False,False
-0.2106621751724765,-0.09549331504520316,False,False
-0.2018588729953424,-0.10643065504611288,False,False
-0.21441639207945612,-0.1122375112959382,False,False
-0.15209688642136315,-0.059743689550895936,False,False
-0.20456981657549975,-0.1068705699023294,False,False
-0.20327964556657613,-0.10656589433982924,False,False
-0.21702813753325842,-0.11306086144239585,False,False
-0.10125231005656873,-0.020438048610871267,False,True
-0.19882177728118547,-0.10459707603342588,False,False
-0.2204196858818869,-0.11512523982069009,False,False
-0.19421083185269855,-0.10202507942379904,False,False
-0.21493983843452913,-0.11215366357220616,False,False
-0.23943818703660877,-0.12460606432394572,False,False
-0.21642452523795858,-0.11345587855307798,False,False
-0.2150133928661048,-0.11161619848993122,False,False
-0.21366445619681865,-0.1128746236456874,False,False
-0.1984844272807581,-0.10388754077659784,False,False
-0.19085314729970299,-0.09257499764605508,False,False
-0.22020544533613173,-0.11481576395381196,False,False
-0.1967158344343814,-0.1029652683802777,False,False
-0.205219435575517,-0.10474625251673435,False,False
-0.19278249811086387,-0.10158827097596165,False,False
-0.21346414724388785,-0.11213577563757449,False,False
-0.21763768372133738,-0.11307845583490002,False,False
-0.20102590715258262,-0.10554415566101177,False,False
-0.20977663490193818,-0.109532586732422,False,False
-0.2038346485965385,-0.1064873305309059,False,False
-0.21632036577253116,-0.11312151806955005,False,False
-0.21138840545131038,-0.11086247301603369,False,False
-0.22340996645397534,-0.11667597683932977,False,False
-0.22509100357081221,-0.1141213587755742,False,False
-0.22668707135306818,-0.11744992750403337,False,False
-0.2335290700431094,-0.1215229333359087,False,False
-0.13034594705392633,-0.029020861769961243,False,True
-0.21421009431833277,-0.11181949629961391,False,False
-0.2119355945461469,-0.11073076811912355,False,False
-0.20166114862186477,-0.10543099064834838,False,False
0.0709070950265961,0.11809419030470013,False,False
-0.10853891852034575,-0.022900620803019738,False,True
0.43877668156644034,0.5195880219577048,False,False
-0.11327141574240165,-0.018227897881489874,False,True
-0.19994854306921453,-0.10523209741888004,False,False
-0.26708515903417074,-0.15551148094366513,False,False
-0.2063855641126703,-0.10263456688775333,False,False
-0.8443044329961364,-0.7135588606785476,False,False
-0.17560160337106276,-0.08219440888603449,False,False
-0.125434493828332,-0.029274498592976227,False,True
-0.20042783825225305,-0.10507632496031666,False,False
-0.22937622642099947,-0.11970921557684129,False,False
-0.21911905239636595,-0.1146924839233876,False,False
-0.18393542219669612,-0.09501340708999836,False,False
0.3660405443092741,0.47462160866303865,False,False
-0.22250036731702932,-0.1262307681441034,False,False
0.38527815988862263,0.3152225378614353,False,False
-0.2080101163682075,-0.10527844232576147,False,False
-0.21753716350114563,-0.11322745755326194,False,False
-0.23219063612230612,-0.12134127517497698,False,False
-0.6051630328443146,-0.3967967321888915,False,False
-0.2164505088258253,-0.1130144133687562,False,False
-0.17761032863927412,-0.08726303169578226,False,False
-0.21407090058222572,-0.1122020691998505,False,False
-0.1967539608388229,-0.10320134845695988,False,False
-0.19704623322013673,-0.10383261319671278,False,False
-0.19878770342671243,-0.10387789545532247,False,False
-0.22769899203565042,-0.11897596763478226,False,False
0.19812832124008142,0.22707116209038447,False,False
-0.1983836212994709,-0.10394642620506175,False,False
-0.1747775006163908,-0.08163359284912182,False,False
-0.21268702879647955,-0.11131402361426004,False,False
-0.22606290326673922,-0.11720262683677751,False,False
-0.2259259349743997,-0.11704949314971748,False,False
-0.43785128888031316,-0.2770345549065799,False,False
-0.8254400619527917,-0.5363828914249632,False,False
-0.22620838433505097,-0.11853119331987991,False,False
-0.19563789273050583,-0.10160845516933958,False,False
-0.24988646315708035,-0.15403530114476532,False,False
-0.2232867173977755,-0.11702975459049575,False,False
-0.21694639048734982,-0.1118633394427527,False,False
-0.198355930886962,-0.10364181801631041,False,False
-0.19845594535007402,-0.10417296422444042,False,False
-0.18241981661287088,-0.07597855163948988,False,False
-0.20317568155505547,-0.1066446405585333,False,False
-0.2069742642997053,-0.10846254465258162,False,False
-0.19659426054310736,-0.10395048106307768,False,False
-0.18422040537384812,-0.09681156636996693,False,False
-0.19603106377444623,-0.10257615587391947,False,False
-0.3979894710903621,-0.28122691314167186,False,False
-0.19969675929921088,-0.10005421714913054,False,False
-0.19126273695544635,-0.09689816335892232,False,False
-0.19800265877980855,-0.09338072629546271,False,False
-0.2054110150053715,-0.10638500516595156,False,False
-0.2213386201972628,-0.11592512661676066,False,False
0.11136878815499174,0.15100050472593984,False,False
-0.23119923008673043,-0.12099115738462599,False,False
-0.22229880089440868,-0.11805187398166092,False,False
-0.21307992849272347,-0.11149413343792272,False,False
-0.205990532848431,-0.10734355693779367,False,False
-0.24749687744691454,-0.14107725411263564,False,False
-0.5638547594245221,-0.40475342443843004,False,False
-0.18584539247919982,-0.09306462192631494,False,False
-0.1739400122269742,-0.07944777249334797,False,False
-0.5177093870804828,-0.3829166296698402,False,False
-0.2072202483202147,-0.10571242903614146,False,False
-0.20582773918867744,-0.1072008232426484,False,False
-0.2144878931173091,-0.10893540215184869,False,False
-0.20700640367545592,-0.10852406373190164,False,False
-0.23383235627722287,-0.12133706200757609,False,False
-0.2004300502104784,-0.10521173857733801,False,False
-0.1840982631940133,-0.09677214955045121,False,False
-0.20632581928135207,-0.10754897664484006,False,False
-0.08764356640573848,-0.018257250515941,False,True
-0.21634718163288014,-0.11356865708767973,False,False
-0.1761143615666433,-0.08926794361979193,False,False
-0.219796296275185,-0.11469704763442135,False,False
-0.3499185751087179,-0.2358616666765315,False,False
-0.20326483599125297,-0.10545853631435541,False,False
-0.11486328750589742,-0.037355820885649135,False,False
-0.20689002910255996,-0.10718488670900879,False,False
-0.22108228202805275,-0.11194389707178475,False,False
-0.17588826839867594,-0.07882812513354992,False,False
-0.18051088989476727,-0.0758804509138116,False,False
-0.2629079027850276,-0.14708073756276926,False,False
-0.8318839435071154,-0.6323467928489971,False,False
-0.21952859695524984,-0.11425189430836308,False,False
-0.27795917935594144,-0.18564792888266562,False,False
-0.22142364128324216,-0.11628804090285853,False,False
0.03606141688456309,0.11011890506374097,False,False
-0.1944811801089567,-0.10225635973862854,False,False
-0.22066986183199463,-0.11264600385559292,False,False
-0.18903649312914142,-0.09963587493851504,False,False
-0.26338078670036263,-0.16617819438404596,False,False
-0.21626554336643156,-0.11327101835712003,False,False
-0.24681888962138945,-0.1289098364619472,False,False
-0.21226128448238496,-0.10621361971401834,False,False
-0.18948601547818897,-0.09989835077629487,False,False
-0.057665071336415616,0.03500689906026022,True,True
-0.1780305943155669,-0.0924741990800312,False,False
-0.1947696273400385,-0.101700867712383,False,False
-0.20708721669705663,-0.10150183906160018,False,False
-0.2011378914536599,-0.10571380333396325,False,False
-0.18592065436281388,-0.0921965062232452,False,False
-0.19943777475836869,-0.10448697174348215,False,False
-0.239101618872529,-0.12435539635246383,False,False
-0.2078320467020113,-0.10787563064946856,False,False
-0.2029607899039453,-0.106155631762537,False,False
-0.19387742626620785,-0.1022046700418758,False,False
-0.2038603617751592,-0.10712529432217513,False,False
-0.21992059234216027,-0.11478460494187415,False,False
-0.2106316289480198,-0.11059432845004838,False,False
-0.18879198763813299,-0.09895435246027079,False,False
-0.21343475371544443,-0.1113815089242733,False,False
-0.21107359577759766,-0.11014549846627503,False,False
-0.18391909342623597,-0.08871956839961531,False,False
-0.12813732571788133,-0.03516351783362763,False,False
-0.21064649075209807,-0.11039421666650719,False,False
-0.21668722568242219,-0.11339867788384625,False,False
-0.19576038265030835,-0.10258372901665812,False,False
-0.19804842056916855,-0.10376567018991889,False,False
-0.050203718034632666,0.004187360405261166,True,True
-0.21185985276694452,-0.11032544671578311,False,False
-0.16849900353577443,-0.07830436505349211,False,False
0.4393948795888825,0.28629950789780534,False,False
-0.1922987967602377,-0.10096034099083336,False,False
-0.7615610441338045,-0.46786620027802467,False,False
-0.1998159103070919,-0.10467961754897147,False,False
-0.20339600449483983,-0.10603370647757279,False,False
-0.1970470846740403,-0.10321241727529638,False,False
-0.20427688413263695,-0.10767720962246023,False,False
-0.21765602365924408,-0.11365680121497182,False,False
-0.21507963723194845,-0.11115899972975618,False,False
-0.844652646652262,-0.6351054759398116,False,False
-0.1710454315618183,-0.05759375809909064,False,False
-0.2035845794387809,-0.10645723948163832,False,False
-0.20096458370548165,-0.10520945650595123,False,False
-0.22596693378055288,-0.11788548900718326,False,False
-0.19270223903374056,-0.099262836201536,False,False
-0.2741293940388206,-0.17643889728995266,False,False
-0.19596873198002887,-0.10262818382295884,False,False
-0.19593086893343017,-0.09835264855473703,False,False
-0.7858281861522971,-0.5314373114120323,False,False
-0.22623688381139678,-0.11822009458367329,False,False
-0.2875791493883067,-0.1860423838086105,False,False
-0.24914200892770005,-0.12964199597320486,False,False
-0.4380567460766745,-0.2846683694920242,False,False
-0.19360965929314544,-0.10113716145839215,False,False
-0.718342256078407,-0.4110097132351261,False,False
-0.14799656931203575,-0.059578891405891704,False,False
-0.20518301837997618,-0.10651985943805384,False,False
-0.19754623930774756,-0.10440383973432467,False,False
-0.21768202292930322,-0.11339948757596627,False,False
-0.17244324606321096,-0.08253907633994506,False,False
-0.20214460844958376,-0.10602711884311466,False,False
0.2183226764361869,0.20118278945829762,False,False
-0.18546206174978974,-0.09716741294364303,False,False
-0.19104199921960915,-0.09993241554449289,False,False
0.24180038553911787,0.192606541218202,False,False
-0.1993165848283884,-0.10438546039228622,False,False
-0.2771793336069755,-0.17012038756820652,False,False
-0.20753021112784387,-0.10871597913079845,False,False
-0.2099402883714417,-0.11071465247137582,False,False
-0.20814985842897668,-0.1081465372796892,False,False
-0.2702412170058255,-0.15380583476327508,False,False
-0.24420406978411524,-0.13766326446422975,False,False
-0.21086485751026768,-0.11065735571516495,False,False
-0.2117889547543306,-0.11123436415610015,False,False
-0.20151457459337568,-0.10587167824465665,False,False
-0.22635725080322158,-0.11789167396326163,False,False
-0.12425336707963779,-0.0248785649325062,False,True
-0.19740517228931032,-0.10324675811774886,False,False
-0.2146726399465351,-0.11235123836806288,False,False
-0.25523628643631024,-0.14232503379287584,False,False
-0.2376679009719845,-0.12487177645797937,False,False
-0.21060700752269892,-0.11068408575792987,False,False
-0.6259204829148525,-0.34228914203830846,False,False
-0.17120950167876803,-0.08088548155833553,False,False
-0.20368743846463036,-0.1068911655247601,False,False
-0.22900784358425152,-0.11961760797666791,False,False
-0.20713420951450295,-0.10788597226684939,False,False
-0.2262247409780162,-0.11862120816476522,False,False
-0.22496177068824003,-0.11692609318119764,False,False
-0.14288699813328345,-0.052330067254613755,False,False
-0.8386428559492064,-0.726682637057801,False,False
-0.19256104195818793,-0.10095519876097019,False,False
-0.201729814081948,-0.10241595941995665,False,False
-0.21053482528643097,-0.11071879074490223,False,False
-0.21511208492470493,-0.11227838565942155,False,False
-0.21659920559704637,-0.11269156466602781,False,False
-0.18117732661787658,-0.09356010772119225,False,False
-0.22046770588641665,-0.11478946499178937,False,False
-0.1860056985328661,-0.0946734258861043,False,False
-0.19187597085425528,-0.10095750593498534,False,False
-0.8497548402382588,-0.561599672940902,False,False
-0.20383146795725854,-0.107284415067887,False,False
-0.19381296402976678,-0.09083444177206054,False,False
-0.2185655508339418,-0.11334936698481582,False,False
-0.1996096888830948,-0.10525748628418591,False,False
-0.2085461719181429,-0.109013170605934,False,False
-0.1956722491672684,-0.09954897620724036,False,False
0.018467918964170993,0.05676705073677983,False,False
-0.20780224023716415,-0.10846218545142053,False,False
-0.19658711978936594,-0.10386354001839743,False,False
-0.1895720173831986,-0.09238674990020021,False,False
-0.19529151333421405,-0.10206558600971988,False,False
0.09278248690818434,0.07636395712171053,False,False
-0.2090075135407899,-0.11249269085287812,False,False
-0.19945186289266115,-0.10279816549156778,False,False
-0.1922759180219231,-0.10076550649814782,False,False
-0.20814375653438838,-0.10997856652606318,False,False
-0.1958228021919884,-0.10271889913463722,False,False
-0.2152798787464245,-0.1110535770422144,False,False
-0.19765644788004053,-0.10341672857773287,False,False
-0.2097651376013424,-0.10987901032333741,False,False
0.40567281344500833,0.33032514511882183,False,False
-0.2151629035764674,-0.11246294732618743,False,False
0.21780662409216486,0.22391397161229823,False,False
0.023526617463715163,0.08487461589405756,False,False
-0.1988476543053222,-0.10070192204532315,False,False
-0.2259370070851406,-0.11555277994938765,False,False
-0.2061495424422582,-0.10758623936582815,False,False
-0.23160481709827951,-0.1212894957476097,False,False
-0.20801919535513147,-0.11106179613392267,False,False
-0.8508820215647839,-0.5466203902469479,False,False
-0.7627674098881511,-0.4853469981743865,False,False
-0.8408435333626421,-0.6985882307213422,False,False
-0.08564479487829807,0.003023328223891706,True,True
-0.0912448092610111,-0.00036757707821206617,False,True
-0.21823897025654415,-0.11433208848471683,False,False
-0.21485191368263978,-0.11207444201297131,False,False
-0.1305305474347107,-0.03409916165987733,False,False
-0.21741537283833798,-0.11417692908845836,False,False
-0.11895430766022105,-0.03756519938834368,False,False
-0.2214408714399146,-0.11457803985383562,False,False
-0.18496630073741333,-0.09189257649570659,False,False
-0.22280839094072902,-0.11685328367737338,False,False
-0.2372561297313105,-0.1203248363492021,False,False
-0.6735321338783724,-0.41426642057455343,False,False
0.061821739775995414,0.09247870099413857,False,False
-0.19977172769908524,-0.104417759087568,False,False
-0.1895986855750386,-0.09864542683925973,False,False
-0.2230753480009522,-0.11999387786518448,False,False
-0.6060984813997558,-0.44030511486216944,False,False
0.381935160736338,0.4397299920528506,False,False
0.4216347217859668,0.4345102821605245,False,False
-0.2084769633319088,-0.10907843280741082,False,False
-0.18690165336664874,-0.09749617208001499,False,False
-0.24483803641422103,-0.1275050675466681,False,False
-0.2064946817682301,-0.10616603150276555,False,False
0.35317601822874883,0.2964885083798618,False,False
-0.22290480641794935,-0.11665140097587935,False,False
-0.2220006630270085,-0.1164166534698924,False,False
-0.21656584605959991,-0.11307872528507967,False,False
-0.2130822251281776,-0.11139980782671967,False,False
-0.22010104037955888,-0.11782803763597596,False,False
-0.1821833827503303,-0.08494348098465385,False,False
-0.2180540699648601,-0.11393280821739249,False,False
-0.1972546019770062,-0.10374958432048405,False,False
-0.20518342680033644,-0.10740115499113104,False,False
-0.23098163980335853,-0.11984769365572966,False,False
-0.1695295238792015,-0.07529195850005638,False,False
-0.19231650446685655,-0.10068292353875762,False,False
-0.20203602506013646,-0.10556737007255237,False,False
0.4093002884721405,0.41637736782589824,False,False
-0.8427207247339623,-0.6428993074705728,False,False
-0.20114964226415555,-0.10248859913385784,False,False
-0.19867254570219522,-0.10481019938763614,False,False
0.3882678208562553,0.2920981828961664,False,False
-0.2018867702720999,-0.10573915695121341,False,False
-0.1974057433180117,-0.10346417059024418,False,False
-0.21265311334596115,-0.11098333529828867,False,False
-0.21667429059397775,-0.11313358861956886,False,False
-0.2213153560776423,-0.11583923166058496,False,False
0.4645035774267669,0.4563962883071344,False,False
-0.2539759802672692,-0.1387516995454838,False,False
-0.08376737928873591,-0.0002906638420635786,False,True
-0.21661659241296005,-0.1133379113614996,False,False
-0.5491268086480533,-0.39502297582059576,False,False
-0.1916469978977075,-0.10127811211424521,False,False
-0.21833355334137905,-0.11442107141551273,False,False
-0.2049061128418983,-0.10704220930382774,False,False
-0.18917716147643956,-0.09423551604999297,False,False
-0.21296254956867433,-0.11142726585486407,False,False
-0.2289458368852648,-0.11823122917429349,False,False
-0.20571385578407628,-0.10797474595524073,False,False
-0.7713636121332966,-0.5194155134360725,False,False
-0.31654569912608876,-0.18541529167777487,False,False
-0.1958051476448679,-0.09694127639029813,False,False
-0.21423805611048274,-0.11180000775734564,False,False
-0.21282923139778695,-0.10903131321041704,False,False
-0.2047972698544253,-0.10609195557536813,False,False
-0.19465276799649966,-0.10143313377680002,False,False
-0.22157235682915816,-0.1150530921215029,False,False
-0.21087150189109063,-0.11017330863184283,False,False
-0.20402445325533575,-0.10689866041962129,False,False
-0.22507411278078351,-0.11785852816141913,False,False
-0.21579500529608867,-0.11309182361759466,False,False
-0.22794667125762283,-0.11951112739702155,False,False
-0.23562120969938405,-0.12265329622278541,False,False
-0.21263881025458098,-0.11128718603213104,False,False
-0.19736764055052916,-0.1032010896945912,False,False
-0.21775796052558583,-0.11034374048249393,False,False
-0.2248630954781142,-0.11750767777556388,False,False
-0.22296098098009962,-0.1273685532575686,False,False
-0.24544963635343964,-0.14793341595616985,False,False
-0.19390383635375497,-0.09951429353641494,False,False
-0.142297281676038,-0.04518879707961068,False,False
-0.19391631381820346,-0.09725396964896353,False,False
-0.12102703003289622,-0.01710807266286659,False,True
-0.23048450011484434,-0.1198508057014454,False,False
-0.21379385149472868,-0.11140229043684943,False,False
-0.2057371728734943,-0.10742285333184895,False,False
0.031116749430170988,0.06464270127559929,False,False
-0.211632629557953,-0.10891448927464908,False,False
-0.20493756824148152,-0.10724095831634764,False,False
-0.21457495369590057,-0.11266496873268161,False,False
-0.10835195416408624,-0.026889106825919162,False,True
-0.20368287292695592,-0.1061121319174609,False,False
-0.21271890098836976,-0.11119852095628968,False,False
-0.2037405728285206,-0.10657321474685369,False,False
-0.2149931314832303,-0.11231062517515635,False,False
-0.2214015234322256,-0.11614135925195188,False,False
-0.19658560312519455,-0.10063291895559223,False,False
-0.2125761131684044,-0.11040266435307802,False,False
-0.10306482997379146,-0.03437803122541455,False,False
-0.2088373725446668,-0.10898678272137272,False,False
-0.22670716888226142,-0.12037975958884056,False,False
-0.4819599213511229,-0.3288596709675626,False,False
-0.2118107540870035,-0.11066752820314171,False,False
-0.2042269764994478,-0.11133570878392121,False,False
-0.2133195841482415,-0.11190904308904073,False,False
0.024956616104180623,0.10648101461561497,False,False
0.3434336474030708,0.22487551081357557,False,False
-0.20980047077751954,-0.10922318982155353,False,False
-0.23054670004185368,-0.12100508597728024,False,False
-0.2116790545307819,-0.11077340358876955,False,False
-0.19474359042977327,-0.10231143307832684,False,False
-0.21047043032526655,-0.11030886016017358,False,False
-0.21637675319962804,-0.11372031134457657,False,False
-0.832832034561616,-0.7216642887848473,False,False
-0.23648485948548453,-0.12366798533134095,False,False
-0.2098628297732416,-0.11064614741168455,False,False
-0.204633022040727,-0.10697151512574905,False,False
-0.21611230365286183,-0.11316999827486217,False,False
-0.2050378662890727,-0.10801695471587708,False,False
-0.2058713094630542,-0.10769778724166917,False,False
-0.21937722517628694,-0.1129188585749854,False,False
-0.22869061023182027,-0.11923365658826617,False,False
-0.2039910779697652,-0.1038544025949893,False,False
-0.1991018822343471,-0.09818731857306584,False,False
-0.22719284958699426,-0.11856830868767182,False,False
-0.19971374805038017,-0.10510258382545554,False,False
-0.19139440054020945,-0.10061193978755231,False,False
-0.21068628946827941,-0.11099485313915684,False,False
-0.1930075140254766,-0.10053885602491613,False,False
-0.19753797418095434,-0.10304098292585558,False,False
-0.21004493434732066,-0.11015765236680222,False,False
-0.20259355120621433,-0.10687998247158051,False,False
-0.20874583089428675,-0.10934905326052302,False,False
-0.08343637492387332,-0.02020730631542561,False,True
-0.03696961335269358,0.01953027859808513,True,True
-0.21171607152022187,-0.11162439529640103,False,False
-0.2005554007463483,-0.10380081723726589,False,False
-0.2035400822799691,-0.1056098853871436,False,False
-0.1964347675989082,-0.10207701313473341,False,False
-0.1896136712933834,-0.08800157142159118,False,False
-0.20401651693781606,-0.10640439640588116,False,False
-0.19398550423670716,-0.09665113257964258,False,False
-0.18454713863004643,-0.09670156404787633,False,False
-0.2169863989439753,-0.11057818641404946,False,False
-0.1848733998566885,-0.09100397357430505,False,False
-0.18509507933707994,-0.08568403379832591,False,False
-0.8214097158866364,-0.47166548566584227,False,False
-0.1906302740649269,-0.098405925135657,False,False
-0.20864961970163554,-0.10931925513969154,False,False
-0.2110374889212679,-0.11004424836484636,False,False
-0.2213921529473618,-0.11385382130702273,False,False
-0.03341851637914456,0.027485746395293158,True,True
-0.21820354817950688,-0.11394655426149547,False,False
-0.20369202930326322,-0.10689744757215422,False,False
-0.15556056435606552,-0.0719907311632187,False,False
-0.2082241311549494,-0.10702791876619802,False,False
-0.8315769859077173,-0.5497848982195265,False,False
-0.2214585822991753,-0.11560545707638213,False,False
-0.19276607483176295,-0.09719142531563954,False,False
-0.2099422374727107,-0.10959786289603217,False,False
-0.22852925860734602,-0.11926570010198739,False,False
-0.20588370171314954,-0.10600961256185722,False,False
-0.1809758950566494,-0.082409154174658,False,False
-0.19245132691415562,-0.10083575597072825,False,False
-0.20813242444454805,-0.10915960593881728,False,False
-0.22186243221725413,-0.11587845363567392,False,False
-0.18723503618811602,-0.079687182849829,False,False
-0.21215731840861649,-0.11137181236525028,False,False
-0.21402456965759253,-0.1115124192477161,False,False
-0.17334698987127722,-0.08686305034193577,False,False
0.05719696455283082,0.12392578112507174,False,False
-0.22339255773752642,-0.11637007994262502,False,False
-0.22090329604295636,-0.1115605039882738,False,False
-0.21719961620209197,-0.1121966479533883,False,False
-0.12307287866790664,-0.05175556843713236,False,False
-0.22653500940664348,-0.11863225890218754,False,False
-0.014286578621606913,0.05403314220388952,True,True
0.37736881106255177,0.2382000936711821,False,False
-0.21778845221812423,-0.10966972673186795,False,False
-0.20552526732933682,-0.10557775437911335,False,False
0.3645074729249385,0.31920493655057347,False,False
-0.2032943662197503,-0.1064726773741917,False,False
-0.3307756309748505,-0.20949673294112997,False,False
-0.2045868197049865,-0.1063779354198173,False,False
-0.20276556809751445,-0.10634646361728563,False,False
-0.20988528684662255,-0.10977395854242261,False,False
-0.21584168722013283,-0.11712926434322336,False,False
-0.2603433735392647,-0.15910205169422229,False,False
-0.20416612231908948,-0.10681329423532578,False,False
-0.1970637540955052,-0.10309003724472116,False,False
-0.14219469802534374,-0.0476660239075656,False,False
0.05706826680877348,0.07633196831309559,False,False
-0.20386928036558516,-0.10688499278931038,False,False
-0.23115400794250957,-0.12023704473564016,False,False
-0.19280308757869136,-0.10131400379730372,False,False
-0.19674546243341204,-0.1032560036282797,False,False
-0.11520671437074473,-0.021744186073436655,False,True
-0.21169372213332366,-0.11030542591079394,False,False
-0.09009476348511491,-0.00025627522131463007,False,True
-0.21166035337531622,-0.11156231243183416,False,False
-0.13691655889269577,-0.043647805567106956,False,False
-0.012372248596291546,0.03481867655501707,True,True
-0.19188181468640403,-0.10048906914662636,False,False
-0.22002010773310132,-0.11517843708299019,False,False
-0.20237857590641534,-0.10298385500990156,False,False
-0.8544296744595079,-0.6843690743203433,False,False
-0.2029701358070009,-0.1025677201856181,False,False
-0.7695458816027138,-0.3622363068401696,False,False
-0.2349099552682473,-0.12285808137807588,False,False
-0.22597852767926302,-0.11928677094837095,False,False
-0.2061733551849042,-0.10899378233390268,False,False
-0.1642892308184965,-0.0659551614286929,False,False
-0.18618083258603152,-0.09351607536618474,False,False
-0.245345943373356,-0.14389621161369887,False,False
0.4145273918846642,0.4965628494657396,False,False
-0.22025132804582978,-0.1150991772268623,False,False
-0.23909593341783172,-0.12465622981126545,False,False
-0.22740711662516577,-0.11865709788530537,False,False
-0.21515934566407932,-0.11319034500196641,False,False
-0.2269460633543121,-0.11864492794304936,False,False
-0.20685628700243605,-0.0959474503313556,False,False
0.16916702019198865,0.20078089752656028,False,False
-0.19746947075946727,-0.10289347855881857,False,False
-0.2047792908684336,-0.10902205546483441,False,False
-0.18830585722354645,-0.0976321168824939,False,False
-0.19280097800571844,-0.09652712625818119,False,False
-0.196806295015374,-0.10312171060368422,False,False
-0.21937881240038998,-0.11415194939859394,False,False
-0.2097618702355789,-0.1095818010213802,False,False
-0.36553079586418197,-0.25344336548159746,False,False
-0.20613488195730723,-0.10770029964950234,False,False
-0.22544499518362332,-0.11826287464407778,False,False
-0.1823080225694654,-0.08385624782383994,False,False
-0.217451890165303,-0.11252310271984972,False,False
-0.19842904174666906,-0.10411502294558382,False,False
-0.22317845356028695,-0.12446288798157618,False,False
-0.2126079566096638,-0.11086983455202767,False,False
-0.20993885695249379,-0.10825446720264707,False,False
-0.1634618954646308,-0.06596805197193457,False,False
-0.23778792487294015,-0.12363456344672943,False,False
-0.19214700332227802,-0.10107781868072964,False,False
-0.20640112309266034,-0.10778226602374669,False,False
-0.21288284046081457,-0.1111887869570855,False,False
-0.06510517347192135,-0.007960580427760953,False,True
-0.196257677260193,-0.10273431885200057,False,False
-0.18971129437072579,-0.1000603268230006,False,False
-0.6715108004578568,-0.47581758688306297,False,False
-0.08715298986326436,0.0027831998632000116,True,True
-0.21106095647318157,-0.10814508736212985,False,False
-0.6353122086765325,-0.4435042036373551,False,False
-0.22160146892549576,-0.1156862244196725,False,False
-0.22231812869250983,-0.11622285164782364,False,False
-0.20714227149587827,-0.10817270288159886,False,False
0.37750950496484625,0.2822006294754561,False,False
-0.19228633074460078,-0.09511196498205997,False,False
-0.21539412535209396,-0.11251438960146358,False,False
-0.20268921882895596,-0.10677536575910707,False,False
-0.20205206262135095,-0.1031292986541124,False,False
-0.21309328522565757,-0.11145107597791953,False,False
-0.1653344763395172,-0.07866588898183792,False,False
-0.19255753693338973,-0.10075610510927496,False,False
-0.20030725826505763,-0.1047681113873895,False,False
-0.20230183889008896,-0.10556419336522103,False,False
-0.059223858391857384,0.022334379358437025,True,True
-0.2216854886029905,-0.11540671902512041,False,False
-0.20223841293399686,-0.1038470103227541,False,False
-0.21077379318618786,-0.10931250698295557,False,False
-0.22242378296958681,-0.11643777931612938,False,False
-0.21672881888514048,-0.11396124609909253,False,False
-0.20821758720136796,-0.1078626829831012,False,False
-0.20762608922060682,-0.11162854351526057,False,False
-0.20724786259283373,-0.10308133832209031,False,False
-0.08572821897660965,0.0034736373644905574,True,True
-0.15977972526073775,-0.06487601576085103,False,False
-0.20694476371752313,-0.10843821487618827,False,False
-0.6193234333537911,-0.41007439602916124,False,False
-0.2141746422684324,-0.11223805993961389,False,False
-0.24194129754514912,-0.12589271129974672,False,False
-0.15239836195693024,-0.06105082949214263,False,False
-0.21142337668794872,-0.10991442794706008,False,False
-0.1517501832680881,-0.060885863497496265,False,False
-0.20991741008385237,-0.11025684186089443,False,False
-0.2158847372352172,-0.1130908929962175,False,False
-0.22390111234391413,-0.1165645274219423,False,False
-0.20156996095814617,-0.10584882198093701,False,False
-0.18564436002125628,-0.08519855232043674,False,False
-0.8454000766915124,-0.7033513556515643,False,False
-0.21547406648098794,-0.11256887661070249,False,False
-0.24231467967746173,-0.12635003469251582,False,False
-0.20446473966021644,-0.09958495641501075,False,False
-0.1963870693059036,-0.10334848132136648,False,False
-0.21240442514341185,-0.11152681454651706,False,False
-0.33523074299332545,-0.21004674246525767,False,False
-0.18791103263536313,-0.09867600213159752,False,False
-0.24577825071995127,-0.12802257679760481,False,False
-0.2841799282968023,-0.18324704024043884,False,False
-0.19322712931911867,-0.09611412255049025,False,False
-0.1856252898195397,-0.09755199364192288,False,False
-0.19555253995455735,-0.10056115779073892,False,False
-0.21797428285027934,-0.11447150301559965,False,False
0.3403033849955868,0.260168772277659,False,False
-0.23972367833489133,-0.1251563028981366,False,False
-0.20565113473928037,-0.10750970757492323,False,False
-0.2033991230315258,-0.10625856589933415,False,False
-0.189355271135001,-0.09809204878233255,False,False
-0.22128235126951487,-0.11637257539141448,False,False
-0.24740183509703123,-0.13457221704638195,False,False
-0.18969384582445925,-0.08983795944311271,False,False
-0.21254272024406567,-0.1107847673698319,False,False
-0.21197776072324748,-0.11095631415699572,False,False
0.1018038403173326,0.1561787270860118,False,False
-0.21539841898250855,-0.11269789190009234,False,False
-0.21323343766329497,-0.11056229791703576,False,False
-0.7274881892837358,-0.47578884626795226,False,False
-0.3380674401007535,-0.20960057846682517,False,False
-0.22687205195643806,-0.11863320884725066,False,False
-0.2174810917076262,-0.11008517556634839,False,False
-0.197376437248965,-0.10317270189757362,False,False
-0.20254109171066595,-0.1059035689707902,False,False
-0.20928131611090536,-0.10888176418172693,False,False
-0.19947765609703394,-0.10484513412737842,False,False
0.08558506930109527,0.1525713232542243,False,False
-0.1864609258026607,-0.09177142009428099,False,False
-0.19344068084702487,-0.1015262508660107,False,False
-0.17461228569593043,-0.08444134841145198,False,False
-0.1530238363223398,-0.06045080110541165,False,False
-0.09523297559196126,0.001882816136332538,True,True
-0.20052819136775998,-0.1058187313591094,False,False
0.4520875315695702,0.5207148575747925,False,False
-0.20800997355722745,-0.10938961742310602,False,False
-0.22429549891488942,-0.11664769753696147,False,False
-0.3155943915661013,-0.20665096470577468,False,False
-0.2016532018522264,-0.1061804232800749,False,False
-0.21321455945956952,-0.11166229837035965,False,False
-0.3321761822657774,-0.21499214273172532,False,False
-0.21577618046579342,-0.11181170926003542,False,False
-0.22363947264805606,-0.11638796603005601,False,False
-0.19499149824024142,-0.10205003689817144,False,False
-0.22407063559119672,-0.1175339067871286,False,False
-0.20262768812707949,-0.10461536246825999,False,False
-0.21692498170542657,-0.10998548571229352,False,False
-0.20591042354985323,-0.10668366190819659,False,False
-0.20518529359282253,-0.10744035891626662,False,False
-0.19043583750078158,-0.09970131715754031,False,False
-0.2290112574835169,-0.11947419295410665,False,False
-0.19842479974585928,-0.10405168403992748,False,False
-0.17767864448969406,-0.08203376948988256,False,False
-0.21019362434159716,-0.10975417789117836,False,False
-0.18535655449300686,-0.08352168424687563,False,False
-0.22024567495724653,-0.11178379180526912,False,False
-0.12572635680695282,-0.029911342249982913,False,False
-0.21064796647924078,-0.11004594757250118,False,False
-0.027441411710314917,0.06388767781661311,True,True
-0.21256236811371076,-0.11176160876515986,False,False
-0.21203467628102277,-0.1102990017793875,False,False
-0.22581047020234613,-0.11658897847290622,False,False
-0.23904553433581988,-0.12464755091032308,False,False
-0.22560419801285364,-0.1182130703972467,False,False
-0.23082753834824432,-0.12034661650335098,False,False
-0.1977312174130706,-0.1033091135684122,False,False
-0.2106772158115018,-0.11064967018440958,False,False
-0.19866240634449167,-0.10382071066772439,False,False
-0.23258937772074978,-0.12142462805159086,False,False
-0.2153176138542307,-0.11317401894123098,False,False
-0.20457122527788857,-0.10668649249294,False,False
-0.20787584681737192,-0.10272515128999275,False,False
-0.21750259344334116,-0.11182928405193204,False,False
-0.19474800060481876,-0.10120112567782016,False,False
-0.20115073749430254,-0.10515845611661556,False,False
-0.20124918609241693,-0.10495541046595679,False,False
-0.23590656336455135,-0.12083799588466891,False,False
-0.21049800858882217,-0.1101484543137676,False,False
-0.8605727236835969,-0.7505078680105963,False,False
-0.20804424638854524,-0.11678160253508962,False,False
-0.2413743081454113,-0.12608633970374583,False,False
-0.20686605800469987,-0.10862076327528705,False,False
-0.22674104191345867,-0.11840490092734791,False,False
-0.22241555356882675,-0.11657108958334791,False,False
-0.20670607293743548,-0.1075406708870952,False,False
-0.0551511531199568,0.024420247789480494,True,True
-0.20586687844152216,-0.10021025409451785,False,False
-0.2411515419886616,-0.1254616266349003,False,False
0.4285424233455976,0.38530858405384305,False,False
-0.22842237403545274,-0.11921535072121967,False,False
-0.2029125230550457,-0.10633623542394262,False,False
-0.8394724899219734,-0.5967809682487772,False,False
-0.11285361349461201,-0.0221026627005672,False,True
-0.22289401973474712,-0.11669928379693692,False,False
-0.19447731202284962,-0.10179141724805107,False,False
-0.22794425375045696,-0.11939060080621734,False,False
-0.22551878617166818,-0.11763492245482793,False,False
-0.23240149423023207,-0.12130480732923338,False,False
-0.23683711372973076,-0.12412892717890403,False,False
-0.22660449832617335,-0.11772964368914063,False,False
-0.2127170081747533,-0.10977371106377842,False,False
-0.37891565771184177,-0.26841142905577475,False,False
0.06720722958255015,0.14185372496666654,False,False
-0.2081225257136208,-0.109143979573568,False,False
-0.21053811971002187,-0.10990443933133719,False,False
-0.21540249324208985,-0.11093711655027474,False,False
-0.19805793625919926,-0.09187756655102657,False,False
-0.321791518639056,-0.19261726630231357,False,False
-0.21328435555991856,-0.11173813806080674,False,False
-0.05148412742425103,0.023705150193121412,True,True
-0.20184208776904916,-0.10583759926605045,False,False
0.4855976153314422,0.4649958459294,False,False
-0.863104013136749,-0.7440030911179932,False,False
0.0646954793729067,0.12370449881852648,False,False
-0.23095387173384224,-0.11874115252146336,False,False
-0.20221846610200142,-0.09961184825967903,False,False
-0.21972955945357386,-0.11534972358260819,False,False
-0.24677824175621985,-0.13725288394260882,False,False
-0.21665554743689813,-0.11155084275180988,False,False
0.4231686984395561,0.4325463810559109,False,False
-0.20471512049715435,-0.1071660028683845,False,False
-0.4158987164594217,-0.30154493088460105,False,False
-0.19990723047579778,-0.1045580730235531,False,False
-0.18732545559253264,-0.08848034752234091,False,False
-0.17499061031559993,-0.08037609659452374,False,False
-0.2233902273058901,-0.11703941567806629,False,False
-0.1950076611507016,-0.09751666765443617,False,False
-0.2247898756474762,-0.11709812104441629,False,False
-0.2211719280808675,-0.11549944237783608,False,False
-0.23235564263715355,-0.12076991468610165,False,False
-0.2291793266422365,-0.11909116832224045,False,False
-0.2138205611435321,-0.1110062798092765,False,False
-0.21003892019086212,-0.10261504217365797,False,False
-0.2200421805687061,-0.11490482759353306,False,False
-0.17587995188074437,-0.08395281455917505,False,False
-0.24266167507091202,-0.12558954610373757,False,False
-0.18825904070703958,-0.09339416558018172,False,False
-0.2036016741335916,-0.10654338583277637,False,False
-0.2163147029030913,-0.11339580051212142,False,False
-0.3418638760117565,-0.2355124472442579,False,False
-0.22460669969398164,-0.11734916377324955,False,False
-0.12435004789409386,-0.03098171759555503,False,False
-0.2252397327764448,-0.11760614815459047,False,False
-0.37601728634919473,-0.2571979016062791,False,False
-0.2135716637887939,-0.11137183850517597,False,False
0.1939830146621447,0.21186826129420688,False,False
-0.19949450975743374,-0.10454735444507982,False,False
0.05490236729716758,0.07297308518683977,False,False
-0.20306625207159462,-0.106271726818947,False,False
-0.2043274158413719,-0.10670644583964638,False,False
-0.2122476881214615,-0.1067514454766656,False,False
-0.20546997927506666,-0.10769926296784677,False,False
-0.6593225518467593,-0.47323807906530957,False,False
-0.21312157968963805,-0.11175552143045796,False,False
-0.20367679379754644,-0.10699134836680095,False,False
-0.20017981465661636,-0.10378033724474489,False,False
-0.22612216009070144,-0.11748721917104289,False,False
-0.2178176757230211,-0.11362017830759091,False,False
-0.21739629004282057,-0.11312466315135052,False,False
-0.27987455322626315,-0.18069265327007744,False,False
-0.22041259010116324,-0.11499430755454255,False,False
-0.6050079830249786,-0.4365515619873413,False,False
-0.2175096413204264,-0.11361096650951072,False,False
-0.21773173747556315,-0.11571410196535788,False,False
-0.2171610542747278,-0.10738397077433884,False,False
-0.19739055509480238,-0.10255247791187339,False,False
-0.24408201779557032,-0.13770879759591165,False,False
-0.3005656888326308,-0.1879975240660335,False,False
-0.2317150571946925,-0.1205318605184624,False,False
-0.22638258060316774,-0.11788424621534566,False,False
-0.04138742047883321,0.04126562461574396,True,True
-0.19794848883771476,-0.10498086265503484,False,False
-0.19711453104330065,-0.10379446017263078,False,False
-0.20892791125236343,-0.10908424156065585,False,False
-0.20765570250246532,-0.10697178190662236,False,False
-0.20810338734614262,-0.10681809043326759,False,False
-0.1940219364606274,-0.10157289162826516,False,False
-0.18612863039076233,-0.09828555412552185,False,False
-0.2117217498892361,-0.10928921215641516,False,False
-0.1833585212179115,-0.09602404708789493,False,False
-0.21539642244535834,-0.11343923783992566,False,False
-0.18572322208303088,-0.09564917951177693,False,False
-0.18296952904712127,-0.09626882278123514,False,False
-0.1992264409518979,-0.10672912677331016,False,False
-0.22753463282560907,-0.11871870164548722,False,False
-0.19744998256159274,-0.10084061612283722,False,False
0.37513471984845753,0.4824473744001214,False,False
-0.15316281089339967,-0.05863503900276315,False,False
-0.22700309896958382,-0.11818058044990469,False,False
-0.20662517905026379,-0.10798274606812527,False,False
-0.19561429436235636,-0.10243762399499855,False,False
-0.22687866609635243,-0.11810581578959775,False,False
-0.8419757090091138,-0.6494031808337661,False,False
-0.2103072059842148,-0.11003999840223248,False,False
0.4259447893017511,0.38048364236260274,False,False
-0.15616112709480257,-0.05097281579388039,False,False
-0.23418177199372042,-0.12291412416000401,False,False
-0.21454768175793154,-0.11132557169626611,False,False
-0.19899717008307122,-0.10435103777243518,False,False
-0.19967791374971555,-0.10304756233029191,False,False
-0.22829196139224245,-0.11814223353209952,False,False
-0.18218127500378642,-0.08796250523587552,False,False
-0.21465874291461326,-0.11231159808554156,False,False
-0.21280387527748099,-0.11184849592278759,False,False
-0.1932184660133685,-0.09593480729712328,False,False
-0.15392488676057864,-0.06078472049209057,False,False
-0.21877936615569263,-0.11389689522867358,False,False
-0.19905670884585464,-0.10475427082864086,False,False
-0.17144013019295157,-0.08525942870570186,False,False
0.02484221264000188,0.1050169951210475,False,False
-0.21875575151380863,-0.11203005015857757,False,False
-0.21856205432608086,-0.11461058718129152,False,False
-0.22358717696556707,-0.11576078150264335,False,False
0.02850012545920126,0.0582245379294966,False,False
-0.21067877049141293,-0.11005301370548423,False,False
-0.22762624725638042,-0.11890500205816511,False,False
-0.20116177901135893,-0.10184259235983373,False,False
-0.24766491383397796,-0.1397779498752107,False,False
-0.21188596428002276,-0.11067598963038924,False,False
-0.20074952513191113,-0.10365699445612812,False,False
-0.2103509493771979,-0.10967779592286159,False,False
-0.18936391841358308,-0.09905872031862203,False,False
-0.21206079889003296,-0.11151892477009762,False,False
-0.20165734606104374,-0.10582756041968064,False,False
-0.18418359937780132,-0.08459484715340246,False,False
0.39893818143940696,0.3440004421230234,False,False
-0.16573900803789057,-0.07119324726264091,False,False
0.04223314970517624,0.11086666821714233,False,False
-0.2110019847434823,-0.1103784814310418,False,False
-0.19008869582575713,-0.09575470064562167,False,False
-0.1938354274242604,-0.1027668079732949,False,False
0.4194177000099371,0.3132600965443711,False,False
-0.8510987724094002,-0.7415048157815394,False,False
0.27114347011989737,0.26219136122054015,False,False
-0.20173598227518297,-0.10572573282534892,False,False
-0.2051562417204853,-0.10706687210035042,False,False
-0.19673010156709672,-0.10180391062098311,False,False
-0.1387809709819403,-0.044682682630417477,False,False
-0.2154268966095188,-0.11213810401993222,False,False
0.009137904409269232,0.03147250035706278,False,False
-0.10343274795260952,-0.032320263831858737,False,False
-0.20301522274719105,-0.10630630115939012,False,False
-0.1551762126863016,-0.06862840913168679,False,False
-0.190642851236153,-0.09972866279175024,False,False
0.3427459556404051,0.24560797796861128,False,False
-0.10906315038191176,-0.01003041699830623,False,True
-0.18253330204184778,-0.09429451862274289,False,False
-0.22293631272640482,-0.1152418213504792,False,False
-0.23836354696404632,-0.13803578988985,False,False
-0.6196321979317894,-0.38924073770214257,False,False
-0.48071496152809,-0.29522401201911785,False,False
-0.19177560856195175,-0.10076126646568538,False,False
-0.17899537204605998,-0.07905761866394315,False,False
-0.1820254275608782,-0.08952579905525909,False,False
-0.7400485643957181,-0.4647407121220794,False,False
-0.20985107150792073,-0.10976127945927087,False,False
-0.22074369921330217,-0.11540751463551414,False,False
-0.23465966015506282,-0.12235895065030618,False,False
0.11712532361985709,0.12013550589929697,False,False
-0.20153144395504893,-0.10415042370247976,False,False
-0.20102546210654698,-0.10488914617512454,False,False
-0.20772602580913108,-0.10800290935001228,False,False
-0.5929412783197352,-0.41132720014498897,False,False
-0.19071789912597858,-0.09678356157060997,False,False
-0.24022140312088466,-0.1252901103452079,False,False
-0.2155640177663664,-0.11232914831920217,False,False
0.026562350354753815,0.10141185530906474,False,False
-0.220953811789239,-0.11504272533225965,False,False
0.2189048073657394,0.22303875205182225,False,False
-0.20303231927846863,-0.103270080247687,False,False
-0.21541428911884647,-0.11262072171629313,False,False
-0.22440365293917885,-0.118102766364449,False,False
-0.21756837929273437,-0.1140437432359589,False,False
-0.6182552536215515,-0.3020421303105467,False,False
-0.12203801691406707,-0.024828211869968916,False,True
-0.1756053120659144,-0.08469407984471514,False,False
-0.20490385892306062,-0.1063606484693631,False,False
-0.22207633347626046,-0.1101304451285334,False,False
-0.19894566145650672,-0.10405124795735825,False,False
0.3473130160964152,0.2768690861189044,False,False
-0.20158998749861506,-0.10177012977468351,False,False
-0.22933420839007346,-0.11929563685520336,False,False
-0.22667449834812775,-0.12589784583694635,False,False
-0.21456582714039552,-0.11196779894203651,False,False
-0.20090083145613483,-0.10495461369847074,False,False
-0.22843966458206166,-0.1255200173796648,False,False
-0.16324853773791956,-0.07256254900718655,False,False
-0.20325828950739389,-0.10208410793942413,False,False
-0.2366781359658158,-0.1233279967256426,False,False
-0.22444575975432052,-0.1184432328269669,False,False
-0.21183434707382698,-0.11005126165962056,False,False
-0.20477232074468937,-0.10138513419873404,False,False
-0.20109466846474547,-0.10530908136385458,False,False
-0.19816524812067787,-0.1037573012251828,False,False
-0.1986016495346641,-0.1045453178502857,False,False
-0.20951319122778161,-0.10393001943272386,False,False
-0.30873427508727397,-0.19850861842863654,False,False
-0.20016921233656038,-0.10461258606913826,False,False
-0.1997112888443316,-0.1024173597735677,False,False
0.47037532158552503,0.3671875723603755,False,False
-0.2021448632757623,-0.10583496851007981,False,False
-0.19738725714864797,-0.10433784833734651,False,False
-0.20090862303745377,-0.10448018662528305,False,False
-0.23671887211274611,-0.1234457541730626,False,False
-0.201261632601,-0.10377205576198312,False,False
-0.20085586578721876,-0.10511788587797835,False,False
-0.19847683568052976,-0.10360083753357935,False,False
-0.18753731604187182,-0.09840545400046463,False,False
-0.2222023775506684,-0.11614673920349232,False,False
-0.22333657474301932,-0.11669905862673827,False,False
-0.23077890512946195,-0.12016916413132725,False,False
-0.21314262118863875,-0.11114408936702061,False,False
-0.21126887530288657,-0.10800908307309207,False,False
-0.20959475370547706,-0.10959512763990735,False,False
-0.20947850982983462,-0.10859821840685469,False,False
-0.1860242598898093,-0.08762898347062682,False,False
-0.19819978206476208,-0.09232902577659877,False,False
-0.2174341757163098,-0.1133108309212377,False,False
-0.21481657811581703,-0.11003469584191808,False,False
-0.19315952582786206,-0.09947897607592651,False,False
-0.23238136028407444,-0.12097970523694632,False,False
-0.22881611821519698,-0.11940318977501262,False,False
-0.22501133370891818,-0.1172205904958703,False,False
-0.16540291596421317,-0.07247969212055518,False,False
-0.21296888704485212,-0.10124348773771817,False,False
-0.21141229605625023,-0.11054324915013902,False,False
-0.1641040864614801,-0.06551155269531778,False,False
-0.2125058297784344,-0.1198568617032823,False,False
-0.20894774182173823,-0.10179889479236512,False,False
-0.240613040932341,-0.12503106612243434,False,False
-0.13106453231308468,-0.05442659139246239,False,False
0.4148795349634936,0.28130813549003586,False,False
-0.20180777542429426,-0.10528402679709188,False,False
-0.21627138200794077,-0.11314445021542474,False,False
-0.16369379571328682,-0.065676762570758,False,False
-0.22912226741758634,-0.12009133590778408,False,False
-0.21591297628105993,-0.11351052493325055,False,False
-0.2177705595238091,-0.11420952229920675,False,False
-0.2027555625360056,-0.10563163681020857,False,False
-0.8438515231607255,-0.5703401337475875,False,False
-0.19091448452156495,-0.09992639797956772,False,False
-0.19856549384100014,-0.10487801835109256,False,False
-0.21406476612158135,-0.11174114187598275,False,False
-0.22805334570351832,-0.11599460150726477,False,False
-0.21706072482276764,-0.11071594496365991,False,False
-0.2313706032275526,-0.12103919550961958,False,False
-0.22695397887426966,-0.11888387452064932,False,False
-0.20125020537753396,-0.1048509944190018,False,False
-0.18724575698919582,-0.0979419208455526,False,False
-0.1519736107938859,-0.05299921794249666,False,False
-0.20894880668671512,-0.10905636241156896,False,False
-0.2181230100333178,-0.11421619270278652,False,False
-0.20263274590125135,-0.10559141315737264,False,False
-0.2586217717023965,-0.14380458502046253,False,False
-0.20585658960562944,-0.10753151975670613,False,False
-0.19182412916772354,-0.10056450331782602,False,False
-0.24558649984480072,-0.13503935298684783,False,False
-0.20748658138168036,-0.10056505979381283,False,False
-0.08810540601693581,0.014680398466277361,True,True
-0.18027882260912712,-0.0867460150662173,False,False
-0.20746984644298222,-0.10841105176814576,False,False
-0.18637811339181592,-0.09729131569347399,False,False
-0.14497895081206463,-0.05385379058031964,False,False
-0.19113314044469787,-0.10030105607158354,False,False
-0.2236277250071429,-0.11693307605932571,False,False
-0.8441761724458869,-0.6609972194933956,False,False
-0.20208464641943627,-0.10590538952254921,False,False
-0.21850978404636257,-0.11403110127631003,False,False
-0.2018450566077273,-0.10673556735159315,False,False
-0.23549417037998488,-0.1225366085956931,False,False
-0.2082124536566038,-0.10975592267842486,False,False
-0.1962281756074258,-0.10280321686558083,False,False
-0.04955345061632798,0.036111607456715225,True,True
-0.22211361310581054,-0.11639637779495787,False,False
-0.2985814135745537,-0.18054366833946925,False,False
-0.19771895111094234,-0.10477379886193708,False,False
-0.20074410202057913,-0.10473402971732398,False,False
-0.23761570734616783,-0.12171744492800043,False,False
-0.2184408775209944,-0.11397391908371986,False,False
-0.20537615828340672,-0.10733755883420648,False,False
-0.19318579160934818,-0.10148116864560046,False,False
-0.12266738630987559,-0.027033493508762642,False,True
-0.1861146701414152,-0.09756519898468993,False,False
-0.20366928258033837,-0.10686360309002477,False,False
-0.05184821982257592,0.012398945670497267,True,True
-0.18867264808102055,-0.0992936711287057,False,False
-0.21171314803610172,-0.11083869918548314,False,False
-0.20872776811053326,-0.10903214426293924,False,False
-0.22446775978334438,-0.12020220276595232,False,False
-0.19979216859952859,-0.10402919728763099,False,False
-0.1971772218057597,-0.10310904634334572,False,False
-0.02943865368066785,0.03083371089916081,True,True
-0.20040224141058027,-0.10496961862025116,False,False
-0.21190896351217195,-0.11053680865634999,False,False
-0.1778914326128986,-0.08730220131922944,False,False
-0.20162173684492332,-0.10308738967277278,False,False
-0.21769477050136812,-0.11345996419451446,False,False
-0.2444180160968918,-0.12753491604752062,False,False
-0.2110365211542622,-0.11013723965880085,False,False
-0.20065660538055408,-0.10557255996483429,False,False
-0.21117540415443098,-0.10648122557923848,False,False
-0.19771199301810022,-0.10350351995431593,False,False
-0.11101097313745409,-0.0022263283830767262,False,True
-0.18609834915270215,-0.09434928342858402,False,False
-0.21021781970538142,-0.10986155820279778,False,False
-0.23232448241839856,-0.12119924670317254,False,False
-0.19652386961805218,-0.1028585910074698,False,False
-0.16563399726564831,-0.0712060308879475,False,False
-0.02776078793277314,0.05746662174464603,True,True
-0.20025769347215033,-0.10011249802039177,False,False
-0.1882349613227745,-0.09902128427163043,False,False
-0.2108057426258873,-0.11008486770270673,False,False
-0.23625044372619633,-0.12302693315959386,False,False
-0.22169120169914802,-0.11478187995404668,False,False
-0.18815069870156742,-0.08003945527986947,False,False
-0.21244285899033444,-0.10922645548446408,False,False
-0.20388040008117392,-0.1070194436989579,False,False
-0.06879976719998118,0.02001093483342244,True,True
-0.21196266957170345,-0.11156336064946612,False,False
-0.1885147306126673,-0.0952082412110257,False,False
0.026638737095657367,0.07310399815548876,False,False
-0.22015979776564798,-0.11860033496340461,False,False
-0.21515443665430636,-0.11199552389933776,False,False
-0.20595986710869033,-0.10731442233872641,False,False
-0.17684845149561002,-0.08551430154006498,False,False
-0.1862098626695952,-0.09043460795657889,False,False
-0.2474629236586475,-0.125933619139897,False,False
-0.220856126585034,-0.11379713565116654,False,False
-0.2014466355931849,-0.1056032705803469,False,False
-0.21823027802396708,-0.11339466456443613,False,False
-0.19497876090685523,-0.10241858154108494,False,False
-0.19053700677292443,-0.09372434351385146,False,False
-0.20398516674603634,-0.10763166330678561,False,False
-0.8529842464041696,-0.7202256160286415,False,False
-0.22567926316194892,-0.11763728745113967,False,False
-0.06432118399142327,-0.006099227886698352,False,True
-0.25487156582949766,-0.13226493916059492,False,False
-0.18846409053000895,-0.09807142248580651,False,False
-0.19084545465148875,-0.0998968370970889,False,False
0.4395731711351049,0.5126066167752065,False,False
-0.19663191461943041,-0.10287529135894916,False,False
-0.21935560429198198,-0.11471172425953496,False,False
-0.17682152921590236,-0.08733651721044158,False,False
-0.152289770759072,-0.06768410397537095,False,False
-0.20496839256075658,-0.10139377833379032,False,False
-0.22723559741415744,-0.1186844668956314,False,False
-0.21995690839623955,-0.11462080670090043,False,False
-0.20690909439844002,-0.10673205668114105,False,False
-0.22523038916651372,-0.11688844263727056,False,False
-0.2052032534116403,-0.10810876294426776,False,False
-0.16747029653504097,-0.07026396250911897,False,False
-0.1937178337670167,-0.1036312325597631,False,False
-0.2222629021386693,-0.11634007522835216,False,False
-0.20259298107836465,-0.10632448152832999,False,False
-0.17044382701663893,-0.0705889933018056,False,False
-0.20066841454127116,-0.10574079686001579,False,False
-0.19004166046010035,-0.10020529307198392,False,False
-0.8396343982797723,-0.6840318981379223,False,False
-0.23748717630455266,-0.12396141058964631,False,False
-0.19130609026791848,-0.08208467464486442,False,False
-0.2071523965273101,-0.10857363674898071,False,False
-0.20154908690459855,-0.10577679727699352,False,False
-0.316880626414181,-0.2033194042444627,False,False
-0.3781902886306504,-0.23124365905078467,False,False
-0.20344813239120688,-0.10648054346428369,False,False
-0.02448514358292008,0.043267276498874616,True,True
-0.19980447148870156,-0.10478131577396979,False,False
0.0202727049991654,0.051407703917968284,False,False
-0.18882963317936763,-0.09848139521185903,False,False
-0.19875810084818157,-0.10374580912339017,False,False
-0.21484439006269485,-0.11145074339638214,False,False
-0.2127884691212518,-0.11138600060909254,False,False
-0.18510159894463868,-0.08773770248293786,False,False
-0.23398276664586465,-0.12188671370083756,False,False
-0.20488337591647232,-0.10577742339433358,False,False
-0.21976663545778077,-0.11437585770565058,False,False
-0.20384993589696154,-0.10773086615787339,False,False
-0.09257747164955579,0.005698020534192976,True,True
-0.14843846075825481,-0.06616270634553842,False,False
-0.182686988581367,-0.07696500849847183,False,False
-0.13354320767931244,-0.043632228656455704,False,False
-0.20613486210509363,-0.10712151328599359,False,False
-0.8391426322946364,-0.6064312224307136,False,False
-0.20459554450081557,-0.10762937772286417,False,False
-0.2094354794425846,-0.10864696752294584,False,False
-0.1917651087138191,-0.10060603861519186,False,False
-0.854369725999707,-0.6046733213417386,False,False
-0.22762131189514376,-0.1163905522887348,False,False
-0.18869368112502286,-0.09259796877615825,False,False
-0.2101242789506297,-0.10947575001217631,False,False
-0.22717300996415382,-0.11750670316911647,False,False
-0.21520758180994942,-0.11210530544971535,False,False
-0.8480462146614753,-0.6714138145112073,False,False
-0.19762248904571394,-0.08930248723888551,False,False
-0.21426286246391288,-0.1116371342640018,False,False
-0.20484027450869374,-0.10529948943136432,False,False
-0.20199856706041916,-0.10614736676438397,False,False
0.09370007903971155,0.13158345411387784,False,False
0.4750893789602734,0.3722844799487858,False,False
-0.1601467586276139,-0.05298544814812156,False,False
-0.20400757019989244,-0.10661485130676059,False,False
-0.23239129765423835,-0.118590119049622,False,False
-0.2140550491863567,-0.11264083948365361,False,False
0.1583790160992533,0.16336486030657307,False,False
-0.22047680929239144,-0.11439908684595934,False,False
-0.1986211801592504,-0.10432375648916514,False,False
-0.19125171203701097,-0.10095042599869332,False,False
-0.11549405332824716,-0.02781634621817072,False,True
0.26267443932744783,0.2678473408450002,False,False
-0.010833386340770981,0.06631841951360588,True,True
-0.20466617650974028,-0.10748405177855201,False,False
-0.2088633644428442,-0.11033919992048907,False,False
-0.20700301019740172,-0.10519859955541612,False,False
-0.20140843612243353,-0.10718608136635879,False,False
-0.20808187254411364,-0.10875537709906771,False,False
-0.21507372919202378,-0.11234326970743355,False,False
-0.1975239431481982,-0.09743364344987518,False,False
-0.2046388452794541,-0.10664931819240328,False,False
-0.46107720813415526,-0.33529232246250773,False,False
-0.1922594650092335,-0.10107877730782391,False,False
-0.21416997507001032,-0.11176564805232858,False,False
-0.20230483394487803,-0.10579112696120457,False,False
-0.42257061334408685,-0.2868628361408309,False,False
-0.22304474637061944,-0.11430227709708865,False,False
-0.22016526114224605,-0.10472810563608168,False,False
-0.11024402613560555,-0.006756301492256648,False,True
-0.2150551283611292,-0.11181804343873182,False,False
-0.7613866225256483,-0.5265449059397366,False,False
-0.19319514996006604,-0.10153798351072899,False,False
-0.2102699341586103,-0.10551216906428809,False,False
-0.19396617758457252,-0.10176231263394606,False,False
-0.03403000924261828,0.056995566687779456,True,True
-0.2140836910380316,-0.11219989578339974,False,False
-0.2192652524907662,-0.11496732777144132,False,False
-0.19933482617968648,-0.10514126160068404,False,False
-0.6361012622536797,-0.46038873482908604,False,False
-0.262356041320565,-0.1637949801889555,False,False
-0.8528794450657097,-0.73284619900754,False,False
-0.2203160069923457,-0.11721784867987704,False,False
-0.45781188322111865,-0.27677908221586756,False,False
-0.23809181376525704,-0.12311051108118203,False,False
-0.1956002876697273,-0.101102618312127,False,False
-0.2146267134224921,-0.10614557945525004,False,False
-0.2246577019304613,-0.11434706886933246,False,False
-0.1983750771524343,-0.10077855095097653,False,False
-0.23107995714178498,-0.12036077479676197,False,False
-0.20248972602934792,-0.10630553518604148,False,False
-0.21000986934168714,-0.10984281861340185,False,False
-0.2203818461486184,-0.11585988667508672,False,False
-0.2110604008906507,-0.10717642499938485,False,False
-0.21345662247580025,-0.11095167659242641,False,False
-0.23395482668562215,-0.12175076438725871,False,False
-0.21378329569781718,-0.1116487642488434,False,False
-0.8518286716383774,-0.6874362481350201,False,False
-0.19290618803224957,-0.09759940423054249,False,False
-0.2202177685041766,-0.11481877762125667,False,False
-0.193126154702841,-0.10016479127947954,False,False
-0.18073500452566615,-0.08274037684291788,False,False
-0.20291488044866038,-0.10816458771624249,False,False
-0.17763404251738132,-0.07285152637983816,False,False
-0.5479501850297332,-0.3757197624815349,False,False
-0.22343923774218624,-0.11661953269090827,False,False
-0.18116018179518387,-0.07339859821992119,False,False
-0.8500215357734691,-0.7347582926651951,False,False
-0.2717347115244594,-0.16721846303293417,False,False
-0.1933618869686936,-0.1018677220797973,False,False
-0.22602190443873957,-0.1178542784104537,False,False
-0.2049609566379925,-0.1049023115374484,False,False
-0.21570979246368163,-0.11249998091701638,False,False
-0.19674496631747013,-0.09641761685765916,False,False
-0.2132185440769824,-0.111604488315865,False,False
-0.22041091210413177,-0.10873156924973282,False,False
-0.1959379137181212,-0.10208818530586175,False,False
-0.19643833308919395,-0.10104482022527998,False,False
-0.19513415297064804,-0.10268418306044895,False,False
-0.20356442347880402,-0.10606824841278739,False,False
0.1033365371216572,0.16991407058137542,False,False
-0.13607922263089695,-0.03420211918152949,False,False
-0.2102707376865079,-0.10606865547261349,False,False
-0.22119601449866946,-0.12178323372811961,False,False
-0.22873617280921898,-0.11714868481680853,False,False
-0.19120278288711917,-0.10018596758771044,False,False
-0.2098492697592871,-0.10953912606962127,False,False
-0.22246482460831715,-0.11647783868577176,False,False
-0.22049898538019977,-0.11525653038880412,False,False
-0.19259715854899467,-0.10112399271053196,False,False
-0.2184748738635869,-0.1135084245338793,False,False
-0.2295956192839027,-0.11988750901802045,False,False
-0.22029727009966282,-0.11548758308561033,False,False
-0.17745243269179564,-0.08331624194745572,False,False
-0.1863239262217698,-0.09795266762918817,False,False
-0.22997568467646473,-0.11973082594949533,False,False
0.47268628364268456,0.4803294311464506,False,False
-0.21339293973455842,-0.11261863687989201,False,False
-0.20917080912169086,-0.11026898346318673,False,False
-0.23007029872743778,-0.12106636030797481,False,False
0.012200871342897796,0.07750683221947353,False,False
-0.20053867733302633,-0.1036964921690655,False,False
-0.2068486912935615,-0.1077882745809045,False,False
-0.2200126262532961,-0.11409828250317501,False,False
-0.18075114194044015,-0.08965292156080733,False,False
-0.7435779048257549,-0.5155994389364129,False,False
-0.20835659486877245,-0.108606149148863,False,False
-0.8480838804147521,-0.6328941500709688,False,False
-0.19720238618631308,-0.10281914395658172,False,False
-0.214074628702221,-0.11180311657337856,False,False
-0.1951441249113992,-0.10219170695559424,False,False
-0.30638563393677465,-0.17989501892364645,False,False
-0.17949422622717234,-0.08723589052981241,False,False
-0.2312768400096335,-0.12046292667389485,False,False
-0.2173191718344286,-0.11535780339003147,False,False
-0.17853172870852835,-0.08908745406515672,False,False
-0.20044260559445434,-0.09912368656336905,False,False
-0.22433903294753088,-0.12285545596367786,False,False
-0.18923713192487635,-0.09901872489421436,False,False
-0.12917196735702366,-0.024174492431275174,False,True
-0.22142057061280895,-0.11620083786367139,False,False
-0.2210520274495777,-0.11562864464957583,False,False
-0.23781111795004595,-0.12856757465245594,False,False
-0.21254561943242972,-0.1116811378083816,False,False
-0.191061334362727,-0.10004003142083114,False,False
0.20080806307617433,0.21013654387944447,False,False
-0.22314792021412244,-0.11473468363037215,False,False
-0.21673491194140787,-0.11291414276750444,False,False
-0.20519453015251465,-0.10737826907756437,False,False
-0.21767782403167807,-0.11204375579950904,False,False
-0.21948393974215863,-0.11169673527425293,False,False
-0.19987039714141608,-0.09840254185821884,False,False
-0.21573399124508083,-0.112577758128987,False,False
-0.21674261749345292,-0.11363940299154868,False,False
-0.2011888657672548,-0.1052266602166599,False,False
-0.18078868419228875,-0.07135028686508826,False,False
-0.2140772716364155,-0.11154291778919907,False,False
-0.18594974345618556,-0.08346022500019877,False,False
-0.2020777905962848,-0.10592277610605995,False,False
-0.2233392876229429,-0.11611686192855333,False,False
-0.2252660528336934,-0.11633674441883532,False,False
-0.19616044824479867,-0.09557097517106908,False,False
-0.208300450139051,-0.10870809663629177,False,False
-0.2084114876810327,-0.1093013555478352,False,False
-0.19545422817913075,-0.10206202891574553,False,False
-0.22582344309860772,-0.11810686913433523,False,False
-0.2207515795974913,-0.11530554066730267,False,False
-0.15722397380204317,-0.05888582694076128,False,False
-0.20803406064810526,-0.11085083329039956,False,False
-0.20234954403586553,-0.10580645433971586,False,False
-0.21680667657035033,-0.11319417971048246,False,False
-0.20930545554013297,-0.10941931501438786,False,False
-0.2079880334587034,-0.10802801409677355,False,False
-0.21526549961683303,-0.11215050474517481,False,False
-0.21173411706086145,-0.11090536676962356,False,False
-0.20637494500351036,-0.1085543445968711,False,False
-0.19742991332256635,-0.10377482277105599,False,False
-0.20614145921783777,-0.1075772947766626,False,False
-0.1999906138764342,-0.10451971607777097,False,False
-0.20796485552462493,-0.1090804376629389,False,False
-0.7270813583148364,-0.5035638237216922,False,False
-0.835328871690592,-0.6764648065138985,False,False
-0.18445229137858363,-0.09077837727906216,False,False
-0.21308584598093283,-0.1124926891003831,False,False
-0.23019070262840105,-0.11965733520700919,False,False
-0.18237782901634914,-0.07572291609599083,False,False
-0.22281585269991205,-0.11316425242944704,False,False
-0.09422736583614524,0.014322035204330057,True,True
-0.1751466786311321,-0.08428568610040085,False,False
-0.22375874968816498,-0.11982208198401872,False,False
-0.13599321790754887,-0.05260275880183407,False,False
-0.22136805065108422,-0.1158279067196535,False,False
-0.18918716950882464,-0.09926701918870035,False,False
-0.20738753580047056,-0.10910551183566104,False,False
-0.19630425471310195,-0.10340974082121134,False,False
-0.21217032520165505,-0.11193231708062129,False,False
-0.22144562287221697,-0.11561947439003689,False,False
-0.20220184709315533,-0.10676154072282805,False,False
-0.24541884513574508,-0.13010490674155695,False,False
-0.2149323239410287,-0.11242255306689916,False,False
0.00011706757787617594,0.04707015993590996,False,False
-0.21339212467820962,-0.11188581894001096,False,False
-0.19327738019187718,-0.10157755565529858,False,False
-0.20521701560598712,-0.1067311975478439,False,False
-0.22998801489023168,-0.12042928342193304,False,False
-0.19973069472654623,-0.10478075985904246,False,False
-0.17983026704278726,-0.0907475395823337,False,False
-0.23023444036470553,-0.11972312846697562,False,False
-0.23535976781758436,-0.1225573991643938,False,False
-0.29555925099517116,-0.19737712941399257,False,False
-0.22500270219753193,-0.11730023452724718,False,False
-0.19956529496466038,-0.10181594132019667,False,False
-0.20004899235421908,-0.10248887271293641,False,False
-0.12939471685702156,-0.02576779444238262,False,True
-0.8413297657363948,-0.7366596624417893,False,False
-0.2083007976425536,-0.10651756762826141,False,False
-0.23019945154553456,-0.11962611779099337,False,False
-0.8560928407968331,-0.7617075129345551,False,False
-0.21712988084305368,-0.1123452156744768,False,False
-0.20820925414015967,-0.1091575093633117,False,False
-0.20576537848201243,-0.10809769693992291,False,False
-0.20904154079956141,-0.10675859010259035,False,False
-0.2063710365198747,-0.10817948525695058,False,False
-0.229538392253328,-0.12400413267672142,False,False
-0.2093579635356289,-0.11027345843358524,False,False
-0.3580238205702665,-0.2257484303019201,False,False
-0.19157882922838734,-0.09384602358360117,False,False
-0.2054355930320063,-0.10791639099146635,False,False
-0.19959225826766797,-0.10377974373222179,False,False
-0.18880667096056916,-0.09889044855647107,False,False
-0.18350816338155299,-0.0897089646289033,False,False
0.22064752916966665,0.20698644830730437,False,False
-0.7218066546095526,-0.5043771201946422,False,False
-0.1927707920009292,-0.1013252781625316,False,False
-0.20131323960549666,-0.10370289050997156,False,False
-0.19687311992073514,-0.10193649480648972,False,False
-0.052716876525886816,0.03871401820894014,True,True
-0.11999287666763062,-0.03784898450888622,False,False
-0.20125982684889465,-0.10506909562603362,False,False
-0.2247217439535394,-0.11659722558506454,False,False
-0.22911587248663412,-0.12437713985788922,False,False
-0.19304374705214067,-0.10120528787174943,False,False
-0.1345017778150105,-0.043897038640099695,False,False
-0.2194214776998449,-0.11423351653563528,False,False
-0.21267202234411373,-0.11081896509581442,False,False
-0.21609367849130556,-0.11282423910204452,False,False
-0.20890019931982076,-0.10908960180214769,False,False
-0.20385649610757484,-0.10666156140835427,False,False
-0.7749021820864437,-0.5182977187092374,False,False
-0.2127870773610817,-0.11082415882663914,False,False
-0.21384889050352987,-0.11172317530340624,False,False
-0.21472143214172112,-0.11179700766333711,False,False
-0.6030201560564126,-0.4484557427630275,False,False
-0.2197712589740951,-0.11446800230909143,False,False
0.1218650956135166,0.17493284966264455,False,False
-0.20136793480391058,-0.10547783355231982,False,False
-0.18171447071765665,-0.09578131438973836,False,False
-0.21211775142110317,-0.11099402078341615,False,False
-0.2030562876943885,-0.10692528417312099,False,False
-0.21166454702616433,-0.11108987893686653,False,False
-0.22780537074523505,-0.11901021443637401,False,False
-0.20907620336793878,-0.11002710227866255,False,False
-0.22445121531718193,-0.11553956147970068,False,False
0.16116794149746366,0.20765270395525678,False,False
-0.13393540211432267,-0.03470001863700295,False,False
-0.2017343697329804,-0.10589050212723321,False,False
-0.22647902490745317,-0.11839999856333779,False,False
-0.19165392734350467,-0.10036003113832477,False,False
-0.20252916299305335,-0.10287479255700513,False,False
-0.19202435905280293,-0.09861706870791857,False,False
-0.23160554665060865,-0.11987602756395616,False,False
-0.1926593799301602,-0.09866475305469875,False,False
-0.20556577408197793,-0.10775350999676259,False,False
-0.21954431251700146,-0.11561387494400208,False,False
-0.21795627206955853,-0.11354261969302268,False,False
-0.21494112111912575,-0.11178779863092383,False,False
-0.21009617281342183,-0.11003454208357774,False,False
-0.1962524132520209,-0.10319330288960102,False,False
-0.22401465088694367,-0.11690165050807827,False,False
-0.2233785266871175,-0.11608541260072101,False,False
-0.17145970869233265,-0.07905603695695598,False,False
-0.23841377075505216,-0.12254107208044862,False,False
-0.24923654797413602,-0.1445902011544545,False,False
-0.2015876882480354,-0.10546392850111917,False,False
-0.22498692055334338,-0.12004420062388545,False,False
-0.4542710411271337,-0.3160877659105346,False,False
-0.21439364208478467,-0.11041377090601524,False,False
-0.25204735380855803,-0.13127131572621586,False,False
-0.181790611946456,-0.0871386893520521,False,False
-0.16175256526639759,-0.057694235734098105,False,False
-0.20768174575880766,-0.10889130517992829,False,False
-0.07197506467608705,0.017317585940925796,True,True
-0.19328582932566346,-0.1015868441313912,False,False
-0.22413138395020574,-0.11623287681883115,False,False
-0.2256306617864212,-0.11746393263089848,False,False
-0.21152594378823442,-0.10967839578913968,False,False
-0.857985651307545,-0.6732763313463735,False,False
-0.2029469202890647,-0.1107002017523048,False,False
-0.21860293173229034,-0.11204229312942067,False,False
-0.21596392425332156,-0.10875445078506023,False,False
-0.1997929396739333,-0.10441455703555363,False,False
-0.1880840851686729,-0.0990134404976711,False,False
-0.19873877157504363,-0.09997142146939329,False,False
-0.232493388367601,-0.12181535674783872,False,False
-0.19838841052411205,-0.10313109149017735,False,False
-0.23501976536597133,-0.1255974967776581,False,False
-0.20589172898085528,-0.1069249760975903,False,False
-0.19231891965749742,-0.10083876500527503,False,False
-0.21616289174073458,-0.11203932442677358,False,False
-0.22513608488133022,-0.11741629413920539,False,False
-0.029574586247231874,0.05506150900387791,True,True
-0.2057210786209715,-0.10608300552245238,False,False
-0.05006000412023346,0.035123109284842136,True,True
-0.21152530109050294,-0.110125419301634,False,False
-0.859729696156234,-0.7512032541269131,False,False
-0.14190425988604505,-0.051999305643330836,False,False
-0.18391790187292872,-0.08140366749433506,False,False
-0.20511855641682034,-0.10742386793683079,False,False
-0.2901706753681862,-0.17644235208531306,False,False
-0.23364794110889467,-0.13006246051749992,False,False
-0.07308192367867053,0.00614640330449653,True,True
-0.2228445584128509,-0.11713132734951182,False,False
-0.21551044587343943,-0.10705425078044228,False,False
-0.1871585073780251,-0.08017446989827744,False,False
-0.15813626297781358,-0.05401064318308536,False,False
-0.20010940454746956,-0.10484701396846705,False,False
-0.18001983444420233,-0.0861772753414616,False,False
-0.24578606984440432,-0.1281944089724928,False,False
-0.1833480036500501,-0.08658330719759166,False,False
-0.20792288551190588,-0.10872681825473185,False,False
-0.1368168754420669,-0.04628070233667744,False,False
-0.2316453727506143,-0.12093424800274687,False,False
-0.20601571048623654,-0.10694609277868883,False,False
-0.1776281655355636,-0.08077719926728673,False,False
-0.2075570268265514,-0.10872115441072257,False,False
-0.21260387227038952,-0.11088874288952279,False,False
-0.21793780905705204,-0.11361730907543328,False,False
-0.2159218733460272,-0.11360046299076247,False,False
-0.8538820986557969,-0.5907639895264649,False,False
-0.09693729279048835,-0.0030583381905316745,False,True
-0.21179466626333543,-0.10840910024545625,False,False
-0.20896514276334546,-0.10930844705777401,False,False
-0.20881510277330403,-0.10962351419539795,False,False
-0.21625372590887298,-0.11286982458648857,False,False
-0.18054271757877013,-0.08697600580878352,False,False
-0.2024445331737375,-0.10496794773607551,False,False
-0.25996875592585456,-0.15328431175942517,False,False
-0.1977950410939484,-0.0969126720814033,False,False
-0.2087603402699162,-0.10889476244747855,False,False
-0.8413591172604239,-0.7367100554565351,False,False
-0.22288165879841393,-0.11685271418933164,False,False
-0.21005942268227226,-0.10986844133557147,False,False
-0.22315647700635985,-0.11639455047417832,False,False
-0.20467513035472149,-0.10710441024527838,False,False
-0.22011620400457108,-0.11490487420019288,False,False
-0.2159795029340681,-0.11263244210476255,False,False
-0.1927547885416412,-0.1012999080166684,False,False
-0.22864200227752635,-0.12221776647392849,False,False
-0.20781466316645894,-0.10784187145065116,False,False
-0.18855463705319628,-0.09915452886575037,False,False
-0.2517734569775501,-0.14192110122142568,False,False
-0.2128050219963779,-0.1119398482247632,False,False
-0.2372728632513727,-0.13009349971295003,False,False
-0.2153876879878075,-0.11216797492098124,False,False
-0.18941525607401563,-0.0965212687603586,False,False
-0.22881425646300615,-0.11852743805734829,False,False
-0.1940274620019839,-0.09144503323277905,False,False
-0.19412338352974123,-0.1002214335678411,False,False
-0.307331371198554,-0.1839912340390393,False,False
-0.09358748856282999,0.002895472512305,True,True
-0.2067626941460089,-0.10131131906658358,False,False
-0.18733254165634572,-0.08566077087936717,False,False
-0.20251395562445024,-0.10557239507841014,False,False
-0.2150027077179183,-0.11301774913694185,False,False
-0.21294805017975793,-0.11088040459631668,False,False
-0.2067428146009464,-0.10803260762050518,False,False
-0.18565177217104556,-0.08687210008252604,False,False
0.4679471282435109,0.5117251960380216,False,False
-0.20155899792494086,-0.10573273298058077,False,False
-0.6623845890780832,-0.40503691151848575,False,False
-0.2588649572287289,-0.1591267319895606,False,False
0.06383312447492763,0.12342111817895415,False,False
-0.21600270386377723,-0.11295443207192793,False,False
-0.23678681429434223,-0.12358270383415218,False,False
-0.22211011386209367,-0.1161405323693737,False,False
-0.2082096108033442,-0.10872866340558135,False,False
-0.22114407846178824,-0.11519893293110095,False,False
-0.22000690489857685,-0.11450842572122136,False,False
-0.20465795932580944,-0.10717910726724336,False,False
-0.2164408451152655,-0.1131053767305498,False,False
-0.17994145060746408,-0.08165633390438548,False,False
-0.23607011656901566,-0.12285229387747439,False,False
-0.20834692965216406,-0.1091147949033324,False,False
-0.2013926048918076,-0.1053745638826003,False,False
-0.2008086216487725,-0.10469044967459226,False,False
-0.29848648692493834,-0.18391075179451827,False,False
-0.21019626988934512,-0.1100406271230917,False,False
-0.2014168493932431,-0.1055525824712208,False,False
-0.20589467166706338,-0.10609424307545662,False,False
-0.21298359547615658,-0.10749660607914827,False,False
-0.20009887921718322,-0.10448603460229805,False,False
-0.21394264950710976,-0.11185915178622788,False,False
-0.200020624279971,-0.10276497214550626,False,False
-0.19433807306046064,-0.10149659529512307,False,False
-0.22746793786863578,-0.11974907273062944,False,False
-0.1488421320806703,-0.06767023199025426,False,False
-0.24640549263113146,-0.14836368597678837,False,False
-0.21844756218745,-0.11452735464979295,False,False
-0.1932468861970716,-0.10126470547065072,False,False
-0.2086172392671671,-0.1095770344690861,False,False
-0.20909449999203736,-0.10993821819829704,False,False
-0.22032548906832222,-0.11416735848975015,False,False
-0.04165082784440961,0.020917124318571487,True,True
-0.0030349681687304036,0.0714075288240644,True,True
-0.21334104939985632,-0.11159269561451571,False,False
-0.015921181288020496,0.02836953078414149,True,True
-0.20271588833656812,-0.10571235351361784,False,False
-0.8482370620415174,-0.6787518277029488,False,False
-0.23712941709753388,-0.12297199002446842,False,False
-0.20616194354714554,-0.10725842762351562,False,False
-0.24269715740620557,-0.1260953642141659,False,False
-0.2275965458362026,-0.11942959868218177,False,False
-0.14748254614152878,-0.04734322162204605,False,False
-0.20293486078272271,-0.09729214731614869,False,False
-0.22216613761642662,-0.11562544144643153,False,False
-0.18091128777786325,-0.09151169015298413,False,False
-0.22134310122589373,-0.11578585198485493,False,False
-0.189457724491488,-0.0993914351144086,False,False
-0.12514810085273576,-0.03358270711773629,False,False
-0.21546205303964974,-0.11259292790017854,False,False
0.48478780616272016,0.3781338931551919,False,False
-0.22554198886525947,-0.13169232569050968,False,False
-0.2223568889958954,-0.11475328429942919,False,False
-0.2093137827385016,-0.1092937237264627,False,False
-0.22866729746263897,-0.11954965330956988,False,False
-0.20017106610912194,-0.10468431932356316,False,False
0.25547216987202176,0.18405970116711556,False,False
-0.24753078385941665,-0.1289551673194303,False,False
-0.1869470834647611,-0.08906607393277048,False,False
-0.20473397956175024,-0.10723142498522621,False,False
-0.21882604091135172,-0.11445352201728196,False,False
-0.1702358745553373,-0.07575704763806607,False,False
-0.22992607156121195,-0.12004777817025508,False,False
-0.20714978367115303,-0.10899501927388702,False,False
-0.8470098505786617,-0.6978399638601938,False,False
-0.20376075867264976,-0.1064998345421406,False,False
-0.21140803795725666,-0.11153124803419139,False,False
-0.22109982290005492,-0.1149592151221042,False,False
-0.22781040314660345,-0.11906541894224358,False,False
-0.20103132120534123,-0.1057430250947877,False,False
-0.1813351954152966,-0.08395144484336209,False,False
-0.20150555428633674,-0.1052599376190034,False,False
-0.17227449574826015,-0.07219184199244683,False,False
-0.2034612355391267,-0.10770748464524992,False,False
-0.013764845934483017,0.028709873737943124,True,True
-0.18741748540228853,-0.09588003473899097,False,False
-0.21531632616779817,-0.1109052500377088,False,False
0.442734691499245,0.4041906615538667,False,False
-0.5949085180885355,-0.41647121418758615,False,False
-0.14685865978132406,-0.05787783995506886,False,False
-0.1987194210028363,-0.10433503284924224,False,False
-0.24185406349849467,-0.1263043582413103,False,False
-0.23163320847388064,-0.12105813227073829,False,False
-0.22726942072027906,-0.11869157841924101,False,False
-0.8468680520957085,-0.5365041704410097,False,False
-0.04801177491881036,0.012573684934437803,True,True
-0.1916152333523004,-0.10095678442273513,False,False
-0.2107067062560846,-0.10907772919297629,False,False
-0.20360110571482976,-0.10675419389919619,False,False
-0.2023628513224703,-0.10256456742708575,False,False
-0.21393294384993036,-0.11199463851527572,False,False
-0.8382351942070863,-0.568003624526614,False,False
-0.2133515507943718,-0.10684609466613511,False,False
-0.20569322256923608,-0.10806252254138964,False,False
-0.19781534129874453,-0.10250698429736968,False,False
-0.2007672385845858,-0.10473691839688117,False,False
-0.2032549574570256,-0.1064166992233731,False,False
-0.1900712164273728,-0.08489034616300192,False,False
-0.19589807579427176,-0.09660007382669139,False,False
-0.2792119536975566,-0.18379343167782092,False,False
-0.21421510277170808,-0.11032032629001262,False,False
-0.11288198359686176,-0.01665688872858563,False,True
-0.2402172481476112,-0.12750888305397445,False,False
-0.2306792650101831,-0.11747768625828807,False,False
-0.20312486690571852,-0.09989093517792118,False,False
-0.18062214415335834,-0.08404777318478271,False,False
-0.2077429153032411,-0.11656322822682916,False,False
-0.2138060093789929,-0.11166756639430225,False,False
-0.21953914224408283,-0.11492830214668753,False,False
-0.18959554776920554,-0.09325775310668809,False,False
-0.2076301057891864,-0.10929826718052336,False,False
-0.18283822154752918,-0.082840782746364,False,False
0.21464270835407842,0.23407871610693726,False,False
-0.2061568013849937,-0.10807045926838602,False,False
-0.22271704655220292,-0.11666709542241797,False,False
-0.19860242341635032,-0.10281221355019356,False,False
-0.17261200082681472,-0.07915279332642985,False,False
-0.20371833523831467,-0.10632217496659152,False,False
-0.2341608023487569,-0.1323832465949969,False,False
-0.22514926063407315,-0.11701766307625343,False,False
-0.23202960983263185,-0.11832213735237589,False,False
-0.20105993738223846,-0.10578704925499557,False,False
-0.21098917570687153,-0.11028195208379396,False,False
-0.20125634108548196,-0.10568429004093548,False,False
-0.8325162099660747,-0.6941723413940859,False,False
-0.21744871015347375,-0.11372980498688881,False,False
-0.19859657345045945,-0.10095011687898192,False,False
-0.1875886075506616,-0.09277600642408335,False,False
-0.22258119722946135,-0.11678300597298442,False,False
-0.1729957062092142,-0.08246723509768698,False,False
-0.20726087380389296,-0.10919925693009663,False,False
-0.2181616418869039,-0.11310877925432083,False,False
-0.23603825067704462,-0.1279453859986542,False,False
-0.056018161793447506,0.024658363790792465,True,True
-0.21740933145068686,-0.11409063657830855,False,False
-0.19610699717769386,-0.10191275941578004,False,False
-0.22049775923529044,-0.11554928382880243,False,False
-0.23713109003594549,-0.1301284741224526,False,False
-0.14414783196623532,-0.04893084630277422,False,False
-0.21174955028026016,-0.11089165902372845,False,False
-0.21044360483175625,-0.10987055756442168,False,False
-0.21258621870061298,-0.11108850962500215,False,False
-0.2229948003444136,-0.11599543753661615,False,False
-0.2866920152647628,-0.1845547297674579,False,False
-0.20969663564112995,-0.10975627159817124,False,False
-0.2194961800351199,-0.11457161756466999,False,False
-0.15878985571146145,-0.05928779367762238,False,False
-0.2240452686965429,-0.12086669108899732,False,False
-0.21309645672207728,-0.11784426411178794,False,False
-0.21040976591826493,-0.11063623296303238,False,False
-0.1872572414283596,-0.09258965167585483,False,False
-0.24182441859151121,-0.1435366740440189,False,False
-0.22493961637400145,-0.11735046744072106,False,False
-0.20549199976029414,-0.10726574310204255,False,False
-0.36815745214918133,-0.2550040119080477,False,False
0.2513195505000218,0.21715635009574055,False,False
-0.23953953165712108,-0.12934154664902459,False,False
-0.20397344906559986,-0.10153180469465539,False,False
-0.2147380346490141,-0.11225602932296988,False,False
-0.21718942527040863,-0.11275923031923094,False,False
-0.2029761449233047,-0.1063522749544824,False,False
-0.21224433022420075,-0.11060826067815663,False,False
-0.8426685343780923,-0.7304301634170661,False,False
-0.2002733421843644,-0.10524483293919036,False,False
-0.17313620786165296,-0.08832053125624745,False,False
-0.19544594246878885,-0.10170083847164907,False,False
-0.39529241805841947,-0.28045032386440744,False,False
-0.21996689676844067,-0.11522873605602359,False,False
-0.19818817230574562,-0.09848334582089045,False,False
-0.1959337573922824,-0.1028722433437532,False,False
-0.15274187950556856,-0.06826057441447739,False,False
-0.20336682492247066,-0.10543514912920324,False,False
-0.18609638015394933,-0.09412615323591088,False,False
-0.16371695717268198,-0.07163813695484464,False,False
-0.20284847982707932,-0.10505213138935614,False,False
-0.7617247878080439,-0.4771905257006916,False,False
-0.22346739278811725,-0.11494703938717286,False,False
0.4306248620667264,0.3605669105441493,False,False
-0.13699227317477397,-0.04419897754426699,False,False
-0.1964625343667264,-0.10352999972171192,False,False
-0.20760952941550517,-0.10919981748466392,False,False
-0.19859718223954634,-0.10447309197656081,False,False
-0.20527671367058928,-0.10723665659208229,False,False
-0.2107977149278184,-0.11420223550625636,False,False
-0.20485611221344663,-0.10729521418123081,False,False
-0.19013146915813062,-0.09113188945938262,False,False
-0.21641754828015508,-0.11313858700808874,False,False
-0.2264207405306672,-0.11777525050104407,False,False
-0.21446862813864598,-0.11182395230533144,False,False
-0.20113381381839576,-0.10583819062626859,False,False
-0.210348176097889,-0.11077813809657586,False,False
-0.21035048359484368,-0.109702607689644,False,False
-0.21842944564283717,-0.11415830492332149,False,False
-0.22296934543474684,-0.11659918819567214,False,False
-0.1995030069759037,-0.10434470505473369,False,False
-0.21228371846260422,-0.11010142961131529,False,False
-0.19657259180616996,-0.0988247121887078,False,False
-0.156904159722556,-0.06262890407514671,False,False
-0.2055132666540576,-0.10738986014140017,False,False
-0.8379711080090805,-0.5526158209191981,False,False
-0.20281416633484303,-0.10345608238810708,False,False
0.39584392814828706,0.4922029655739224,False,False
-0.2175287253571627,-0.11394793158657253,False,False
-0.19599765213612708,-0.10273613041112219,False,False
-0.2067869486658694,-0.10789294228752076,False,False
-0.21539447051127925,-0.11283491349266703,False,False
-0.1937420636775545,-0.10136388479696924,False,False
0.30051184641505024,0.25737242787355225,False,False
0.3915506476671537,0.25447538459834196,False,False
-0.18549573910913297,-0.09771436827688462,False,False
-0.2152756664853205,-0.11235390311039146,False,False
-0.2680628265645138,-0.16700768082621203,False,False
-0.19347653928214104,-0.10208412996780669,False,False
-0.1830005595069774,-0.08642068104539254,False,False
-0.2117962073412455,-0.11212104815943222,False,False
-0.14679771849660467,-0.05818602330183761,False,False
-0.19748404768589162,-0.091829787749349,False,False
-0.19452864508785206,-0.10069141591617373,False,False
-0.20676074524755067,-0.10411600505541443,False,False
-0.18836193226540274,-0.09884119106220954,False,False
-0.22099873551909532,-0.11525273256943547,False,False
-0.21777274297203394,-0.11382956467827315,False,False
-0.19094647868858208,-0.10043072217279177,False,False
-0.8368614639205808,-0.5683797030888984,False,False
-0.22101752750960818,-0.11539098546813045,False,False
-0.2657041542184917,-0.16870350363776773,False,False
-0.22000009895808664,-0.1151847775626577,False,False
-0.15630365226412427,-0.0532592548081699,False,False
-0.20038436071176077,-0.10311262694663188,False,False
-0.2203962077787639,-0.11446718708723547,False,False
-0.23428922781201428,-0.12423070322377322,False,False
-0.2339567409413914,-0.1183202760375758,False,False
-0.22984318700263393,-0.12502896312262463,False,False
-0.20941167691496101,-0.10805188200218188,False,False
-0.23784332326110935,-0.1209933294939531,False,False
-0.21386656443983942,-0.11144904260940564,False,False
-0.2071315515058733,-0.10819380740539612,False,False
-0.23929634321670487,-0.1248273628183488,False,False
-0.2077702542991474,-0.10853902568004783,False,False
-0.1073683531988539,-0.02606731887424705,False,True
-0.19946810251746344,-0.10495732358573812,False,False
-0.18396306987812505,-0.07821410614560448,False,False
-0.20723078693482214,-0.10853234731000108,False,False
-0.21098734204843828,-0.10698833326386198,False,False
-0.21109544909597489,-0.11030283071704819,False,False
-0.2019517967300038,-0.10598633142916374,False,False
-0.1758538104223693,-0.0879682714147403,False,False
-0.2325447956039635,-0.12157238357906774,False,False
0.2795974435137366,0.25360621487104895,False,False
-0.24447933388683707,-0.13198084116982647,False,False
0.24914753474790244,0.25893110322453516,False,False
-0.2134288333365601,-0.11114559424260254,False,False
-0.20732763255600006,-0.1081102780061,False,False
-0.21602809055728692,-0.11293988732072724,False,False
-0.1869834631338648,-0.09354085076695373,False,False
-0.23460219689698486,-0.12219010952747332,False,False
-0.2500631845540262,-0.12996015883415404,False,False
-0.15038890074994787,-0.05931658211194199,False,False
-0.20078279748128766,-0.10552545039617939,False,False
-0.14657780069099605,-0.05115317875500257,False,False
-0.19836113376690273,-0.10039558890359776,False,False
-0.22418147439564384,-0.11578930316777691,False,False
-0.22632852564038497,-0.11824290175800717,False,False
-0.20920580973160405,-0.11013794535897263,False,False
-0.20439481939985524,-0.10440812608452812,False,False
-0.18360593381651596,-0.08406882197402694,False,False
