n_alt,n_crit,kappa_max,kappa_min,nu,log_nu,delta_w,tau_wsm,rho_wsm,identical_wsm,tau_topsis,rho_topsis,identical_topsis,tau_topsis_minmax,rho_topsis_minmax,identical_topsis_minmax
10,4,0.22906360361667477,0.08129118432529105,2.817816046291645,0.4499126379258875,0.18829884353074025,0.6888888888888889,0.8303030303030303,False,0.5111111111111111,0.7454545454545455,False,0.7777777777777778,0.9030303030303031,False
5,4,0.33268910787974043,0.1487103366702896,2.237161957444282,0.3496974256157587,0.14745065858634526,0.6,0.7,False,0.6,0.7,False,0.6,0.8,False
8,4,0.2502717065285652,0.0389385307448468,6.42735361953171,0.8080321945403284,0.11917378659876224,0.9285714285714286,0.9761904761904762,False,0.7857142857142857,0.9047619047619048,False,0.7857142857142857,0.9047619047619048,False
6,5,0.3998628570905446,0.04123605886274036,9.696922259516695,0.9866339138737141,0.14479236653702354,0.8666666666666667,0.9428571428571428,False,1.0,1.0,True,0.8666666666666667,0.9428571428571428,False
6,5,0.14397969386467008,0.004292866218194854,33.53929205175047,1.5255538912675881,0.4425050588526065,0.8666666666666667,0.9428571428571428,False,0.8666666666666667,0.9428571428571428,False,1.0,1.0,True
4,4,0.6827104400985937,0.021196003295344434,32.20939488230488,1.507982565808686,0.28917245077262715,0.6666666666666666,0.8,False,0.6666666666666666,0.8,False,1.0,1.0,True
6,3,0.19920133730095013,0.017077973548680264,11.664225660115255,1.0668559130653634,0.4263557517614996,0.06666666666666667,0.08571428571428574,False,0.06666666666666667,0.08571428571428574,False,1.0,1.0,True
5,4,0.7104772425855729,0.27363572738697234,2.596434498402426,0.41437737089749044,0.1051697025635624,0.6,0.7,False,1.0,1.0,True,1.0,1.0,True
4,5,0.536880930820637,0.11503444301495379,4.667132006247717,0.669050084745064,0.09959304555857074,0.6666666666666666,0.8,False,0.6666666666666666,0.8,False,1.0,1.0,True
8,5,0.12829477425080635,0.0002883817414056576,444.87828244805485,2.6482412053812605,0.31538372821366173,0.7857142857142857,0.9047619047619048,False,0.7857142857142857,0.9047619047619048,False,0.8571428571428571,0.9285714285714286,False
5,4,0.20832981148022248,0.012410916548151298,16.786013398379414,1.2249475654254796,0.40289520030495063,0.8,0.9,False,0.8,0.9,False,1.0,1.0,True
4,4,0.43410707807866333,0.22237141782016523,1.9521712022710553,0.2905179019276142,0.08168397378225038,0.6666666666666666,0.8,False,0.6666666666666666,0.8,False,1.0,1.0,True
8,4,0.5858446857496417,0.12705423598864815,4.610981138774262,0.6637933457407666,0.1586764360327858,1.0,1.0,True,1.0,1.0,True,0.9285714285714286,0.9761904761904762,False
5,5,0.8855791281510051,0.12004211330850312,7.377237069025328,0.8678937398248195,0.3790090410636237,1.0,1.0,True,1.0,1.0,True,1.0,1.0,True
8,3,0.5281922470423551,0.4989594716231346,1.0585874746962245,0.02472675107363648,0.003465850935446664,1.0,1.0,True,0.7857142857142857,0.9047619047619048,False,0.7857142857142857,0.9047619047619048,False
4,3,0.09366646668851698,0.029152240048990988,3.2130109565472633,0.5069122065225433,0.24222781627811024,0.6666666666666666,0.8,False,0.3333333333333333,0.4,False,1.0,1.0,True
5,3,0.4830056326254539,0.3436101164772333,1.4056793134495822,0.1478862536250515,0.04317135428662997,0.8,0.9,False,0.8,0.9,False,0.8,0.9,False
10,4,0.41491903846617617,0.021359023717434682,19.425936500462107,1.288381964779473,0.2491586872122287,0.7777777777777778,0.9151515151515152,False,0.7777777777777778,0.9151515151515152,False,0.8666666666666667,0.9515151515151515,False
4,3,0.2899909622400314,0.0641429674500257,4.52100945378688,0.655235415179214,0.30840972741149675,1.0,1.0,True,1.0,1.0,True,1.0,1.0,True
10,5,0.21317650500149216,0.0910776057620518,2.34060286516637,0.3693277323220191,0.18874793242374882,0.7777777777777778,0.8909090909090909,False,0.6,0.8303030303030303,False,0.8666666666666667,0.9636363636363636,False
4,3,0.43761394360841693,0.025120996919221664,17.42024590019955,1.2410542811163072,0.4845668843059143,-0.6666666666666666,-0.8,False,-0.3333333333333333,-0.6000000000000001,False,1.0,1.0,True
6,3,0.2443926058805866,0.043915382166779766,5.565079792471777,0.7454713956575658,0.35141069614175774,0.7333333333333333,0.8285714285714285,False,0.7333333333333333,0.8285714285714285,False,1.0,1.0,True
8,4,0.34491309128176667,0.01798131279208613,19.18175248107507,1.282888282610038,0.19564305138001978,0.8571428571428571,0.9523809523809523,False,0.8571428571428571,0.9523809523809523,False,1.0,1.0,True
4,4,0.3567720270209317,0.039699531165042115,8.986807061492572,0.9536054178864137,0.12937710814873085,0.6666666666666666,0.8,False,0.6666666666666666,0.8,False,1.0,1.0,True
5,3,0.9357771505894786,0.22203910654612716,4.214469987478816,0.6247429654408281,0.32932962140790695,0.8,0.9,False,0.8,0.9,False,1.0,1.0,True
5,3,0.6210404460794371,0.3577311572201891,1.7360535517890072,0.2395631176652149,0.06308397169854194,1.0,1.0,True,0.8,0.9,False,0.8,0.9,False
4,3,0.4104694022044673,0.14144218914381215,2.9020294771047284,0.46270181943145844,0.11424971257486462,1.0,1.0,True,1.0,1.0,True,1.0,1.0,True
5,4,0.2871951971816104,0.042990364519060464,6.680455036560516,0.8248060452804474,0.39614361679497356,0.4,0.6,False,0.4,0.6,False,1.0,1.0,True
8,5,0.14452962423301569,0.025863548963818435,5.588159012114535,0.7472687555490446,0.24734976432814268,0.7142857142857143,0.8809523809523809,False,0.7142857142857143,0.8809523809523809,False,0.9285714285714286,0.9761904761904762,False
8,4,0.33687586704040245,0.08181862103141375,4.117349605622707,0.6146177446624255,0.2952241481114307,0.5714285714285714,0.7380952380952381,False,0.5714285714285714,0.7380952380952381,False,0.9285714285714286,0.9761904761904762,False
4,3,0.6752553055092958,0.5495874949161867,1.2286584242806418,0.08943116273302755,0.04765024189105596,1.0,1.0,True,0.6666666666666666,0.8,False,0.6666666666666666,0.8,False
4,3,0.0652985231522544,0.01616468073412692,4.039580132897793,0.606336227625046,0.27285258594969675,0.6666666666666666,0.8,False,0.6666666666666666,0.8,False,1.0,1.0,True
4,5,0.7466306623940454,0.02689621167232739,27.75969610376278,1.4434147074174961,0.41987043192434037,0.6666666666666666,0.8,False,0.6666666666666666,0.8,False,1.0,1.0,True
6,3,0.2592588695137105,0.016050618736252555,16.15257790106158,1.2082418442436782,0.29983761227213573,0.06666666666666667,0.19999999999999996,False,0.06666666666666667,0.19999999999999996,False,0.7333333333333333,0.8285714285714285,False
8,4,0.29378357135461114,0.023184112690141066,12.671762567254492,1.1028370268797902,0.18557677396149067,0.9285714285714286,0.9761904761904762,False,0.9285714285714286,0.9761904761904762,False,0.9285714285714286,0.9761904761904762,False
10,4,0.3559208062232093,0.03735259919040923,9.52867575290632,0.9790325487845205,0.3477650566792333,0.7777777777777778,0.8909090909090909,False,0.5555555555555556,0.7696969696969697,False,0.7777777777777778,0.8787878787878788,False
5,5,0.07862263787457284,0.0004722236314391532,166.4945006425605,2.221399893217514,0.3511396378671738,0.8,0.9,False,0.6,0.7,False,0.8,0.9,False
4,5,0.41519943156375677,0.03258866983989723,12.740606891622845,1.1051901158647413,0.5153678663299052,-0.3333333333333333,-0.3999999999999999,False,-0.3333333333333333,-0.3999999999999999,False,0.6666666666666666,0.8,False
8,4,0.45553282834285436,0.2959125832798919,1.5394168889075077,0.18735624688443342,0.09939740747831177,0.9285714285714286,0.9761904761904762,False,0.8571428571428571,0.9523809523809523,False,0.8571428571428571,0.9523809523809523,False
6,5,0.5442356279383734,0.01284933576688083,42.35515654426168,1.6269062912285,0.18573616419041666,0.8666666666666667,0.9428571428571428,False,0.6,0.7714285714285715,False,1.0,1.0,True
5,4,0.9685523248767289,0.6000065886987459,1.6142361485990449,0.20796706850961907,0.06489324139338863,1.0,1.0,True,0.8,0.9,False,0.8,0.9,False
4,3,0.18224854359274356,0.006011435662223226,30.316974813138913,1.4816858629392922,0.6396901738550697,0.6666666666666666,0.8,False,0.3333333333333333,0.4,False,1.0,1.0,True
5,5,0.6543162541421451,0.16571349834607235,3.948478914926636,0.5964298232011872,0.05240920001895256,1.0,1.0,True,0.8,0.9,False,0.8,0.9,False
8,4,0.21876942478499709,0.03933903112209673,5.561128948510203,0.7451629653838879,0.1250174607884245,0.7142857142857143,0.8809523809523809,False,0.7857142857142857,0.9047619047619048,False,0.9285714285714286,0.9761904761904762,False
6,4,0.4546671540977944,0.19516361434141716,2.329671725079219,0.36729472873811125,0.09776576880869244,1.0,1.0,True,1.0,1.0,True,1.0,1.0,True
10,4,0.5177776979665243,0.048792533446266516,10.611822370857677,1.025789971803886,0.2970426291874597,0.4222222222222222,0.5757575757575757,False,0.3333333333333333,0.4545454545454546,False,0.8666666666666667,0.9515151515151515,False
10,3,0.8314384711632955,0.6634827267223227,1.2531426029271922,0.09800049488916483,0.022436706799185205,0.9555555555555556,0.9878787878787879,False,0.8666666666666667,0.9515151515151515,False,0.8222222222222222,0.9393939393939394,False
5,5,0.8613453835585358,0.010764610752558745,80.01639848182879,1.9031789999963897,0.24652683208102805,0.6,0.7,False,0.8,0.9,False,1.0,1.0,True
4,4,0.3207566676819138,0.004757640451879632,67.41927450355587,1.8287840747824375,0.3655568499111652,0.6666666666666666,0.8,False,1.0,1.0,True,1.0,1.0,True
5,3,0.44927398963845516,0.25496386928552583,1.76210845440836,0.2460326348941711,0.09953401978469079,1.0,1.0,True,1.0,1.0,True,1.0,1.0,True
6,4,0.8575126238477426,0.12946420030888642,6.623550153596086,0.8210908291444224,0.1339238483436924,0.7333333333333333,0.8285714285714285,False,1.0,1.0,True,0.8666666666666667,0.9428571428571428,False
10,5,0.889099927609935,0.15196874864003196,5.850544507082133,0.7671962875208844,0.16234587392271305,0.9111111111111111,0.9757575757575757,False,0.9111111111111111,0.9757575757575757,False,0.9111111111111111,0.9757575757575757,False
5,4,0.8401987575446974,0.5013722602024419,1.675798252587349,0.22422173323104586,0.06406265900167435,1.0,1.0,True,1.0,1.0,True,0.8,0.9,False
6,3,0.41405043850951134,0.27987822921362915,1.4793949485509645,0.1700841314537713,0.01734191168100965,1.0,1.0,True,0.8666666666666667,0.9428571428571428,False,0.8666666666666667,0.9428571428571428,False
4,4,0.8381910929346805,0.06945004489712395,12.0689784169934,1.0816705106409072,0.23924552307928104,1.0,1.0,True,1.0,1.0,True,1.0,1.0,True
4,3,0.27126776869266844,0.07846280397841555,3.4572785439051423,0.5387343709244485,0.09647156842350821,1.0,1.0,True,1.0,1.0,True,1.0,1.0,True
4,3,0.6539367596855498,0.06804301150175826,9.610638113203455,0.982752224280687,0.204006373080528,0.6666666666666666,0.8,False,1.0,1.0,True,1.0,1.0,True
8,5,0.23524674366896073,0.14566630575214837,1.6149702050357393,0.20816451434022956,0.07556156455575225,0.7857142857142857,0.8809523809523809,False,0.6428571428571429,0.7857142857142857,False,0.7857142857142857,0.9047619047619048,False
5,5,0.3766455942686393,0.06428853011467114,5.858674845901122,0.7677993955071822,0.18346736716892975,0.8,0.9,False,0.8,0.9,False,1.0,1.0,True
8,3,0.6361945144119053,0.06056977215409044,10.503498556720885,1.0213339800990013,0.42390764226090627,0.8571428571428571,0.9523809523809523,False,0.8571428571428571,0.9523809523809523,False,0.9285714285714286,0.9761904761904762,False
4,5,0.7719021706439704,0.10258747731460974,7.5243313398692715,0.8764679117997206,0.2690584583248924,1.0,1.0,True,1.0,1.0,True,0.6666666666666666,0.8,False
4,5,0.6227491894064541,0.19447962627641222,3.202130738970795,0.505439059642762,0.1877552826292072,0.0,0.19999999999999996,False,0.0,0.19999999999999996,False,1.0,1.0,True
5,3,0.5462080325282336,0.4097748457379021,1.3329467101459496,0.12481278710915106,0.02916288723863265,1.0,1.0,True,1.0,1.0,True,1.0,1.0,True
8,5,0.279024834856594,0.0626973045291253,4.450348176013308,0.6483939896339904,0.2486157037267484,0.7857142857142857,0.9285714285714286,False,0.42857142857142855,0.7142857142857143,False,0.8571428571428571,0.9523809523809523,False
6,5,0.251851212917219,0.0416460722481849,6.047418143307579,0.7815699985468693,0.23775855761697517,0.4666666666666667,0.6,False,0.2,0.2571428571428571,False,0.4666666666666667,0.5428571428571429,False
5,5,0.47249141737951783,0.05742680559402752,8.227715480319699,0.9152792651005173,0.02915365838275773,1.0,1.0,True,0.8,0.9,False,0.8,0.9,False
8,4,0.6039980130828746,0.18826702018792862,3.208198719439836,0.5062612611343414,0.25140629428234906,0.07142857142857142,0.1428571428571429,False,0.07142857142857142,0.2142857142857143,False,0.7857142857142857,0.9047619047619048,False
5,5,0.7331071925655164,0.30946882105600987,2.3689210113689114,0.3745505799720157,0.14139873899583544,1.0,1.0,True,1.0,1.0,True,1.0,1.0,True
4,4,0.5177153581327174,0.08997943708235324,5.753707457106308,0.7599477767419558,0.11349145480703685,1.0,1.0,True,1.0,1.0,True,1.0,1.0,True
4,4,0.7681350780080198,0.4383407046975227,1.7523699482490902,0.2436257967650394,0.05990607834502805,1.0,1.0,True,1.0,1.0,True,1.0,1.0,True
4,4,0.6955026710284025,0.11257099664227958,6.178346925650351,0.7908722910915824,0.2920960148558301,1.0,1.0,True,1.0,1.0,True,1.0,1.0,True
5,4,0.7956350358004104,0.11925395544700666,6.671770616005253,0.8242411062874054,0.41273126949699146,0.4,0.4,False,0.4,0.4,False,1.0,1.0,True
4,3,0.7875687181733279,0.43711517166909386,1.8017418959956246,0.255692577334895,0.025330698597197682,1.0,1.0,True,0.6666666666666666,0.8,False,0.6666666666666666,0.8,False
5,5,0.7968086848172177,0.5946157813040592,1.3400395850046003,0.1271176276895396,0.04724085261385927,1.0,1.0,True,1.0,1.0,True,1.0,1.0,True
4,4,0.4696897512324352,0.19899545412064293,2.360303924055074,0.37296792841149434,0.10345191435551014,0.6666666666666666,0.8,False,0.6666666666666666,0.8,False,1.0,1.0,True
8,5,0.5258060762880815,0.12337862668488113,4.261727419180718,0.6295856687166581,0.16933065339403833,0.7857142857142857,0.9047619047619048,False,0.6428571428571429,0.7619047619047619,False,0.9285714285714286,0.9761904761904762,False
4,4,0.5507693463832484,0.16519508423370452,3.334054090863447,0.5229726414346849,0.19944729899682173,0.6666666666666666,0.8,False,0.6666666666666666,0.8,False,1.0,1.0,True
8,5,0.6512133818861772,0.04680967295167539,13.91194043471644,1.1433877095258993,0.2870612430922407,0.8571428571428571,0.9523809523809523,False,0.8571428571428571,0.9523809523809523,False,0.8571428571428571,0.9285714285714286,False
8,3,0.5969254340051694,0.14713312788637514,4.057043050577252,0.6082096161659838,0.2674912834493308,0.5,0.6666666666666667,False,0.35714285714285715,0.47619047619047616,False,0.7857142857142857,0.9047619047619048,False
8,3,0.35162849452215883,0.12335889221611814,2.850451136536426,0.45491360057099234,0.130331574533963,0.8571428571428571,0.9285714285714286,False,0.6428571428571429,0.7857142857142857,False,0.8571428571428571,0.9523809523809523,False
6,3,0.683239837778337,0.02404416529783455,28.416034796244492,1.4535634759048035,0.5069871411976028,0.6,0.7714285714285715,False,0.3333333333333333,0.37142857142857144,False,1.0,1.0,True
10,3,0.5972227660336745,0.009069206201367806,65.85171322686989,1.8185670782392918,0.4342418694380176,0.5111111111111111,0.7212121212121212,False,0.4222222222222222,0.6606060606060606,False,0.8666666666666667,0.9393939393939394,False
5,4,0.592965989579855,0.10592356719165114,5.598055327020693,0.7480371863954255,0.3453609568182012,0.0,0.09999999999999998,False,0.0,0.09999999999999998,False,0.8,0.9,False
10,3,0.6362187922385129,0.2172692366908547,2.9282506899071015,0.46660825427939623,0.1726994987956021,0.7777777777777778,0.8545454545454545,False,0.6444444444444445,0.7575757575757576,False,0.7333333333333333,0.8787878787878788,False
8,4,0.7016289613232175,0.29721535276778643,2.36067536480539,0.3730362679057725,0.1010778235279313,0.9285714285714286,0.9761904761904762,False,0.8571428571428571,0.9523809523809523,False,0.8571428571428571,0.9523809523809523,False
5,5,0.12864039435704028,0.01336698677858213,9.6237391775936,0.983343844250033,0.370634136488772,0.4,0.5,False,0.2,0.19999999999999996,False,0.8,0.9,False
4,3,0.49052557725547863,0.02019931010148783,24.28427380770116,1.38532512094376,0.15904866615773142,1.0,1.0,True,1.0,1.0,True,1.0,1.0,True
6,4,0.28124322347548464,0.09563807798143371,2.9407034249176554,0.4684512273576599,0.10008449831530095,1.0,1.0,True,1.0,1.0,True,1.0,1.0,True
10,3,0.3454545631622545,0.1985623381220033,1.7397788846959281,0.24049405560528658,0.053135058017417976,0.8666666666666667,0.9515151515151515,False,0.8222222222222222,0.9151515151515152,False,0.8666666666666667,0.9515151515151515,False
6,4,0.4882098380459349,0.20447733571356375,2.3875987836981705,0.37796134897935046,0.18584192415250794,0.8666666666666667,0.9428571428571428,False,0.6,0.7714285714285715,False,0.8666666666666667,0.9428571428571428,False
6,3,0.5809694558725234,0.4966007868986576,1.1698923384708877,0.06814589682361287,0.03854599243112045,0.8666666666666667,0.9428571428571428,False,0.8666666666666667,0.9428571428571428,False,1.0,1.0,True
6,5,0.29815175241710107,0.025002695942467977,11.924784154926064,1.0764505268171471,0.4002201489962227,0.4666666666666667,0.7142857142857143,False,0.2,0.4285714285714286,False,1.0,1.0,True
4,5,0.541740320118999,0.2246505898252281,2.4114796250392505,0.382283596852799,0.09602360935146698,0.0,0.19999999999999996,False,0.3333333333333333,0.4,False,1.0,1.0,True
4,5,0.770426957376106,0.02534506707355911,30.397511086070306,1.48283802552202,0.17835617694773143,1.0,1.0,True,1.0,1.0,True,1.0,1.0,True
8,3,0.1572637863676379,0.026520722240860786,5.929845534878003,0.7730433806789605,0.3292168123619703,0.5,0.6666666666666667,False,0.5,0.6666666666666667,False,0.7142857142857143,0.8809523809523809,False
8,5,0.19938053247089854,0.028114690686037006,7.091685079887008,0.8507494416632295,0.3078160270655662,0.7142857142857143,0.7619047619047619,False,0.42857142857142855,0.5952380952380952,False,1.0,1.0,True
8,5,0.25854541275483695,0.17651860779087597,1.4646921137043782,0.1657463432076073,0.04348513483265047,1.0,1.0,True,1.0,1.0,True,1.0,1.0,True
8,5,0.46346527364919643,0.06546625983699622,7.079452450714222,0.8499996691545725,0.16783055860927254,0.7142857142857143,0.8333333333333334,False,0.9285714285714286,0.9761904761904762,False,0.9285714285714286,0.9761904761904762,False
6,5,0.07273193057575485,0.019229832850237064,3.7822445539913248,0.5777496062158559,0.2887651997188024,0.7333333333333333,0.8285714285714285,False,0.7333333333333333,0.8285714285714285,False,1.0,1.0,True
5,3,0.27996033181283386,0.053213843999894136,5.261043194100576,0.7210718674467549,0.24811661647965957,1.0,1.0,True,0.8,0.9,False,1.0,1.0,True
8,4,0.4880683662735738,0.178761735358465,2.7302731498557904,0.43620609815462735,0.14683611738186395,0.7857142857142857,0.9047619047619048,False,0.9285714285714286,0.9761904761904762,False,1.0,1.0,True
6,5,0.7368109823943475,0.06911834150564299,10.660136894684204,1.0277627818222808,0.35337095544140534,0.6,0.7714285714285715,False,0.6,0.7714285714285715,False,0.6,0.7714285714285715,False
8,4,0.4050250355616495,0.07537237599731443,5.373653546104307,0.7302696628665194,0.23677431895689005,0.6428571428571429,0.8095238095238095,False,0.42857142857142855,0.5238095238095238,False,0.7857142857142857,0.9047619047619048,False
6,5,0.5317211736780223,0.0892411506769731,5.958250982181297,0.7751187932530813,0.3228294303363373,0.4666666666666667,0.5428571428571429,False,0.3333333333333333,0.37142857142857144,False,1.0,1.0,True
4,5,0.5203826822422447,0.05900374332070219,8.819485899479238,0.9454432702195092,0.21757751741633005,0.6666666666666666,0.8,False,0.0,0.19999999999999996,False,1.0,1.0,True
6,4,0.6020019282590324,0.08719340407536563,6.904214081741639,0.8391142492595295,0.2181731092329704,0.6,0.7142857142857143,False,0.6,0.7142857142857143,False,0.8666666666666667,0.9428571428571428,False
5,5,0.6048757628850028,0.12945391875342813,4.672517979408887,0.6695509811783271,0.285268993571873,1.0,1.0,True,1.0,1.0,True,1.0,1.0,True
5,3,0.4112309688495221,0.24547520538051248,1.6752444232010946,0.22407818086730313,0.07884131594167439,1.0,1.0,True,1.0,1.0,True,1.0,1.0,True
4,5,0.9327659975946933,0.3767953819647013,2.475523964037331,0.39366713482779486,0.1001501183599639,1.0,1.0,True,1.0,1.0,True,1.0,1.0,True
8,4,0.33064908075884514,0.17838325324451468,1.8535881297318983,0.2680132395948011,0.06677886950907132,0.7857142857142857,0.9047619047619048,False,0.5714285714285714,0.6190476190476191,False,0.7142857142857143,0.7619047619047619,False
8,5,0.3981746661207637,0.1818621449196984,2.189431265612693,0.34033131562374336,0.03609720544729052,1.0,1.0,True,0.9285714285714286,0.9761904761904762,False,1.0,1.0,True
5,3,0.16218650849433555,0.11567318040249844,1.4021098748092375,0.14678204797701488,0.0597524333294249,0.8,0.9,False,0.8,0.9,False,0.8,0.9,False
4,4,0.798637454350684,0.1768503635108317,4.515893767429284,0.6547437169637553,0.3161099209049564,0.3333333333333333,0.4,False,0.3333333333333333,0.4,False,1.0,1.0,True
4,4,0.14923959463430206,0.05012250307441966,2.9774968422814054,0.4738513095736268,0.18218060789088358,1.0,1.0,True,1.0,1.0,True,1.0,1.0,True
4,5,0.1672070314004385,0.003750249677222465,44.58557316100909,1.649194354000502,0.5666365619681611,0.0,0.0,False,0.0,0.0,False,1.0,1.0,True
4,3,0.7868468945917347,0.21363639038601434,3.683112662436944,0.566215003657068,0.24161367181446833,0.6666666666666666,0.8,False,0.6666666666666666,0.8,False,1.0,1.0,True
8,3,0.7730942725036015,0.2730470903712794,2.8313587647081135,0.4519949028024807,0.17773220968676012,0.9285714285714286,0.9761904761904762,False,1.0,1.0,True,0.9285714285714286,0.9761904761904762,False
6,3,0.080731489112363,0.04240069167277722,1.904013494248999,0.2796700220196269,0.15212927747962812,0.8666666666666667,0.9428571428571428,False,0.8666666666666667,0.9428571428571428,False,1.0,1.0,True
5,5,0.08612756266321468,0.01086225114334122,7.929071195162297,0.8992223174007875,0.08346811242249924,1.0,1.0,True,0.8,0.9,False,1.0,1.0,True
10,3,0.4744831516541323,0.2861692688870289,1.6580506827229797,0.21959780178150365,0.10589027411504683,0.9111111111111111,0.9757575757575757,False,0.8666666666666667,0.9393939393939394,False,0.9555555555555556,0.9878787878787879,False
5,3,0.6075359223015953,0.4510782981431809,1.3468524750605602,0.12932002870304,0.0594090188952664,0.8,0.9,False,1.0,1.0,True,1.0,1.0,True
10,3,0.34379611710843405,0.02460795984257851,13.970931328472087,1.1452253579634715,0.18201026735176773,0.9111111111111111,0.9757575757575757,False,0.8666666666666667,0.9636363636363636,False,0.8666666666666667,0.9515151515151515,False
8,3,0.6046302869454087,0.23091784666156914,2.6183783353433494,0.4180323989300425,0.21183684860842183,0.7857142857142857,0.8571428571428572,False,0.7857142857142857,0.8571428571428572,False,1.0,1.0,True
4,3,0.7487474699209381,0.2856455108747578,2.6212471101868906,0.4185079646825261,0.04295075025993254,1.0,1.0,True,1.0,1.0,True,1.0,1.0,True
4,5,0.17743173414538088,0.0202620062846915,8.756868971592343,0.9423488514388464,0.14357016662354893,0.6666666666666666,0.8,False,0.6666666666666666,0.8,False,1.0,1.0,True
10,3,0.43413372868157485,0.3598129428392503,1.2065539534366374,0.0815467470122366,0.03252261600189862,0.9111111111111111,0.9636363636363636,False,0.9555555555555556,0.9878787878787879,False,0.9111111111111111,0.9636363636363636,False
4,3,0.08223347403707912,0.02858890453602867,2.876412208469527,0.4588511233783501,0.21942707696060695,1.0,1.0,True,1.0,1.0,True,0.6666666666666666,0.8,False
8,5,0.8253927402265312,0.18422598197439477,4.480327537821298,0.6513097645938375,0.08138663299234603,0.8571428571428571,0.9523809523809523,False,0.6428571428571429,0.7857142857142857,False,0.8571428571428571,0.9523809523809523,False
8,5,0.43222952521144903,0.005382844061908625,80.29761222135299,1.904702631025771,0.4512421705578226,0.21428571428571427,0.30952380952380953,False,0.07142857142857142,0.16666666666666663,False,0.8571428571428571,0.9285714285714286,False
8,4,0.1619460859060229,0.009316019188369327,17.383614461724427,1.2401400815244814,0.4395792102292723,0.42857142857142855,0.6190476190476191,False,0.2857142857142857,0.4285714285714286,False,0.7857142857142857,0.9047619047619048,False
8,4,0.4016711022099067,0.04599975055324068,8.732027834287397,0.9411151114001521,0.30757052296958165,0.42857142857142855,0.5952380952380952,False,0.5714285714285714,0.7619047619047619,False,1.0,1.0,True
5,5,0.5682824729848398,0.05467557448268841,10.393717457040674,1.0167709067800914,0.28631931892683116,0.8,0.9,False,0.8,0.9,False,1.0,1.0,True
8,5,0.4738428599815444,0.0397419181384057,11.922999245265677,1.0763855164633847,0.42528266180483854,0.35714285714285715,0.40476190476190477,False,0.2857142857142857,0.3571428571428571,False,0.9285714285714286,0.9761904761904762,False
6,3,0.5008543449959115,0.22759579323688794,2.2006309425605592,0.3425472151800758,0.13128505870755755,0.6,0.7714285714285715,False,0.7333333333333333,0.8285714285714285,False,0.8666666666666667,0.9428571428571428,False
4,5,0.9459649626782729,0.3913343072890315,2.4172809412725096,0.383327127922718,0.13785911935545625,0.3333333333333333,0.4,False,0.3333333333333333,0.4,False,1.0,1.0,True
5,5,0.40250436674767676,0.1279131426923102,3.1467006303858684,0.49785542713441217,0.13299802411759484,1.0,1.0,True,0.6,0.7,False,0.2,0.30000000000000004,False
10,4,0.7450201239842211,0.024863313742726777,29.964635111126167,1.4766089935229334,0.28091678116858676,0.7333333333333333,0.8787878787878788,False,0.6888888888888889,0.8666666666666667,False,0.9555555555555556,0.9878787878787879,False
8,4,0.6494708402128607,0.29920369672250974,2.1706644915320963,0.33659270197287,0.1434886641514563,0.7142857142857143,0.8809523809523809,False,0.7142857142857143,0.8809523809523809,False,0.8571428571428571,0.9285714285714286,False
8,4,0.412639281998055,0.06608586125275798,6.243987354777649,0.7954620148650996,0.15399747382758594,1.0,1.0,True,0.7857142857142857,0.9047619047619048,False,0.5,0.6428571428571428,False
4,3,0.7044100513629484,0.13435219373061102,5.24301116191757,0.71958078229012,0.06877508539576516,1.0,1.0,True,1.0,1.0,True,1.0,1.0,True
6,3,0.3817653884946854,0.0246821760722084,15.467250025376725,1.189413105879899,0.3557972850966407,0.7333333333333333,0.8857142857142857,False,0.7333333333333333,0.8857142857142857,False,1.0,1.0,True
8,3,0.6709849498027114,0.1483174177840043,4.52397944775001,0.6555206232761772,0.2683159573532863,0.9285714285714286,0.9761904761904762,False,0.7857142857142857,0.9047619047619048,False,0.9285714285714286,0.9761904761904762,False
8,5,0.7134512193975815,0.08251737731144493,8.646072410859109,0.9368188684292839,0.12286575689802821,0.7142857142857143,0.8571428571428572,False,0.7142857142857143,0.8571428571428572,False,0.9285714285714286,0.9761904761904762,False
4,5,0.6154851123675389,0.06105233933569086,10.08126992437206,1.003515243062737,0.15007473235258073,1.0,1.0,True,0.6666666666666666,0.8,False,1.0,1.0,True
5,3,0.3922578943624391,0.13730838394283262,2.856765793142654,0.4558746369822857,0.17572734791055125,1.0,1.0,True,1.0,1.0,True,0.8,0.9,False
10,5,0.21124638432001344,0.057631201519991807,3.6654863814190697,0.5641316102871913,0.17511598578245724,0.9111111111111111,0.9636363636363636,False,0.7777777777777778,0.9030303030303031,False,0.8666666666666667,0.9515151515151515,False
5,4,0.6157434584833726,0.0249788974920736,24.650545871934987,1.391826540917277,0.5081291560909159,0.6,0.8,False,0.6,0.8,False,1.0,1.0,True
8,5,0.8614177025845139,0.11398195077157838,7.557492188418945,0.8783777069542807,0.18664129004345184,0.8571428571428571,0.9285714285714286,False,0.6428571428571429,0.8095238095238095,False,0.8571428571428571,0.9523809523809523,False
8,5,0.281489388941611,0.015918463828083432,17.683200587943848,1.247560873340136,0.17026907672084846,0.8571428571428571,0.9285714285714286,False,0.7142857142857143,0.8571428571428572,False,0.9285714285714286,0.9761904761904762,False
10,4,0.908436055997024,0.3237897215675028,2.805635866377649,0.4480313047947233,0.06403847954555913,0.8666666666666667,0.9515151515151515,False,0.8222222222222222,0.9151515151515152,False,0.8222222222222222,0.9151515151515152,False
5,4,0.23203498410134313,0.04497069980355321,5.159692535579577,0.7126238229296145,0.16838456014829004,1.0,1.0,True,0.4,0.6,False,0.4,0.6,False
5,5,0.5857217620414882,0.07747493189395281,7.560145555670319,0.8785301570641556,0.3335462340192695,0.4,0.6,False,0.6,0.7,False,1.0,1.0,True
8,4,0.9707640850060308,0.43378879756450833,2.2378726478279596,0.3498353681980145,0.09255648164027834,1.0,1.0,True,0.9285714285714286,0.9761904761904762,False,0.9285714285714286,0.9761904761904762,False
4,5,0.4278594335442359,0.03290460516783215,13.003025909258206,1.1140444279050457,0.30596733844456886,1.0,1.0,True,1.0,1.0,True,0.6666666666666666,0.8,False
4,3,0.5846095576531918,0.1120856204225058,5.215740925948353,0.7173160111699196,0.20238094972152487,1.0,1.0,True,1.0,1.0,True,1.0,1.0,True
10,3,0.6016870130937276,0.41571809182701436,1.447343824869306,0.16057171253300775,0.03864642400679466,0.9555555555555556,0.9878787878787879,False,0.9111111111111111,0.9757575757575757,False,0.9555555555555556,0.9878787878787879,False
10,5,0.10748582449820342,0.03751651464299208,2.86502692262796,0.4571287073832778,0.09649631452844094,0.7777777777777778,0.9272727272727272,False,0.7333333333333333,0.9030303030303031,False,1.0,1.0,True
10,3,0.6260759173250895,0.3750938225472667,1.6691181770782875,0.22248708673079465,0.12301186199153077,0.8666666666666667,0.9515151515151515,False,0.8222222222222222,0.9272727272727272,False,0.9111111111111111,0.9636363636363636,False
6,4,0.21900395023430233,0.07494596372525585,2.922158036878757,0.4657036998557703,0.018811695866868712,1.0,1.0,True,1.0,1.0,True,1.0,1.0,True
5,5,0.5201860103604794,0.04092457752855256,12.710846189794907,1.104174463482867,0.32124313766277385,0.8,0.9,False,0.6,0.7,False,0.8,0.9,False
5,3,0.33036379171997776,0.2335005028229315,1.4148311790535413,0.15070462192423822,0.0565120667791056,1.0,1.0,True,1.0,1.0,True,1.0,1.0,True
4,5,0.8100922071850412,0.16421236363130565,4.93319862930023,0.6931286021583425,0.18742030372472132,0.6666666666666666,0.8,False,0.6666666666666666,0.8,False,0.6666666666666666,0.8,False
5,4,0.5034910417022104,0.1957855851119145,2.57164510559771,0.4102110345028906,0.08690845286709047,1.0,1.0,True,1.0,1.0,True,1.0,1.0,True
8,3,0.44678438741280385,0.232830935734768,1.9189219250479859,0.2830573050061224,0.15163008660853688,0.8571428571428571,0.9523809523809523,False,0.8571428571428571,0.9523809523809523,False,0.6428571428571429,0.7857142857142857,False
5,5,0.7826187571753307,0.11090597974206975,7.056596578366502,0.8485952897740285,0.3265036507642099,0.8,0.9,False,0.8,0.9,False,1.0,1.0,True
10,3,0.26200367226965315,0.020313207555180655,12.898193037462166,1.110528872405732,0.14034229784190674,0.8666666666666667,0.9515151515151515,False,0.8666666666666667,0.9515151515151515,False,0.9555555555555556,0.9878787878787879,False
10,3,0.415289165936496,0.08959105545564487,4.6353864659788915,0.6660859484147595,0.29010765339877465,-0.022222222222222223,-0.018181818181818077,False,-0.06666666666666667,-0.06666666666666665,False,0.9111111111111111,0.9757575757575757,False
4,5,0.3394297865111584,0.03569418650105305,9.50938569482835,0.978152462472288,0.27195553420842183,1.0,1.0,True,0.6666666666666666,0.8,False,1.0,1.0,True
4,5,0.6050772788011074,0.10505772624734588,5.759474342427378,0.7603828479022616,0.12934719198695127,0.6666666666666666,0.8,False,0.6666666666666666,0.8,False,1.0,1.0,True
6,4,0.2938242031512355,0.01893235350746143,15.519687133452097,1.1908829619231422,0.18710975052166515,0.8666666666666667,0.9428571428571428,False,0.7333333333333333,0.8857142857142857,False,0.7333333333333333,0.8857142857142857,False
8,4,0.5339393396002536,0.2700483333525845,1.977199166421615,0.29605041869215354,0.0977013887545894,0.9285714285714286,0.9761904761904762,False,0.8571428571428571,0.9285714285714286,False,0.8571428571428571,0.9523809523809523,False
10,4,0.170936353709187,0.0029945426897907915,57.082623745813606,1.7565039268136828,0.3101004089784116,0.7333333333333333,0.9030303030303031,False,0.7333333333333333,0.9030303030303031,False,0.8222222222222222,0.9272727272727272,False
8,5,0.4357306924655508,0.13122486831089664,3.3204887005860924,0.5212020067006095,0.08694771915268316,0.9285714285714286,0.9761904761904762,False,0.8571428571428571,0.9285714285714286,False,0.9285714285714286,0.9761904761904762,False
4,4,0.20484431486763435,0.004057139352644394,50.489839517991776,1.7032039902922107,0.4567089942877641,0.3333333333333333,0.6,False,0.0,0.0,False,1.0,1.0,True
4,3,0.6444651891218991,0.44708927124596415,1.4414686966753627,0.15880521557003377,0.05976560759949236,1.0,1.0,True,0.6666666666666666,0.8,False,0.6666666666666666,0.8,False
6,3,0.6275128627068126,0.2904540295154746,2.160455008152056,0.33454522648397644,0.11494518449366073,0.8666666666666667,0.9428571428571428,False,1.0,1.0,True,0.8666666666666667,0.9428571428571428,False
4,5,0.9594220276893315,0.4614905602071625,2.078963494413774,0.31784686339888063,0.09950739275189133,1.0,1.0,True,1.0,1.0,True,1.0,1.0,True
8,4,0.2666141747257311,0.038555784137362624,6.9150240536919245,0.8397936951275424,0.07688488550137412,0.9285714285714286,0.9761904761904762,False,0.9285714285714286,0.9761904761904762,False,1.0,1.0,True
8,3,0.2617765925731331,0.2466598411712166,1.0612858231363334,0.025832362877788718,0.012279707217070987,1.0,1.0,True,1.0,1.0,True,1.0,1.0,True
8,5,0.21464816342452397,0.02364891112458038,9.07645017077953,0.9579160277414402,0.31446449905828866,0.6428571428571429,0.7857142857142857,False,0.6428571428571429,0.7857142857142857,False,0.8571428571428571,0.9523809523809523,False
6,5,0.43119268735831123,0.1250072980616692,3.449340110864118,0.537736018661139,0.20720208704726734,0.6,0.7714285714285715,False,0.4666666666666667,0.5428571428571429,False,0.8666666666666667,0.9428571428571428,False
8,5,0.4738347255254056,0.023296606739074827,20.339216385119087,1.308334216719743,0.43523057307286656,0.42857142857142855,0.5952380952380952,False,0.5,0.6904761904761905,False,0.8571428571428571,0.9523809523809523,False
10,5,0.681837923106531,0.12554043459129552,5.431221624497831,0.734897524820368,0.08472780928528346,1.0,1.0,True,0.9555555555555556,0.9878787878787879,False,1.0,1.0,True
8,3,0.27483669860462673,0.04201722226068479,6.5410487369425265,0.8156473850448762,0.1584294075991619,0.9285714285714286,0.9761904761904762,False,0.9285714285714286,0.9761904761904762,False,0.9285714285714286,0.9761904761904762,False
8,5,0.30712911575637364,0.010670392943994283,28.783299484809945,1.459140576463413,0.2547333977152401,1.0,1.0,True,1.0,1.0,True,1.0,1.0,True
8,5,0.3832547942019031,0.06803606015782246,5.633112695050805,0.750748439740433,0.21973506654728509,1.0,1.0,True,1.0,1.0,True,1.0,1.0,True
5,5,0.02891667508229325,0.009301051533565462,3.108968375761635,0.49261630444844495,0.22943745568934287,0.8,0.9,False,0.4,0.4,False,1.0,1.0,True
8,3,0.8220174587778776,0.15683715910218957,5.241216198241889,0.7194320745598501,0.1774348243763087,1.0,1.0,True,0.8571428571428571,0.9285714285714286,False,1.0,1.0,True
8,5,0.09103141050277036,0.0018996943350348939,47.918977688154925,1.6805075441657065,0.3511209247909574,0.5,0.5952380952380952,False,0.5714285714285714,0.6904761904761905,False,0.7857142857142857,0.9047619047619048,False
8,4,0.1479172055652479,0.04992351217358358,2.962876591053496,0.4717135627386916,0.02347462884114593,0.9285714285714286,0.9761904761904762,False,0.8571428571428571,0.9285714285714286,False,0.8571428571428571,0.9285714285714286,False
5,5,0.8811687889303232,0.24901486415510046,3.5386192383196176,0.5488338342981393,0.09961353676118284,0.8,0.9,False,0.4,0.6,False,0.4,0.6,False
6,5,0.2833883701619603,0.06856671426183722,4.133031212136633,0.6162686850318955,0.14970986917853116,0.8666666666666667,0.9428571428571428,False,0.8666666666666667,0.9428571428571428,False,1.0,1.0,True
5,3,0.6675506461002148,0.04207687365436839,15.865024848751927,1.2004407566549873,0.20200678908550176,1.0,1.0,True,1.0,1.0,True,0.8,0.9,False
10,4,0.4564172690508539,0.30519036221533125,1.4955166530695585,0.17479125340608564,0.07072373296312769,0.8666666666666667,0.9515151515151515,False,0.9111111111111111,0.9636363636363636,False,0.7777777777777778,0.9151515151515152,False
10,3,0.14387352709254914,0.0002574989458322864,558.7344292567399,2.7472054334427196,0.52408223310141,0.06666666666666667,0.07878787878787874,False,0.06666666666666667,0.07878787878787874,False,0.9111111111111111,0.9757575757575757,False
4,5,0.1945392810501332,0.10193420284411676,1.9084789562314486,0.2806873755804036,0.0760789947426056,1.0,1.0,True,1.0,1.0,True,1.0,1.0,True
10,4,0.7891419162210115,0.09299020809448515,8.486290464160449,0.9287178924816463,0.3372227473379707,0.8222222222222222,0.9272727272727272,False,0.8222222222222222,0.9272727272727272,False,0.9555555555555556,0.9878787878787879,False
10,4,0.430603805381833,0.2748092718754217,1.5669187667564222,0.19504648206916467,0.05751335949099114,1.0,1.0,True,0.9555555555555556,0.9878787878787879,False,0.9555555555555556,0.9878787878787879,False
4,3,0.02707151409416585,0.0007809643685620822,34.66421151754455,1.539881326055806,0.5831223263300918,1.0,1.0,True,1.0,1.0,True,1.0,1.0,True
10,4,0.6781049226194759,0.10346095220784135,6.554211111943814,0.8165204259501803,0.2998029890463805,0.7777777777777778,0.8909090909090909,False,0.7777777777777778,0.9030303030303031,False,0.8222222222222222,0.9393939393939394,False
10,3,0.09196358631358283,0.024852231796921198,3.700415602967105,0.5682505035099749,0.26760778638536065,0.5111111111111111,0.6606060606060606,False,0.4222222222222222,0.6,False,1.0,1.0,True
6,4,0.09500296463813244,0.014568871439431471,6.520955657174695,0.8143112469932564,0.04750247737241092,1.0,1.0,True,1.0,1.0,True,1.0,1.0,True
4,3,0.41359950413749647,0.2521603469854333,1.6402242028947909,0.21490321598974288,0.11931719670960347,1.0,1.0,True,1.0,1.0,True,1.0,1.0,True
8,4,0.36106764795699103,0.002534228139835227,142.47637856234635,2.153742867780443,0.5474845367898904,0.7142857142857143,0.8809523809523809,False,0.7142857142857143,0.8809523809523809,False,0.8571428571428571,0.9285714285714286,False
8,3,0.09924992785725699,0.03175619051703768,3.1253726041504417,0.4949018009697176,0.23121492747180292,0.7857142857142857,0.9047619047619048,False,0.7857142857142857,0.9047619047619048,False,1.0,1.0,True
5,4,0.952291090276726,0.40566409016560284,2.3474867836727378,0.3706031558714144,0.08175801895848164,0.6,0.7,False,0.6,0.7,False,1.0,1.0,True
5,3,0.3609734015120625,0.013774195768572767,26.20649564960109,1.4184089506759994,0.6697082537199183,0.4,0.6,False,0.4,0.6,False,1.0,1.0,True
8,5,0.41529627452832235,0.06214622548797147,6.6825663386752465,0.8249432787458353,0.29893036792018574,0.35714285714285715,0.5714285714285714,False,0.42857142857142855,0.5952380952380952,False,0.9285714285714286,0.9761904761904762,False
4,5,0.6509762530355598,0.07642045464390998,8.518350958003865,0.9303555291381249,0.12905667039674812,0.6666666666666666,0.8,False,0.6666666666666666,0.8,False,1.0,1.0,True
5,5,0.7171336855554253,0.04491062885748321,15.96801701029767,1.2032509865857357,0.3265377151642991,0.4,0.4,False,0.4,0.4,False,0.6,0.8,False
10,5,0.17866271157412345,0.040743768938342056,4.385031533045224,0.6419727207529826,0.1641066199030734,0.6888888888888889,0.8666666666666667,False,0.7777777777777778,0.9272727272727272,False,0.8666666666666667,0.9393939393939394,False
6,3,0.5984957304816638,0.10081132955830986,5.936790369673218,0.7735517140934002,0.2657712837860907,0.6,0.6571428571428571,False,0.6,0.6571428571428571,False,1.0,1.0,True
4,3,0.3944519656062479,0.11995123916169574,3.2884359374665015,0.5169893857191321,0.19972934214930083,0.3333333333333333,0.4,False,0.3333333333333333,0.4,False,0.6666666666666666,0.8,False
8,4,0.34773142535179924,0.07493602540344838,4.640377221436634,0.6665532862724325,0.20013129863977427,0.7857142857142857,0.9047619047619048,False,0.8571428571428571,0.9285714285714286,False,0.9285714285714286,0.9761904761904762,False
4,4,0.4995051359653959,0.059327086496822966,8.419512324842136,0.9252869370146508,0.15549068678318695,0.6666666666666666,0.8,False,0.6666666666666666,0.8,False,0.6666666666666666,0.8,False
8,4,0.8785525427989479,0.019498291597469988,45.0579240936107,1.6537711790554177,0.23853375417673897,0.7142857142857143,0.8333333333333334,False,0.6428571428571429,0.7380952380952381,False,0.8571428571428571,0.9285714285714286,False
4,4,0.19427363362037067,0.09866353789165366,1.9690519696520632,0.29425717872586094,0.035483872402448206,0.6666666666666666,0.8,False,1.0,1.0,True,1.0,1.0,True
8,4,0.8998023768756577,0.17579474589352256,5.118482764072722,0.709141245186398,0.17138113604163918,0.9285714285714286,0.9761904761904762,False,0.8571428571428571,0.9523809523809523,False,1.0,1.0,True
4,4,0.11947081771785353,0.021372802728621538,5.58985263791695,0.7474003589806842,0.26255014165026835,0.6666666666666666,0.8,False,0.3333333333333333,0.4,False,1.0,1.0,True
4,3,0.6543082713212994,0.23587942419355204,2.7739099056882113,0.4430923514388278,0.051181670806767665,1.0,1.0,True,1.0,1.0,True,1.0,1.0,True
4,5,0.3704470491243412,0.07130354014342183,5.195352830645137,0.7156150470229162,0.15609808802942204,0.3333333333333333,0.4,False,0.0,0.19999999999999996,False,0.6666666666666666,0.8,False
4,3,0.7169919347685552,0.1252083978987794,5.726388539389005,0.7578808118637037,0.22053045482517722,0.6666666666666666,0.8,False,0.6666666666666666,0.8,False,1.0,1.0,True
8,4,0.7368831283308573,0.20211306150762115,3.64589563302135,0.5618042324342447,0.20506998357726275,0.7142857142857143,0.8095238095238095,False,0.7857142857142857,0.9047619047619048,False,0.8571428571428571,0.9523809523809523,False
8,5,0.11055379075076535,0.0018775959858052195,58.88050013297889,1.7699714902572699,0.5652737675628099,0.35714285714285715,0.6190476190476191,False,0.35714285714285715,0.6190476190476191,False,0.8571428571428571,0.9523809523809523,False
4,5,0.9744220553031192,0.4187788935587993,2.3268174931647483,0.3667623201926716,0.0997543072309498,1.0,1.0,True,1.0,1.0,True,1.0,1.0,True
10,5,0.5443987040694296,0.02912440082519784,18.692185542912004,1.2716600832801008,0.3673816547627689,0.24444444444444444,0.2848484848484848,False,0.1111111111111111,0.10303030303030303,False,0.8666666666666667,0.9515151515151515,False
6,5,0.4350161714803111,0.04355241154233246,9.988337179618442,0.999493194549959,0.10804080216771761,0.8666666666666667,0.9428571428571428,False,0.7333333333333333,0.8857142857142857,False,0.8666666666666667,0.9428571428571428,False
4,4,0.6940983408574024,0.3230366845490759,2.148667238286387,0.3321691619940054,0.12203053283037396,0.6666666666666666,0.8,False,0.6666666666666666,0.8,False,0.6666666666666666,0.8,False
6,5,0.3252239797655082,0.03943651957190864,8.246771857345253,0.9162839801983262,0.3459971264295397,0.8666666666666667,0.9428571428571428,False,0.6,0.7714285714285715,False,1.0,1.0,True
5,4,0.8717754736482711,0.06958999964104516,12.527309644093723,1.097857812240873,0.5239894907030391,0.4,0.5,False,0.4,0.5,False,1.0,1.0,True
4,4,0.4308993221705406,0.09251703483475106,4.6575133210390085,0.668154105703645,0.13924749642568154,1.0,1.0,True,1.0,1.0,True,1.0,1.0,True
8,5,0.4295368501917366,0.050093010829705346,8.574786044372578,0.9332232924573614,0.24978050986513928,0.7142857142857143,0.8333333333333334,False,0.5714285714285714,0.7619047619047619,False,0.8571428571428571,0.9285714285714286,False
8,5,0.6924235927957145,0.1866109395245467,3.7105198363835634,0.5694347576629513,0.25957776279702166,0.8571428571428571,0.9523809523809523,False,0.8571428571428571,0.9523809523809523,False,0.7142857142857143,0.8809523809523809,False
6,4,0.8952745390224084,0.3230356343829924,2.771442044558452,0.4427058012068026,0.18025244167612609,0.8666666666666667,0.9428571428571428,False,0.8666666666666667,0.9428571428571428,False,1.0,1.0,True
10,4,0.9296929318164501,0.1351103706946009,6.880988683770372,0.8376508436216977,0.18069181114888067,0.8666666666666667,0.9636363636363636,False,0.8666666666666667,0.9636363636363636,False,0.9555555555555556,0.9878787878787879,False
4,3,0.9267582539215081,0.6590286713733505,1.4062487630300355,0.14806215343981735,0.04083891783004483,1.0,1.0,True,0.6666666666666666,0.8,False,1.0,1.0,True
10,4,0.09861431329647401,0.03259899407078105,3.0250722792038047,0.48073575587587736,0.24489692184425116,0.8666666666666667,0.9515151515151515,False,0.7333333333333333,0.8545454545454545,False,0.8666666666666667,0.9636363636363636,False
10,3,0.46453216652082174,0.0673876139398557,6.893435445399938,0.8384357129293132,0.04951281789323175,0.8666666666666667,0.9515151515151515,False,0.9555555555555556,0.9878787878787879,False,0.9111111111111111,0.9757575757575757,False
8,3,0.4399554378692935,0.1453194434898764,3.027505661325459,0.4810849639307325,0.22482632950393702,0.7857142857142857,0.9047619047619048,False,0.9285714285714286,0.9761904761904762,False,1.0,1.0,True
4,3,0.7714336251177851,0.003904289455884897,197.58617634187564,2.2957565569092506,0.3869722010305964,0.6666666666666666,0.8,False,0.6666666666666666,0.8,False,1.0,1.0,True
6,3,0.17493415873121412,0.022284423126157686,7.850064492718438,0.8948732247346393,0.07451887747732647,0.8666666666666667,0.9428571428571428,False,0.8666666666666667,0.9428571428571428,False,0.8666666666666667,0.9428571428571428,False
5,5,0.1346837622341454,0.0025124287137954886,53.60699845571883,1.729221491041537,0.4342112983498622,0.4,0.4,False,0.2,0.30000000000000004,False,0.8,0.9,False
6,4,0.6740652791445991,0.22752961836773858,2.9625386091589925,0.47166401897948973,0.1871606602111512,0.7333333333333333,0.8857142857142857,False,0.7333333333333333,0.8857142857142857,False,0.8666666666666667,0.9428571428571428,False
8,5,0.7715484224399012,0.07206638462286152,10.706079213864681,1.0296304523873205,0.17271554067895803,0.8571428571428571,0.9523809523809523,False,0.8571428571428571,0.9523809523809523,False,0.6428571428571429,0.8571428571428572,False
6,4,0.7423562583005605,0.12381628754516973,5.995626851788332,0.7778345959487437,0.02794890643486912,0.8666666666666667,0.9428571428571428,False,1.0,1.0,True,1.0,1.0,True
4,3,0.4339458031649129,0.2955997148485634,1.4680183415797834,0.16673148173613297,0.06206029481488913,1.0,1.0,True,1.0,1.0,True,1.0,1.0,True
6,3,0.6163262112751442,0.3534664367960024,1.743662614363308,0.24146245600073898,0.1343961758049316,0.6,0.7714285714285715,False,0.4666666666666667,0.7142857142857143,False,0.8666666666666667,0.9428571428571428,False
10,4,0.8461572980019124,0.3506727804105475,2.4129540279940382,0.3825490477360954,0.20461429196563546,0.7333333333333333,0.8787878787878788,False,0.7333333333333333,0.8545454545454545,False,0.9555555555555556,0.9878787878787879,False
6,3,0.3404058645054945,0.2807711954139592,1.2123959653425262,0.08364448243627026,0.012194829451163021,0.8666666666666667,0.9428571428571428,False,0.8666666666666667,0.9428571428571428,False,0.8666666666666667,0.9428571428571428,False
6,3,0.15872107677430344,0.07218488847715522,2.1988130773705636,0.34218831125393695,0.09596171684419891,1.0,1.0,True,0.7333333333333333,0.8285714285714285,False,0.4666666666666667,0.5428571428571429,False
10,5,0.38636890628743265,0.08928037748196875,4.327590419979316,0.6362461507213955,0.2573518660417754,0.7333333333333333,0.8181818181818181,False,0.6888888888888889,0.7818181818181819,False,0.8666666666666667,0.9393939393939394,False
4,4,0.46095969833939177,0.009096857355959049,50.67241138905624,1.704771571905477,0.17156965606138214,0.0,0.19999999999999996,False,1.0,1.0,True,1.0,1.0,True
5,4,0.8245949749685741,0.6694713988910976,1.2317105351075328,0.09050865606194279,0.04151529011844898,1.0,1.0,True,1.0,1.0,True,1.0,1.0,True
10,3,0.06687558048335532,0.04049457147469706,1.6514702599949946,0.2178707572364181,0.0261039567710816,1.0,1.0,True,0.8222222222222222,0.9393939393939394,False,0.8666666666666667,0.9515151515151515,False
6,4,0.6342140494015623,0.33371298574999037,1.9004775854746019,0.27886275183330844,0.11688994433083867,0.8666666666666667,0.9428571428571428,False,0.7333333333333333,0.8285714285714285,False,1.0,1.0,True
4,4,0.39748351007944205,0.08093304478963946,4.911263515510467,0.6911932369745664,0.10474502356698534,1.0,1.0,True,1.0,1.0,True,1.0,1.0,True
5,4,0.3571645051432183,0.17363316516555807,2.057006245325352,0.3132356102684822,0.1334578972812767,1.0,1.0,True,1.0,1.0,True,1.0,1.0,True
8,3,0.38255528491346635,0.010236824744669035,37.370502515960005,1.5725289377865166,0.21693339654658172,0.9285714285714286,0.9761904761904762,False,0.7857142857142857,0.9047619047619048,False,0.8571428571428571,0.9523809523809523,False
5,5,0.7632096439502769,0.187248523833528,4.075918081067102,0.610225446851063,0.11561317165172258,1.0,1.0,True,0.8,0.9,False,0.8,0.9,False
8,5,0.47677712455247423,0.23943165855938423,1.9912868975605074,0.2991338361455148,0.10222333626792714,0.9285714285714286,0.9761904761904762,False,0.8571428571428571,0.9285714285714286,False,0.9285714285714286,0.9761904761904762,False
10,5,0.7620671230571188,0.16239127608802878,4.6927836359837825,0.671430531228376,0.07088731093539237,1.0,1.0,True,0.9555555555555556,0.9878787878787879,False,1.0,1.0,True
10,4,0.6206635963646593,0.0113969769288451,54.458616542368915,1.7360666043993418,0.38705271002307207,0.6,0.7696969696969697,False,0.5555555555555556,0.7333333333333334,False,0.8666666666666667,0.9636363636363636,False
8,3,0.3775941757990473,0.029494067969961246,12.802376944774537,1.10729061012938,0.07046426775959358,1.0,1.0,True,1.0,1.0,True,1.0,1.0,True
8,4,0.5230983568868518,0.06287858812708659,8.319181019479576,0.9200805743402911,0.1472027679540057,0.8571428571428571,0.9523809523809523,False,0.8571428571428571,0.9523809523809523,False,1.0,1.0,True
8,5,0.5939422753188922,0.13297294955027245,4.4666398491061265,0.649980936163013,0.12052487299510843,1.0,1.0,True,0.9285714285714286,0.9761904761904762,False,0.9285714285714286,0.9761904761904762,False
10,3,0.8411346396232198,0.3973804868502232,2.1166983972671396,0.32565898096037804,0.054468484532176314,1.0,1.0,True,0.9555555555555556,0.9878787878787879,False,1.0,1.0,True
4,3,0.20092782125443662,0.06385407189473737,3.146672017761325,0.49785147812149116,0.23137903844766788,0.6666666666666666,0.8,False,0.6666666666666666,0.8,False,1.0,1.0,True
4,4,0.7057408651628375,0.09894502016489808,7.1326567418910365,0.8532513241623286,0.2549093217203264,0.6666666666666666,0.8,False,0.6666666666666666,0.8,False,0.6666666666666666,0.8,False
10,3,0.5637268179973319,0.12256096737459228,4.599562406110681,0.6627165156703988,0.3032003397006253,0.7333333333333333,0.8545454545454545,False,0.7777777777777778,0.9151515151515152,False,1.0,1.0,True
6,4,0.8344158012138051,0.601295111349378,1.3876976304362243,0.1422948467106392,0.03841253056056636,1.0,1.0,True,0.8666666666666667,0.9428571428571428,False,0.8666666666666667,0.9428571428571428,False
10,5,0.11837388914919061,0.000553212904727197,213.97528496481556,2.330363613427393,0.24383139438273288,0.8222222222222222,0.9393939393939394,False,0.9111111111111111,0.9757575757575757,False,0.9555555555555556,0.9878787878787879,False
10,4,0.5157702728434741,0.09161152937088696,5.629971209734544,0.7505061739836038,0.1478248554386895,0.8666666666666667,0.9515151515151515,False,0.8222222222222222,0.9393939393939394,False,0.9555555555555556,0.9878787878787879,False
10,3,0.5603567542840243,0.04197664836715019,13.349249548689443,1.1254568517662171,0.3014571020640785,0.7333333333333333,0.8787878787878788,False,0.6444444444444445,0.7696969696969697,False,0.9111111111111111,0.9757575757575757,False
10,5,0.5420491461392853,0.176474209048371,3.0715488062487357,0.48735742055615355,0.10901265893929575,0.9555555555555556,0.9878787878787879,False,0.9111111111111111,0.9757575757575757,False,0.7777777777777778,0.9272727272727272,False
4,5,0.04280109025686937,0.007474396690850471,5.726360537371065,0.7578786881601646,0.2090316807874251,0.6666666666666666,0.8,False,0.6666666666666666,0.8,False,1.0,1.0,True
8,4,0.6694860216683458,0.032862367195683785,20.372422280519864,1.30904266967373,0.2440584197614593,0.5,0.6428571428571428,False,0.5,0.6190476190476191,False,0.9285714285714286,0.9761904761904762,False
5,5,0.25430543055421,0.04384605725493086,5.79996119308564,0.7634250877551529,0.2789039301407135,0.2,0.30000000000000004,False,0.2,0.30000000000000004,False,0.8,0.9,False
5,5,0.6289717617722088,0.02697180414780665,23.319602882406265,1.3677211503988072,0.3513978920152166,0.4,0.4,False,0.4,0.4,False,0.8,0.9,False
10,4,0.5352162853460303,0.06541795427725036,8.181489183680796,0.9128323605651834,0.14427624433734954,0.7333333333333333,0.8424242424242424,False,0.7777777777777778,0.8666666666666667,False,0.8222222222222222,0.9151515151515152,False
10,3,0.3371769218281557,0.08328798288099289,4.048326182972722,0.607275497349054,0.19566378708480678,0.8666666666666667,0.9515151515151515,False,0.9555555555555556,0.9878787878787879,False,0.9555555555555556,0.9878787878787879,False
6,4,0.4174421172230454,0.07998373477686169,5.2190875855247905,0.7175945851465004,0.2250234153209141,0.7333333333333333,0.8857142857142857,False,0.7333333333333333,0.8857142857142857,False,0.8666666666666667,0.9428571428571428,False
10,3,0.1376042677269424,0.028729783249124386,4.789603406644101,0.6802995540331956,0.155476503839577,0.8666666666666667,0.9636363636363636,False,0.9111111111111111,0.9757575757575757,False,0.8222222222222222,0.9272727272727272,False
4,3,0.244285550112919,0.08322404329670036,2.9352761585866025,0.46764896708559334,0.2017076108880391,0.6666666666666666,0.8,False,0.6666666666666666,0.8,False,0.6666666666666666,0.8,False
5,3,0.03766756407634262,0.002155166502786241,17.477797659794483,1.2424867072196077,0.5644088258254606,-0.4,-0.5,False,-0.2,-0.30000000000000004,False,0.8,0.9,False
5,5,0.16727841533738627,0.016382948347916752,10.210519607018526,1.009047843626469,0.29928492694137343,0.6,0.8,False,0.6,0.8,False,1.0,1.0,True
10,3,0.8286059850827121,0.37843011856880066,2.1895878378133835,0.340362372096073,0.13708663490540582,0.9555555555555556,0.9878787878787879,False,0.9111111111111111,0.9636363636363636,False,0.7333333333333333,0.8545454545454545,False
5,4,0.8112990432533554,0.056281880852778556,14.414924145145868,1.158812361366526,0.46138448021423123,1.0,1.0,True,0.4,0.6,False,1.0,1.0,True
10,5,0.3039683529773492,0.010674977442004073,28.47484733342993,1.4544614043077073,0.5694908675579716,0.1111111111111111,0.10303030303030303,False,0.06666666666666667,0.06666666666666665,False,0.9555555555555556,0.9878787878787879,False
8,5,0.37121193140563624,0.0005196676851270304,714.3255994464415,2.8538962143120172,0.45370895744554507,0.7857142857142857,0.8571428571428572,False,0.7142857142857143,0.8333333333333334,False,0.9285714285714286,0.9761904761904762,False
5,4,0.49866469037008376,0.052758548869981964,9.451827259114726,0.9755157758995185,0.2251185560135642,0.8,0.9,False,0.6,0.8,False,1.0,1.0,True
6,5,0.4599343038328288,0.17489134010577373,2.6298289186418957,0.41992749673824403,0.1742708610064776,0.7333333333333333,0.8285714285714285,False,0.7333333333333333,0.8285714285714285,False,1.0,1.0,True
8,3,0.5018315565002452,0.07628368447490383,6.578491324167249,0.8181263062713227,0.31402428318076936,0.8571428571428571,0.9285714285714286,False,0.8571428571428571,0.9285714285714286,False,0.8571428571428571,0.9285714285714286,False
8,5,0.8958979731018711,0.1205652032453165,7.430817092984435,0.8710365714272607,0.38037148777138374,0.7857142857142857,0.8571428571428572,False,0.7857142857142857,0.8571428571428572,False,0.9285714285714286,0.9761904761904762,False
10,4,0.028673722130211122,0.013016472983725397,2.202879548389124,0.34299075094101394,0.09836070587477863,0.8222222222222222,0.9272727272727272,False,0.6888888888888889,0.8787878787878788,False,0.8222222222222222,0.9393939393939394,False
6,4,0.569215428157473,0.19046088592966143,2.988621130139548,0.4754708626743376,0.24040899394694493,0.7333333333333333,0.8285714285714285,False,0.7333333333333333,0.8285714285714285,False,1.0,1.0,True
6,4,0.2858095960566311,0.13503019746707665,2.11663465962272,0.3256459033655415,0.019291127913144312,1.0,1.0,True,1.0,1.0,True,1.0,1.0,True
6,3,0.8290398316063211,0.4962239514973778,1.6706969284795423,0.22289767417426737,0.10460230895354003,1.0,1.0,True,1.0,1.0,True,1.0,1.0,True
5,4,0.7945293797280841,0.2690294327710926,2.9533176780741575,0.47031016501929807,0.15006826842805504,0.6,0.7,False,0.4,0.6,False,1.0,1.0,True
4,3,0.5186996913584541,0.09742475301651793,5.32410578721392,0.7262466760939277,0.3247574518747097,-0.3333333333333333,-0.3999999999999999,False,-0.3333333333333333,-0.3999999999999999,False,1.0,1.0,True
5,5,0.6318566638562464,0.13403172544701844,4.714232109929074,0.6734109616375533,0.277098406937336,0.6,0.7,False,0.4,0.5,False,0.6,0.7,False
10,4,0.6752155771187515,0.024570245241674695,27.48102717127166,1.4390329615199073,0.5335954139931401,0.2,0.24848484848484853,False,0.15555555555555556,0.296969696969697,False,0.9111111111111111,0.9757575757575757,False
6,5,0.3042420549618714,0.13881098745351578,2.191772139518584,0.34079540214194065,0.12445140856583642,0.2,0.3142857142857143,False,0.06666666666666667,0.08571428571428574,False,0.7333333333333333,0.8285714285714285,False
6,5,0.9625396855898452,0.5079153030045703,1.8950791202668076,0.27762734664075,0.059730704647366455,0.8666666666666667,0.9428571428571428,False,0.6,0.7142857142857143,False,0.6,0.7142857142857143,False
8,4,0.3224666944221189,0.1495317701407763,2.156509577305057,0.33375139123759373,0.09073367953897042,1.0,1.0,True,0.9285714285714286,0.9761904761904762,False,0.9285714285714286,0.9761904761904762,False
4,4,0.5611740691413233,0.061971738701622335,9.055322327394652,0.9569039137905991,0.19096761618395366,1.0,1.0,True,1.0,1.0,True,1.0,1.0,True
6,4,0.4871121721595947,0.09779566780763704,4.980917693744448,0.6973093653726278,0.2512009368874673,0.6,0.7714285714285715,False,0.6,0.7714285714285715,False,1.0,1.0,True
5,5,0.12715465419282918,0.003100969937582973,41.0048006627675,1.6128347049953227,0.42309082955799987,0.2,0.30000000000000004,False,0.2,0.30000000000000004,False,1.0,1.0,True
6,5,0.06215290899313394,0.015930977785323715,3.9013869598443875,0.5912190280330422,0.2169606258020053,1.0,1.0,True,0.8666666666666667,0.9428571428571428,False,1.0,1.0,True
5,3,0.5364547742753318,0.054379272872699336,9.865059717170096,0.9940997185551589,0.4965358801091215,0.8,0.9,False,0.8,0.9,False,1.0,1.0,True
8,3,0.3854798196606274,0.016575641773414578,23.25580058418232,1.3665312947530603,0.35366059225404567,0.7857142857142857,0.9285714285714286,False,0.7142857142857143,0.8571428571428572,False,0.8571428571428571,0.9523809523809523,False
8,5,0.1318864148434545,0.014968254550990738,8.811075091311428,0.945028902479919,0.2947867694840842,0.8571428571428571,0.9285714285714286,False,0.7142857142857143,0.8095238095238095,False,0.7857142857142857,0.9285714285714286,False
5,4,0.3486111120943536,0.13405269294713687,2.6005528455084925,0.4150656834442648,0.13283542115228203,0.6,0.8,False,0.6,0.8,False,0.8,0.9,False
10,4,0.39758426538938474,0.07164669959666262,5.549233497454158,0.7442329991919607,0.1623437833787919,0.9111111111111111,0.9757575757575757,False,0.8666666666666667,0.9515151515151515,False,0.8222222222222222,0.9393939393939394,False
5,4,0.2857173932018438,0.10843111996505764,2.6350128384847666,0.4207827355521734,0.14812459426986885,1.0,1.0,True,1.0,1.0,True,0.8,0.9,False
5,5,0.8244023669527377,0.0976643842858979,8.441177128921243,0.9264030135626534,0.1552819472932136,1.0,1.0,True,1.0,1.0,True,1.0,1.0,True
6,3,0.26343155034588694,0.002655251985176575,99.21150674863621,1.996562045416545,0.3004457284601256,0.7333333333333333,0.8285714285714285,False,0.7333333333333333,0.8285714285714285,False,0.8666666666666667,0.9428571428571428,False
6,5,0.5476884857685963,0.09670880848653021,5.663274052634162,0.7530675781666972,0.30329639406759945,0.6,0.7142857142857143,False,0.4666666666666667,0.6,False,0.7333333333333333,0.8857142857142857,False
10,3,0.10276395499557567,0.05421171569670084,1.8956041821036473,0.27774765817387825,0.1430933728124591,0.8666666666666667,0.9515151515151515,False,0.9111111111111111,0.9636363636363636,False,0.8222222222222222,0.9393939393939394,False
10,5,0.6747628435053986,0.16331457989739573,4.131675469056066,0.616126201634296,0.1661331326607905,0.6444444444444445,0.8181818181818181,False,0.6444444444444445,0.8181818181818181,False,0.9555555555555556,0.9878787878787879,False
10,3,0.6034635829448716,0.4962026715286087,1.2161635105361632,0.0849919688098156,0.01702760680124947,1.0,1.0,True,0.9555555555555556,0.9878787878787879,False,0.9111111111111111,0.9757575757575757,False
5,5,0.10223146571989815,0.0031113283161940393,32.857819971919874,1.516638745782766,0.44527955733420876,0.2,0.19999999999999996,False,0.2,0.19999999999999996,False,0.0,0.09999999999999998,False
4,3,0.5296152135608838,0.4386472938179061,1.2073828358770942,0.08184499764230968,0.040544058910246705,1.0,1.0,True,1.0,1.0,True,1.0,1.0,True
6,4,0.2732498854837943,0.07244325934307706,3.771915951295959,0.5765620068926888,0.26280734896569746,1.0,1.0,True,1.0,1.0,True,1.0,1.0,True
10,5,0.3779446774585708,0.005875361481984798,64.32705094879839,1.8083936417777786,0.3438591400356312,0.7777777777777778,0.8909090909090909,False,0.6888888888888889,0.793939393939394,False,1.0,1.0,True
10,5,0.14495220652917765,0.03024529122108933,4.79255449930379,0.6805670602276853,0.2584307794804965,0.9111111111111111,0.9636363636363636,False,0.8666666666666667,0.9272727272727272,False,0.9111111111111111,0.9757575757575757,False
10,3,0.3387799745986612,0.040082280420699216,8.452113278845706,0.926965309020116,0.4347129988371684,0.24444444444444444,0.36969696969696975,False,0.28888888888888886,0.406060606060606,False,0.9111111111111111,0.9757575757575757,False
6,3,0.45302664439137,0.2575710921705035,1.7588411827276123,0.24522662593900316,0.13360409484490982,1.0,1.0,True,1.0,1.0,True,1.0,1.0,True
5,4,0.7950946405068472,0.5888294557506347,1.3502969879316196,0.13042929889110014,0.0383177164875273,1.0,1.0,True,0.8,0.9,False,0.8,0.9,False
8,4,0.53918311352688,0.05514192472041602,9.778097450368323,0.990254361210321,0.3558010097942731,0.7142857142857143,0.8809523809523809,False,0.7142857142857143,0.8809523809523809,False,1.0,1.0,True
5,4,0.8386520265440597,0.1384621099602163,6.056906302951536,0.7822508554156776,0.20516762929827959,0.8,0.9,False,0.8,0.9,False,0.8,0.9,False
8,5,0.7445217053742942,0.4471541045865462,1.6650226347827872,0.22142014180296707,0.07183867657451881,1.0,1.0,True,0.9285714285714286,0.9761904761904762,False,0.7857142857142857,0.9285714285714286,False
8,4,0.3776042045477908,0.14258679485480555,2.6482410585752523,0.42295751462118675,0.017552487640322103,1.0,1.0,True,1.0,1.0,True,1.0,1.0,True
4,3,0.33730815253112884,0.01629135214507665,20.704736445854852,1.3160697066645544,0.23909700159532263,0.3333333333333333,0.4,False,0.3333333333333333,0.4,False,1.0,1.0,True
8,3,0.3286016203684467,0.021141230719411163,15.543164194844753,1.1915394348301374,0.2162691606741015,0.35714285714285715,0.5238095238095238,False,0.2857142857142857,0.40476190476190477,False,0.9285714285714286,0.9761904761904762,False
5,3,0.45049030495513737,0.06055652999721808,7.439169730636703,0.8715244675990946,0.27692179995505234,0.6,0.8,False,0.6,0.8,False,1.0,1.0,True
8,4,0.7589295800126145,0.24513869182288348,3.095919189117061,0.490789616035863,0.17508564207019883,0.9285714285714286,0.9761904761904762,False,0.9285714285714286,0.9761904761904762,False,0.9285714285714286,0.9761904761904762,False
10,3,0.8141235237576621,0.41818003859233976,1.9468254068180395,0.28932700531796446,0.12390433549203735,0.8666666666666667,0.9636363636363636,False,0.9111111111111111,0.9757575757575757,False,1.0,1.0,True
5,4,0.20359160740369414,0.10016843221239792,2.032492701592498,0.3080289947759234,0.09172523238602205,0.6,0.7,False,0.6,0.7,False,1.0,1.0,True
4,3,0.5149658981503519,0.46486651989234223,1.1077715346515045,0.04445020130298529,0.02255695612893152,1.0,1.0,True,0.6666666666666666,0.8,False,0.6666666666666666,0.8,False
8,3,0.2704653592711005,0.032064387841959176,8.435070103185842,0.9260886963264789,0.19311327819882818,0.6428571428571429,0.7380952380952381,False,0.7142857142857143,0.7619047619047619,False,0.9285714285714286,0.9761904761904762,False
10,4,0.2203253551464955,0.0681686885740543,3.2320609322550697,0.5094795396931127,0.11360833936724997,0.9555555555555556,0.9878787878787879,False,0.9555555555555556,0.9878787878787879,False,1.0,1.0,True
5,4,0.4841640458287565,0.2615011593305581,1.8514795386237024,0.26751891686511536,0.06662424898694921,0.8,0.9,False,0.8,0.9,False,1.0,1.0,True
8,4,0.5337616362003976,0.013324476512776703,40.05873218722854,1.6026972002545212,0.23861742823593102,0.7142857142857143,0.8571428571428572,False,0.7142857142857143,0.8571428571428572,False,1.0,1.0,True
5,3,0.2726181398162804,0.004368418585999279,62.40659735026564,1.7952305038068221,0.39003869087178955,0.8,0.9,False,0.6,0.7,False,0.8,0.9,False
5,5,0.04979121991474933,0.014834833168963182,3.3563720834801205,0.5258701002033978,0.12351219798844183,0.8,0.9,False,0.6,0.7,False,0.4,0.6,False
6,4,0.321352317641925,0.0073917524141207894,43.474442810686824,1.6382340245840135,0.431278186709712,0.2,0.4285714285714286,False,-0.06666666666666667,0.08571428571428574,False,0.7333333333333333,0.8285714285714285,False
10,5,0.33575714823321645,0.02654387565403072,12.64913807602102,1.1020609332919824,0.19290760029667053,0.7333333333333333,0.8545454545454545,False,0.6888888888888889,0.806060606060606,False,0.8222222222222222,0.9393939393939394,False
8,3,0.5503250325988231,0.1831685886576757,3.0044727462759604,0.4777682688599432,0.08278477436046441,1.0,1.0,True,0.9285714285714286,0.9761904761904762,False,1.0,1.0,True
6,3,0.3484418949397683,0.22763028872190616,1.5307360760057982,0.18490031766429454,0.03521597185234321,1.0,1.0,True,1.0,1.0,True,1.0,1.0,True
5,4,0.10235954174407243,0.021126218257580542,4.84514267964161,0.6853065706682393,0.1844099429999176,0.8,0.9,False,0.6,0.8,False,1.0,1.0,True
8,5,0.7417115956035788,0.4004671198424515,1.8521160885655852,0.26766820429158716,0.08152122144750304,0.9285714285714286,0.9761904761904762,False,1.0,1.0,True,1.0,1.0,True
6,5,0.6445464431345823,0.05860098650609902,10.998900898306566,1.041349289008289,0.2177924769504976,0.6,0.6571428571428571,False,0.6,0.6571428571428571,False,1.0,1.0,True
4,3,0.7192943486262341,0.3754705414100926,1.915714468365437,0.28233077924455185,0.093201142435856,1.0,1.0,True,1.0,1.0,True,1.0,1.0,True
10,3,0.658482780363192,0.28750910060672896,2.2903023903288937,0.3598928263491777,0.07675467683355612,1.0,1.0,True,0.9555555555555556,0.9878787878787879,False,0.9555555555555556,0.9878787878787879,False
10,5,0.321735912568967,0.03661119409044614,8.787910925968337,0.9438856462734518,0.09695719260842037,0.9111111111111111,0.9757575757575757,False,0.9555555555555556,0.9878787878787879,False,0.9555555555555556,0.9878787878787879,False
10,3,0.4640679025641665,0.13811641263902472,3.3599765132452073,0.5263362416149469,0.2664875728631915,0.6444444444444445,0.7575757575757576,False,0.6888888888888889,0.7818181818181819,False,0.9111111111111111,0.9757575757575757,False
5,3,0.5873642897032614,0.3215440061942476,1.8266995446545586,0.2616671205166511,0.1287374562751993,0.8,0.9,False,0.6,0.7,False,1.0,1.0,True
10,4,0.6493679686364514,0.046919474942272346,13.840051906411253,1.1411377189231746,0.51386605253848,0.6444444444444445,0.7575757575757576,False,0.6444444444444445,0.7575757575757576,False,0.9555555555555556,0.9878787878787879,False
4,3,0.021406784678802936,0.011995146369921893,1.7846205470819698,0.2515458888925804,0.1278676752285595,0.6666666666666666,0.8,False,0.6666666666666666,0.8,False,0.6666666666666666,0.8,False
5,3,0.9196470311886432,0.22168890172625821,4.1483674826450105,0.6178772213466639,0.3379117218191996,0.6,0.8,False,0.4,0.6,False,1.0,1.0,True
4,5,0.7071747818746712,0.14567672971703502,4.85441143031866,0.6861365817084979,0.07948256948883478,1.0,1.0,True,1.0,1.0,True,1.0,1.0,True
10,3,0.05593932198652518,0.03442544940211074,1.624940936325741,0.21083757978012993,0.03630624505682213,0.9111111111111111,0.9757575757575757,False,0.8666666666666667,0.9515151515151515,False,0.8666666666666667,0.9515151515151515,False
5,5,0.26480131602965457,0.11703294069699326,2.2626220827261077,0.35461202143475734,0.12672527586055907,0.8,0.9,False,0.8,0.9,False,1.0,1.0,True
5,4,0.43662458155329686,0.12041953191709454,3.6258618066234867,0.5594112477008701,0.1543482222889253,1.0,1.0,True,1.0,1.0,True,1.0,1.0,True
6,4,0.3920128264976651,0.07551162975144281,5.191423199086541,0.7152864335285363,0.24017497401028912,1.0,1.0,True,0.4666666666666667,0.5428571428571429,False,1.0,1.0,True
8,4,0.5654726246252629,0.13987192343481386,4.042788650752729,0.6066810378434324,0.19571793254461484,0.6428571428571429,0.7619047619047619,False,0.5,0.6190476190476191,False,0.6428571428571429,0.8333333333333334,False
4,3,0.2737229765070211,0.0717752157651563,3.813614122719055,0.5813367472176006,0.2152038578188539,1.0,1.0,True,1.0,1.0,True,1.0,1.0,True
5,3,0.49911099802639736,0.12512616812417843,3.9888618464450847,0.6008489948544431,0.018523884820515604,1.0,1.0,True,1.0,1.0,True,1.0,1.0,True
6,4,0.8510029216942644,0.033888786045717656,25.11163782972655,1.399875039165166,0.3904118781797317,0.7333333333333333,0.8285714285714285,False,0.8666666666666667,0.9428571428571428,False,0.8666666666666667,0.9428571428571428,False
8,5,0.5619947227314569,0.29135439736522706,1.9289042067384348,0.2853106602421656,0.07665277593543626,0.8571428571428571,0.9523809523809523,False,0.9285714285714286,0.9761904761904762,False,0.8571428571428571,0.9523809523809523,False
6,5,0.7731079078352384,0.09988766700238644,7.739773397741166,0.8887282457537943,0.20591331259709356,0.7333333333333333,0.8857142857142857,False,0.7333333333333333,0.8857142857142857,False,1.0,1.0,True
4,5,0.4773716369178712,0.023208741662954897,20.568613491840836,1.3132050173564926,0.4239670883265986,0.3333333333333333,0.4,False,0.0,-0.19999999999999996,False,1.0,1.0,True
4,4,0.7799017780476001,0.058241843617158215,13.390746748347231,1.126804796552241,0.17305734705104986,1.0,1.0,True,0.6666666666666666,0.8,False,1.0,1.0,True
8,3,0.649356676252951,0.09910895415512726,6.551947619485656,0.8163704167347686,0.3019810045186745,0.6428571428571429,0.7857142857142857,False,0.5,0.6428571428571428,False,0.9285714285714286,0.9761904761904762,False
8,3,0.5019783076942714,0.0110668139778963,45.35888184725176,1.6566623401186718,0.6349934315518662,0.14285714285714285,0.26190476190476186,False,0.07142857142857142,0.1428571428571429,False,1.0,1.0,True
6,3,0.096324691175745,0.04267567808367494,2.2571332313600827,0.3535571948494824,0.1809335252501123,0.7333333333333333,0.8857142857142857,False,0.6,0.7714285714285715,False,0.8666666666666667,0.9428571428571428,False
4,5,0.6149370361447601,0.12144326940344809,5.063574450526419,0.7044571998619976,0.06432054836914511,1.0,1.0,True,1.0,1.0,True,1.0,1.0,True
6,3,0.25443922178179124,0.047484766378888266,5.358333654760417,0.7290297529283555,0.18301857422508827,1.0,1.0,True,0.8666666666666667,0.9428571428571428,False,1.0,1.0,True
5,4,0.517639075363479,0.11232112582450461,4.608563808091205,0.6635656049126248,0.19546430740383278,1.0,1.0,True,1.0,1.0,True,1.0,1.0,True
8,3,0.5360616672795944,0.15531931189402337,3.4513523189048487,0.5379892949467271,0.11484999932622628,0.7857142857142857,0.9047619047619048,False,0.7142857142857143,0.8333333333333334,False,0.9285714285714286,0.9761904761904762,False
5,4,0.7005838953843095,0.03299939017659871,21.230207334555338,1.3269542355137898,0.2205508163930589,0.8,0.9,False,0.8,0.9,False,0.8,0.9,False
4,5,0.7757062562060416,0.06985287559333955,11.1048578831721,1.0455130049422072,0.34681831494188353,0.6666666666666666,0.8,False,0.3333333333333333,0.4,False,1.0,1.0,True
8,5,0.28686567449334827,0.026850894618432476,10.683654252835897,1.0287198248271363,0.38302369913721046,0.42857142857142855,0.5476190476190477,False,0.42857142857142855,0.5476190476190477,False,0.7857142857142857,0.9047619047619048,False
10,4,0.07805889194154747,0.04339956533125792,1.7986099939929134,0.2549370022454137,0.13085004403172784,0.8222222222222222,0.9272727272727272,False,0.8666666666666667,0.9515151515151515,False,0.8222222222222222,0.9151515151515152,False
5,3,0.7496083555389523,0.6892364437823063,1.0875924543749558,0.03646618582729862,0.004858144843736353,1.0,1.0,True,1.0,1.0,True,1.0,1.0,True
5,4,0.8599206385074497,0.1052129455892339,8.173144793954608,0.9123891928694282,0.3446172558454818,1.0,1.0,True,1.0,1.0,True,1.0,1.0,True
4,4,0.20845382916432761,0.06216895707756352,3.3530211694061793,0.5254362953695496,0.14435912718930882,1.0,1.0,True,0.6666666666666666,0.8,False,0.6666666666666666,0.8,False
6,5,0.5022436869931582,0.09222619632813157,5.445781209503422,0.7360601890762759,0.21153801015206772,0.6,0.6571428571428571,False,0.4666666666666667,0.6,False,1.0,1.0,True
5,5,0.49442818717050396,0.019158660510809642,25.807033162142634,1.4117380798878922,0.4715511470762214,0.6,0.7,False,0.6,0.7,False,1.0,1.0,True
5,5,0.2274906927250805,0.056945434238882014,3.9948890681345666,0.6015047241341352,0.15519212713198405,0.8,0.9,False,0.6,0.7,False,0.6,0.7,False
6,4,0.3324752783130752,0.21235859156954356,1.56563139665875,0.19468952193643208,0.0734005512656891,0.8666666666666667,0.9428571428571428,False,0.8666666666666667,0.9428571428571428,False,1.0,1.0,True
6,4,0.6797720977850388,0.10132054580565279,6.7091239232191775,0.8266658137380279,0.34802959308756576,0.8666666666666667,0.9428571428571428,False,0.8666666666666667,0.9428571428571428,False,1.0,1.0,True
6,3,0.18196467402093472,0.03363611981200533,5.40979979357127,0.7331811929889872,0.23743379691713498,0.3333333333333333,0.48571428571428577,False,0.4666666666666667,0.5428571428571429,False,1.0,1.0,True
5,3,0.4667332070242387,0.057279447688331576,8.148353831127615,0.911069879381859,0.1129190529395899,0.6,0.7,False,0.6,0.7,False,0.6,0.7,False
5,4,0.08277512958898271,0.013739363326222352,6.024669965963927,0.7799332610582705,0.207425669037875,0.4,0.6,False,0.4,0.4,False,1.0,1.0,True
6,4,0.30325121956684875,0.17129602055966178,1.7703342936647912,0.24805528228592166,0.050626724878164074,0.8666666666666667,0.9428571428571428,False,0.7333333333333333,0.8857142857142857,False,0.7333333333333333,0.8857142857142857,False
8,5,0.28089192889131487,0.057475003139543256,4.887201627539744,0.6890602567530684,0.15985946742603147,0.8571428571428571,0.9523809523809523,False,0.8571428571428571,0.9523809523809523,False,0.7857142857142857,0.9047619047619048,False
10,3,0.21630083281136547,0.0380495942398766,5.684708000880439,0.7547081617479002,0.09991494042429683,0.7777777777777778,0.9151515151515152,False,0.6888888888888889,0.8424242424242424,False,0.7333333333333333,0.9030303030303031,False
10,5,0.4588789778436205,0.11943302954427307,3.842144669617334,0.5845737134756038,0.2005395145909347,0.9555555555555556,0.9878787878787879,False,0.7777777777777778,0.9030303030303031,False,0.9111111111111111,0.9757575757575757,False
8,3,0.4443239123436584,0.1622396865767339,2.738688182381131,0.43754258779240296,0.22583679298460457,0.6428571428571429,0.7619047619047619,False,0.7142857142857143,0.8571428571428572,False,1.0,1.0,True
4,3,0.8180531224142654,0.029056711437346915,28.15367197179303,1.4495350461886647,0.2026876996375007,0.3333333333333333,0.4,False,0.3333333333333333,0.4,False,0.6666666666666666,0.8,False
5,5,0.15905666106116387,0.00023415871421113746,679.2685931751241,2.832041534911558,0.178741896515748,1.0,1.0,True,0.8,0.9,False,1.0,1.0,True
4,3,0.6695043572841864,0.2260874670908998,2.9612625852102052,0.471476919463445,0.2427858844032306,1.0,1.0,True,1.0,1.0,True,1.0,1.0,True
6,4,0.747841334865113,0.10068936024441141,7.427213094237465,0.8708258844412242,0.3580050253836756,0.8666666666666667,0.9428571428571428,False,0.8666666666666667,0.9428571428571428,False,1.0,1.0,True
10,4,0.191427943833805,0.07565241349555736,2.530361359092874,0.40318254688866767,0.20483735129783506,0.6888888888888889,0.8303030303030303,False,0.6,0.7212121212121212,False,0.9111111111111111,0.9757575757575757,False
6,4,0.8169056818342315,0.05368775341701263,15.215866372239628,1.1822966855782369,0.3006411868491655,1.0,1.0,True,1.0,1.0,True,1.0,1.0,True
6,4,0.7278096030410355,0.1352258793818598,5.382176890714952,0.7309579671919427,0.27470304060827266,0.4666666666666667,0.6,False,0.4666666666666667,0.6,False,0.8666666666666667,0.9428571428571428,False
4,4,0.9405121739233996,0.4175825578000754,2.2522783970575544,0.3526220712739542,0.1886931518158958,0.6666666666666666,0.8,False,0.6666666666666666,0.8,False,1.0,1.0,True
10,3,0.7211069916924755,0.260984806097013,2.76302288425811,0.441384481900175,0.04756853879795364,0.9555555555555556,0.9878787878787879,False,0.9555555555555556,0.9878787878787879,False,0.9111111111111111,0.9757575757575757,False
4,4,0.3189511226136858,0.02508172370410665,12.716475405107314,1.1043667556343182,0.14698536402897944,0.3333333333333333,0.4,False,0.0,0.19999999999999996,False,0.6666666666666666,0.8,False
5,4,0.49051636655861863,0.061532458201639446,7.971668626389736,0.9015492372535486,0.23444418461525562,1.0,1.0,True,1.0,1.0,True,1.0,1.0,True
8,4,0.054287581156134246,0.0066350215815752425,8.181975066773434,0.9128581517231943,0.32569452949995215,0.7142857142857143,0.8809523809523809,False,0.42857142857142855,0.5952380952380952,False,0.9285714285714286,0.9761904761904762,False
5,5,0.7429258898961906,0.05615365076930319,13.230233114052245,1.1215674964365276,0.35861082906977776,0.6,0.7,False,0.2,0.19999999999999996,False,0.8,0.9,False
10,4,0.18912352369645385,0.01781792095674813,10.614230703173787,1.0258885229039247,0.24462285080391816,0.5555555555555556,0.6606060606060606,False,0.5111111111111111,0.6,False,0.8666666666666667,0.9393939393939394,False
8,5,0.6888994952137164,0.16108853587473482,4.2765271375061715,0.6310912322710898,0.21829516644952138,0.7857142857142857,0.9047619047619048,False,0.5,0.6190476190476191,False,0.7142857142857143,0.8571428571428572,False
8,5,0.6948937917050413,0.2313565343679122,3.003562417636281,0.4776366615383578,0.18224839187217837,0.6428571428571429,0.8095238095238095,False,0.35714285714285715,0.5714285714285714,False,1.0,1.0,True
8,3,0.7903703036910195,0.5301529676005633,1.4908344421171338,0.17342941751930574,0.0442441818358328,1.0,1.0,True,1.0,1.0,True,1.0,1.0,True
4,3,0.5594472110616987,0.24622861243461722,2.2720641826626893,0.35642059542918053,0.039253330970831446,1.0,1.0,True,1.0,1.0,True,1.0,1.0,True
5,3,0.3091097017880074,0.01642525893366265,18.81916766229391,1.2746004114575233,0.20040240122858238,1.0,1.0,True,1.0,1.0,True,1.0,1.0,True
10,5,0.11672806861792819,0.018500764827338825,6.309364488495536,0.7999856170826237,0.38047625683128317,0.6444444444444445,0.8424242424242424,False,0.6,0.7696969696969697,False,0.8666666666666667,0.9515151515151515,False
4,5,0.8617775876097897,0.1471571388760537,5.856172484637558,0.7676138597209513,0.2599256023176163,1.0,1.0,True,1.0,1.0,True,0.6666666666666666,0.8,False
8,3,0.37875513040299325,0.009664114691794493,39.19191177287981,1.5931964487846035,0.5948411523359156,0.7142857142857143,0.8571428571428572,False,0.7142857142857143,0.8571428571428572,False,0.7857142857142857,0.9047619047619048,False
4,5,0.7099474683139353,0.0007509624389715941,945.3834579806545,2.975607998886534,0.41744036162868464,0.6666666666666666,0.8,False,0.6666666666666666,0.8,False,0.6666666666666666,0.8,False
4,4,0.22877932956174804,0.09181147416866925,2.491838102272051,0.3965198222672539,0.20996603294481653,1.0,1.0,True,1.0,1.0,True,0.6666666666666666,0.8,False
5,4,0.37919891278564544,0.035264882377506204,10.752876153551716,1.0315246438375685,0.2193642282406035,1.0,1.0,True,0.8,0.9,False,1.0,1.0,True
4,3,0.5726543505965489,0.1205879425046813,4.748852486388257,0.6765886793014139,0.133086117558923,1.0,1.0,True,1.0,1.0,True,1.0,1.0,True
5,5,0.6229291878577259,0.013274523788340114,46.92666929098871,1.6714197304350058,0.47417211402954373,1.0,1.0,True,1.0,1.0,True,1.0,1.0,True
6,5,0.6589755674059432,0.24427459573686128,2.6976835860291857,0.4309910094944899,0.1562441406477054,1.0,1.0,True,1.0,1.0,True,0.8666666666666667,0.9428571428571428,False
6,3,0.8624700855013056,0.22696934982776773,3.799940768002279,0.579776827056218,0.14967630890696013,0.8666666666666667,0.9428571428571428,False,0.8666666666666667,0.9428571428571428,False,1.0,1.0,True
6,4,0.1321625179862899,0.03477715133120149,3.8002686512139823,0.579814299147258,0.23050151823253046,0.2,0.4285714285714286,False,0.4666666666666667,0.6,False,1.0,1.0,True
6,3,0.21019737285612877,0.0012029613486395484,174.7332721197665,2.2423756097464,0.6204369083382927,-0.06666666666666667,-0.1428571428571428,False,-0.06666666666666667,-0.1428571428571428,False,1.0,1.0,True
4,4,0.8752981753549492,0.29383816129196233,2.978844447921317,0.47404782541268525,0.13221656075648824,0.3333333333333333,0.4,False,0.3333333333333333,0.4,False,0.6666666666666666,0.8,False
5,3,0.059987660480599246,0.014269783144768155,4.203824253516367,0.623644551475262,0.12854840152549138,1.0,1.0,True,0.8,0.9,False,1.0,1.0,True
4,4,0.45324678916050914,0.0734472540431925,6.1710515261441214,0.7903591726381173,0.3554284163766066,0.6666666666666666,0.8,False,0.6666666666666666,0.8,False,1.0,1.0,True
8,5,0.05723670893397694,0.0193375009231937,2.959881380657956,0.4712743067488212,0.2397645367765746,0.7857142857142857,0.9047619047619048,False,0.8571428571428571,0.9285714285714286,False,0.7857142857142857,0.9285714285714286,False
8,4,0.304109700221037,0.0333534444663128,9.117789933782463,0.9598895822013196,0.38626833110974357,0.5,0.6428571428571428,False,0.2857142857142857,0.4285714285714286,False,0.9285714285714286,0.9761904761904762,False
5,4,0.18222529584012165,0.08796590802978131,2.0715445326427684,0.31629427389940323,0.1083377718352142,1.0,1.0,True,1.0,1.0,True,0.8,0.9,False
5,3,0.9024030699817741,0.11688247521447358,7.720601983472615,0.8876511640543614,0.4459164391165614,1.0,1.0,True,0.8,0.9,False,0.8,0.9,False
10,5,0.4030038185783218,0.10327459945289236,3.9022549659778205,0.5913156419677014,0.20169662719847709,0.7777777777777778,0.9151515151515152,False,0.8222222222222222,0.9393939393939394,False,0.9111111111111111,0.9757575757575757,False
6,5,0.35298898876293466,0.024790650668043968,14.238794837430842,1.1534732324467023,0.36039648486885967,0.8666666666666667,0.9428571428571428,False,0.7333333333333333,0.8857142857142857,False,0.8666666666666667,0.9428571428571428,False
8,3,0.12662805845246855,0.04042213619681029,3.132641427776104,0.4959106869818303,0.1555203811404835,1.0,1.0,True,0.8571428571428571,0.9285714285714286,False,1.0,1.0,True
8,3,0.2529817648379455,0.15409631559325668,1.641711963471334,0.21529696298559645,0.10494731315539285,0.8571428571428571,0.9523809523809523,False,0.8571428571428571,0.9523809523809523,False,1.0,1.0,True
5,5,0.40412854817323274,0.15496461143143575,2.6078763689181508,0.41628699903484084,0.13504891297053093,1.0,1.0,True,0.8,0.9,False,0.8,0.9,False
4,3,0.6698896437445093,0.5464200461434915,1.2259609589201792,0.08847664016974985,0.035795311446581546,1.0,1.0,True,1.0,1.0,True,0.6666666666666666,0.8,False
8,5,0.49058869476448475,0.10703705366709922,4.5833538756186565,0.6611833899297831,0.26670231542347833,0.6428571428571429,0.8095238095238095,False,0.5,0.6190476190476191,False,1.0,1.0,True
5,4,0.4222755381257308,0.07552953971132315,5.59086603379411,0.7474790859841197,0.142401098120223,0.8,0.9,False,1.0,1.0,True,1.0,1.0,True
10,4,0.36491279959285505,0.2162941908619895,1.6871132698335263,0.22714424133973674,0.10675005284400349,0.8222222222222222,0.9272727272727272,False,0.8222222222222222,0.9393939393939394,False,0.8222222222222222,0.9393939393939394,False
4,4,0.48214931612189565,0.05822446635402608,8.280871363972155,0.9180760383131232,0.20947525220149207,0.6666666666666666,0.8,False,1.0,1.0,True,1.0,1.0,True
5,5,0.6437485375839437,0.016885673484210006,38.123947981571284,1.5811978682997025,0.37473932383348063,0.4,0.6,False,0.4,0.6,False,0.8,0.9,False
4,4,0.4517301553854514,0.04130174510601479,10.93731400973487,1.0389106808662445,0.15336676092478968,0.3333333333333333,0.6,False,0.6666666666666666,0.8,False,0.6666666666666666,0.8,False
6,3,0.38319926534363336,0.00997394167450361,38.42004272842158,1.5845578435217027,0.16927613623818244,0.7333333333333333,0.8285714285714285,False,0.8666666666666667,0.9428571428571428,False,1.0,1.0,True
8,3,0.34124525783493914,0.045278940397003545,7.536511562226961,0.8771703697625257,0.33154584954691074,0.5714285714285714,0.6428571428571428,False,0.5714285714285714,0.6904761904761905,False,1.0,1.0,True
4,3,0.12289902312922266,0.020682279107875894,5.942237916926669,0.7739500362155212,0.22554315354302706,0.6666666666666666,0.8,False,0.6666666666666666,0.8,False,1.0,1.0,True
10,5,0.6402023603586631,0.24072013971997996,2.6595296974350595,0.4248048441998078,0.11776076029529081,0.9111111111111111,0.9757575757575757,False,0.9111111111111111,0.9757575757575757,False,0.9555555555555556,0.9878787878787879,False
8,4,0.5864890597665811,0.01977499923831987,29.658107829426775,1.4721434398328856,0.3258214771845489,0.7857142857142857,0.9047619047619048,False,0.7857142857142857,0.9047619047619048,False,1.0,1.0,True
4,3,0.7217405234909754,0.3340567088808192,2.1605329403706395,0.33456089212937984,0.13980100430561293,1.0,1.0,True,1.0,1.0,True,0.6666666666666666,0.8,False
8,4,0.16072315831992692,0.02786484371312425,5.767954773722951,0.7610218464409906,0.18499562816032403,0.9285714285714286,0.9761904761904762,False,0.9285714285714286,0.9761904761904762,False,0.8571428571428571,0.9523809523809523,False
5,3,0.3934791519136097,0.33790237228091285,1.1644758492116445,0.06613048586092708,0.00454807487066218,1.0,1.0,True,1.0,1.0,True,0.8,0.9,False
5,5,0.6848518686770957,0.30714886429356625,2.2297066611332133,0.34824773128545206,0.1506849244408044,0.2,0.30000000000000004,False,0.2,0.30000000000000004,False,0.8,0.9,False
5,3,0.24670978277956399,0.032853786358485244,7.509325716070355,0.8756009422056517,0.06298366779851149,0.8,0.9,False,0.8,0.9,False,0.8,0.9,False
8,4,0.3652304117835138,0.2667207439198816,1.3693363568746402,0.13651013914364218,0.034913488914794746,1.0,1.0,True,0.9285714285714286,0.9761904761904762,False,0.9285714285714286,0.9761904761904762,False
8,3,0.3553263923371643,0.024467887397783186,14.522152507324154,1.1620309932765378,0.2825486217867018,0.5714285714285714,0.6904761904761905,False,0.5,0.5714285714285714,False,0.7857142857142857,0.8571428571428572,False
8,4,0.25604720068020614,0.07910709656379203,3.2367159433097474,0.5101045870558826,0.08966823630050326,0.9285714285714286,0.9761904761904762,False,0.8571428571428571,0.9285714285714286,False,0.7857142857142857,0.9047619047619048,False
8,4,0.5307521250712008,0.050751463369205246,10.457868400752174,1.019443172472911,0.29816647851515365,0.7142857142857143,0.8333333333333334,False,0.6428571428571429,0.7857142857142857,False,1.0,1.0,True
10,5,0.4915718405724804,0.11809615251765172,4.1624712582811965,0.6193512477364852,0.2698113469482685,0.5111111111111111,0.7090909090909091,False,0.4222222222222222,0.6484848484848484,False,0.8666666666666667,0.9515151515151515,False
4,4,0.7145193414763114,0.025150335588606614,28.40993269972854,1.4534702049242332,0.6160409431768088,-0.3333333333333333,-0.6000000000000001,False,-0.3333333333333333,-0.6000000000000001,False,1.0,1.0,True
4,3,0.1427091456359113,0.06542700353991848,2.181196416043416,0.33869477541958537,0.1533337947641964,1.0,1.0,True,1.0,1.0,True,1.0,1.0,True
6,4,0.46363873803827715,0.1962320292324468,2.362706739819272,0.3734098201588211,0.16292572321334892,0.8666666666666667,0.9428571428571428,False,1.0,1.0,True,1.0,1.0,True
8,5,0.39153101061763407,0.1202408612641532,3.256222606009418,0.512714087020877,0.20791161535961186,0.7142857142857143,0.8095238095238095,False,0.7857142857142857,0.9047619047619048,False,0.9285714285714286,0.9761904761904762,False
4,4,0.6863324514877627,0.3881039708422005,1.768424193126977,0.2475864476892057,0.10308459832383163,1.0,1.0,True,0.6666666666666666,0.8,False,1.0,1.0,True
8,5,0.4155973705433488,0.10451746791227791,3.9763436566238437,0.5994839113706004,0.1150797142623388,1.0,1.0,True,0.9285714285714286,0.9761904761904762,False,1.0,1.0,True
4,4,0.43239762057425724,0.21422769138019676,2.0184020925887163,0.305007687766782,0.12628395784928673,1.0,1.0,True,1.0,1.0,True,1.0,1.0,True
6,3,0.6363520030954093,0.3704310450212594,1.717868984380536,0.2349900386976246,0.07033091097062662,1.0,1.0,True,1.0,1.0,True,1.0,1.0,True
5,3,0.4194448063455428,0.05246153580067028,7.995282637764267,0.9028338209092412,0.16384812298738333,0.8,0.9,False,0.8,0.9,False,0.8,0.9,False
10,3,0.34767424754420434,0.174977806452493,1.986961973012343,0.29818955555021015,0.007451606713002817,1.0,1.0,True,1.0,1.0,True,1.0,1.0,True
4,4,0.49751973665895927,0.13240168605763983,3.757654086358168,0.5749167983029998,0.09118681795968347,1.0,1.0,True,1.0,1.0,True,1.0,1.0,True
4,3,0.33464800950930174,0.012206057083052672,27.416552880661396,1.438012849468182,0.37065187809985906,0.3333333333333333,0.4,False,0.3333333333333333,0.4,False,1.0,1.0,True
4,3,0.5697970186161907,0.0803644655554373,7.0901612381910395,0.8506561116372855,0.13971574026814515,0.6666666666666666,0.8,False,0.6666666666666666,0.8,False,1.0,1.0,True
6,5,0.6256170471161423,0.2665758899701553,2.346862828381955,0.370487706293206,0.08539853029840622,0.8666666666666667,0.9428571428571428,False,0.7333333333333333,0.8285714285714285,False,0.7333333333333333,0.8285714285714285,False
8,5,0.2965749421365151,0.06305613008517656,4.703348298273248,0.6724071408590272,0.13061346437716187,0.7857142857142857,0.8571428571428572,False,0.14285714285714285,0.26190476190476186,False,0.2857142857142857,0.5238095238095238,False
8,4,0.18792940169094707,0.079474225206793,2.36465849399082,0.37376842842070634,0.11198433876774197,0.7142857142857143,0.8571428571428572,False,0.5714285714285714,0.7619047619047619,False,0.5714285714285714,0.8095238095238095,False
5,3,0.890775341099945,0.4551824773377855,1.9569631641091367,0.2915826510158456,0.09462512905014564,1.0,1.0,True,1.0,1.0,True,0.8,0.9,False
10,3,0.12669516878618442,0.03210892105867379,3.945793399620124,0.5961343420023625,0.3110542239318479,0.7777777777777778,0.9151515151515152,False,0.7777777777777778,0.9151515151515152,False,0.8666666666666667,0.9636363636363636,False
4,5,0.8864320355249141,0.06935405020044552,12.781258382894535,1.1065736145299705,0.2978132393070296,0.6666666666666666,0.8,False,0.3333333333333333,0.6,False,0.6666666666666666,0.8,False
5,3,0.15293077419772733,0.004787339838576153,31.944833523927777,1.5044006292085585,0.19033831124140732,0.8,0.9,False,0.8,0.9,False,0.8,0.9,False
10,4,0.5979983321588827,0.13702196871426842,4.364251497520977,0.6399097696061306,0.2533588277564936,0.6444444444444445,0.793939393939394,False,0.7777777777777778,0.8909090909090909,False,0.9555555555555556,0.9878787878787879,False
5,5,0.7597548898276903,0.1457612068789068,5.212325735294269,0.7170315483721785,0.2157355440245067,1.0,1.0,True,1.0,1.0,True,1.0,1.0,True
4,5,0.16957675999988936,0.01247303600186691,13.595467852486948,1.1333941572900017,0.16154454479218808,1.0,1.0,True,1.0,1.0,True,1.0,1.0,True
8,5,0.4190802356080368,0.24087938923143123,1.7397928355076266,0.2404975380801576,0.09490261344985226,0.7857142857142857,0.9047619047619048,False,0.6428571428571429,0.7857142857142857,False,0.8571428571428571,0.9285714285714286,False
6,4,0.4458456235459869,0.01302186958237247,34.238219073802114,1.534511166445076,0.11306396042531736,1.0,1.0,True,0.8666666666666667,0.9428571428571428,False,0.8666666666666667,0.9428571428571428,False
8,5,0.5966748574917005,0.08468784593636747,7.045578393066968,0.847916651470425,0.22910791692205001,0.42857142857142855,0.6428571428571428,False,0.14285714285714285,0.23809523809523814,False,0.8571428571428571,0.9523809523809523,False
5,3,0.38304819698820164,0.025653186984626947,14.931797643809993,1.1741120957217068,0.2773400815757878,0.8,0.9,False,0.8,0.9,False,1.0,1.0,True
8,3,0.38488353898135946,0.16344499369685317,2.354819993403168,0.3719577144969384,0.09362572113502717,0.9285714285714286,0.9761904761904762,False,0.9285714285714286,0.9761904761904762,False,1.0,1.0,True
6,3,0.5135902764138585,0.01033210882003115,49.708175292195754,1.6964278211740973,0.14904657140309394,0.8666666666666667,0.9428571428571428,False,0.8666666666666667,0.9428571428571428,False,0.7333333333333333,0.8857142857142857,False
5,5,0.4346539364016877,0.2856423994205841,1.521671633069344,0.182320944594965,0.07710503792151917,0.8,0.9,False,0.6,0.7,False,0.8,0.9,False
10,3,0.7719401383688502,0.36232678314434885,2.1305080780053274,0.3284831852046192,0.07535670171947219,0.9555555555555556,0.9878787878787879,False,0.9111111111111111,0.9636363636363636,False,0.7777777777777778,0.8909090909090909,False
10,3,0.249091332063387,0.11474443108550027,2.1708359151269754,0.33662699809835167,0.10392716245854033,0.8666666666666667,0.9515151515151515,False,0.7777777777777778,0.8909090909090909,False,0.8666666666666667,0.9272727272727272,False
8,4,0.2976032472546381,0.10233180359329898,2.90821852837174,0.4636270370220112,0.2466496965195592,0.42857142857142855,0.5,False,0.5,0.5476190476190477,False,0.8571428571428571,0.9523809523809523,False
5,4,0.06998962003656033,0.005992172741661032,11.680173960652377,1.0674493110630916,0.4961132119506392,0.4,0.4,False,0.4,0.4,False,0.8,0.9,False
10,4,0.5812417960467172,0.20628837907369407,2.8176177381095124,0.44988207270143565,0.1099234774284618,0.8222222222222222,0.9272727272727272,False,0.8666666666666667,0.9515151515151515,False,1.0,1.0,True
6,3,0.07841783524852253,0.0005475264058190768,143.22201499668438,2.1560097795411113,0.2660286074197502,0.8666666666666667,0.9428571428571428,False,0.8666666666666667,0.9428571428571428,False,0.8666666666666667,0.9428571428571428,False
10,5,0.503090236621673,0.13521167949880467,3.7207602071269275,0.5706316818255394,0.1422853885447834,0.8222222222222222,0.9393939393939394,False,0.6888888888888889,0.8181818181818181,False,0.8222222222222222,0.9272727272727272,False
6,5,0.7868106893282841,0.17200920277339496,4.574236009687544,0.6603185684606562,0.23474603255476012,1.0,1.0,True,0.7333333333333333,0.8857142857142857,False,0.8666666666666667,0.9428571428571428,False
8,4,0.6516931616405959,0.1271009042654902,5.1273684117479,0.7098945234947999,0.32372418107585715,0.6428571428571429,0.7857142857142857,False,0.6428571428571429,0.7857142857142857,False,0.8571428571428571,0.9523809523809523,False
8,3,0.8143513095404665,0.24120894011593477,3.376124073783004,0.528418398726472,0.25822754998389286,0.7142857142857143,0.8809523809523809,False,0.7142857142857143,0.8809523809523809,False,1.0,1.0,True
4,3,0.7517218968884929,0.42222862343671974,1.78036697457432,0.2505095296156736,0.07851082169763804,1.0,1.0,True,0.6666666666666666,0.8,False,1.0,1.0,True
4,5,0.3109642045992641,0.03132717225105916,9.926341327498022,0.9967892047823451,0.21110039738763747,0.3333333333333333,0.4,False,0.3333333333333333,0.4,False,1.0,1.0,True
4,4,0.7732247931619127,0.13622321821952027,5.676160079482224,0.754054634962931,0.19959278531791402,0.6666666666666666,0.8,False,0.6666666666666666,0.8,False,1.0,1.0,True
6,3,0.7398686322564055,0.42061621909203767,1.7590111809091966,0.24526859999852668,0.031755769921034904,1.0,1.0,True,1.0,1.0,True,1.0,1.0,True
4,3,0.4652696240010807,0.12747905967647913,3.64977295234377,0.562265848398604,0.012166190379616778,1.0,1.0,True,1.0,1.0,True,1.0,1.0,True
6,3,0.21026572841169755,0.05020530093098465,4.188118077343145,0.622018917423155,0.3105018064289282,0.6,0.7714285714285715,False,0.7333333333333333,0.8857142857142857,False,0.7333333333333333,0.8857142857142857,False
8,5,0.35186176454606144,0.09026778000600592,3.8979773792902903,0.5908393144948122,0.22811733079739374,0.5,0.7380952380952381,False,0.5714285714285714,0.7619047619047619,False,0.9285714285714286,0.9761904761904762,False
8,4,0.49644649940031804,0.11499438745163851,4.317136778564815,0.6351958084975743,0.20718742249446362,0.5714285714285714,0.6904761904761905,False,0.35714285714285715,0.47619047619047616,False,0.9285714285714286,0.9761904761904762,False
8,5,0.5457970481670102,0.05986980397507377,9.116399452136696,0.959823346352351,0.28022413708180394,0.8571428571428571,0.9523809523809523,False,0.8571428571428571,0.9523809523809523,False,0.9285714285714286,0.9761904761904762,False
4,3,0.5915516606487047,0.020797311386902665,28.443660318169645,1.4539854835378616,0.3676806742270966,0.6666666666666666,0.8,False,0.6666666666666666,0.8,False,1.0,1.0,True
4,3,0.6348203467980054,0.259601462792614,2.4453650606071298,0.3883437027121555,0.148819136416249,0.6666666666666666,0.8,False,0.6666666666666666,0.8,False,1.0,1.0,True
5,4,0.41209075529869665,0.030646184848691773,13.446722889646779,1.1286164550181876,0.28399382304118204,0.8,0.9,False,0.6,0.7,False,0.8,0.9,False
5,4,0.5220009857057303,0.056725394040497604,9.202245211798074,0.9638938017077293,0.2577872732244013,1.0,1.0,True,1.0,1.0,True,0.8,0.9,False
8,4,0.22625784556118075,0.11875240697694647,1.905290606894386,0.27996122638699394,0.06278202664627668,0.9285714285714286,0.9761904761904762,False,0.9285714285714286,0.9761904761904762,False,0.9285714285714286,0.9761904761904762,False
6,5,0.840720365685035,0.25310802590606946,3.3215871471168286,0.5213456513328756,0.23642351121703392,0.8666666666666667,0.9428571428571428,False,0.8666666666666667,0.9428571428571428,False,1.0,1.0,True
8,3,0.6304050525364279,0.22747220479162378,2.771349814414205,0.44269134818611033,0.2334445063466637,0.7857142857142857,0.9047619047619048,False,0.7857142857142857,0.9047619047619048,False,0.9285714285714286,0.9761904761904762,False
8,5,0.16849285008598752,0.055901153462247055,3.0141211700893678,0.47916070731617655,0.18559875764157177,0.9285714285714286,0.9761904761904762,False,0.9285714285714286,0.9761904761904762,False,0.9285714285714286,0.9761904761904762,False
10,3,0.10330894153310784,0.024791465936301313,4.167117095632046,0.6198357042663372,0.11735361599032076,0.8222222222222222,0.9515151515151515,False,0.8666666666666667,0.9636363636363636,False,0.9555555555555556,0.9878787878787879,False
8,4,0.7981739022829097,0.11486418706201909,6.948849094670383,0.841912880385227,0.07954479773557749,0.9285714285714286,0.9761904761904762,False,0.8571428571428571,0.9285714285714286,False,0.9285714285714286,0.9761904761904762,False
5,3,0.28345580016597444,0.036111167197458834,7.849533043564205,0.894843822014646,0.3525704308079664,0.0,0.09999999999999998,False,0.0,0.09999999999999998,False,0.8,0.9,False
10,5,0.5874599793514533,0.21502780040047317,2.7320187355059256,0.4364836733033966,0.10586717742007166,0.8666666666666667,0.9393939393939394,False,0.8222222222222222,0.9393939393939394,False,0.8666666666666667,0.9515151515151515,False
8,4,0.6840279730201507,0.09696287347300744,7.054534880337639,0.8484683851262648,0.18558018314197125,0.7142857142857143,0.8571428571428572,False,0.7142857142857143,0.8571428571428572,False,0.9285714285714286,0.9761904761904762,False
8,5,0.8767361421010923,0.31251483860445783,2.8054224433418016,0.4479982670176382,0.10878040691589691,0.8571428571428571,0.9523809523809523,False,1.0,1.0,True,0.9285714285714286,0.9761904761904762,False
6,3,0.6273072708035903,0.13168600702012664,4.763659290716819,0.6779406920523381,0.09348436617975678,0.8666666666666667,0.9428571428571428,False,0.7333333333333333,0.8285714285714285,False,0.8666666666666667,0.9428571428571428,False
6,4,0.16978587473863918,0.0010350197822118314,164.0411879005506,2.2149529055604984,0.7510318453819504,0.2,0.19999999999999996,False,0.2,0.19999999999999996,False,0.8666666666666667,0.9428571428571428,False
6,5,0.43140555907326633,0.12415380809891866,3.4747670303118876,0.5409256921371541,0.26321497652548825,0.6,0.7142857142857143,False,0.4666666666666667,0.5428571428571429,False,1.0,1.0,True
8,3,0.17445497002390542,0.0035384559457297482,49.30256943996639,1.6928695534460063,0.3391027671760486,0.7142857142857143,0.8095238095238095,False,0.7142857142857143,0.8095238095238095,False,0.7857142857142857,0.8809523809523809,False
10,4,0.23253652180490908,0.005301332830089466,43.86378467716787,1.6421061009734697,0.3065229226698663,0.7777777777777778,0.8666666666666667,False,0.7777777777777778,0.8666666666666667,False,0.8666666666666667,0.9515151515151515,False
8,5,0.26676375602858654,0.11876504024160754,2.246147144678723,0.35143820340753673,0.1324697469836374,0.6428571428571429,0.7857142857142857,False,0.6428571428571429,0.7380952380952381,False,0.8571428571428571,0.9285714285714286,False
5,4,0.5877227409089111,0.12837713011580396,4.578095338119581,0.6606848325473754,0.1649043745415073,0.8,0.9,False,0.8,0.9,False,1.0,1.0,True
10,4,0.6074333498303734,0.034799855511192274,17.455053789449117,1.2419211914730244,0.3043861148401472,0.4666666666666667,0.5515151515151515,False,0.3333333333333333,0.406060606060606,False,0.9555555555555556,0.9878787878787879,False
10,4,0.44828758809023267,0.4093247390651017,1.095188111798537,0.03948872091088885,0.0106932899995121,0.9111111111111111,0.9757575757575757,False,0.9111111111111111,0.9636363636363636,False,0.9111111111111111,0.9636363636363636,False
4,3,0.5776528714695547,0.06981561972931097,8.273977566924932,0.9177143390668754,0.1966000778031053,1.0,1.0,True,1.0,1.0,True,1.0,1.0,True
8,4,0.6957706540143598,0.2722270708973856,2.555846675050442,0.40753479699152695,0.1230326323748797,0.6428571428571429,0.7857142857142857,False,0.6428571428571429,0.7857142857142857,False,0.9285714285714286,0.9761904761904762,False
4,5,0.17828138309942956,0.001704156126706949,104.61563949502593,2.0195966141552413,0.19815388734104136,1.0,1.0,True,0.6666666666666666,0.8,False,0.6666666666666666,0.8,False
8,4,0.8972852042158399,0.07111502526948846,12.617378687597798,1.100969137811498,0.20108124254283066,0.9285714285714286,0.9761904761904762,False,0.9285714285714286,0.9761904761904762,False,0.9285714285714286,0.9761904761904762,False
8,4,0.6448107714851332,0.1141426465157036,5.649166119437854,0.7519843457921676,0.26061329024826774,0.5714285714285714,0.6904761904761905,False,0.5714285714285714,0.6904761904761905,False,0.7857142857142857,0.8571428571428572,False
6,5,0.21459955556063093,0.002431109605050565,88.2722667157967,1.9458242788420468,0.37776243661316733,0.4666666666666667,0.6571428571428571,False,0.06666666666666667,0.1428571428571429,False,0.8666666666666667,0.9428571428571428,False
4,3,0.4574573350455851,0.1500075711645186,3.0495616420642255,0.4842374163583467,0.20433530158365076,1.0,1.0,True,1.0,1.0,True,1.0,1.0,True
5,4,0.5090916593461866,0.13512857346719384,3.7674612132719294,0.5760487898655858,0.17040644260160967,1.0,1.0,True,0.8,0.9,False,1.0,1.0,True
4,3,0.26907436076664876,0.19857097459157963,1.355053835630939,0.13195654986207922,0.04433476857656586,1.0,1.0,True,1.0,1.0,True,0.6666666666666666,0.8,False
6,4,0.6062091774362521,0.20868851291438625,2.9048516804662006,0.46312396254406596,0.08825410042151058,0.8666666666666667,0.9428571428571428,False,1.0,1.0,True,1.0,1.0,True
10,4,0.6940842476838448,0.2310318481270151,3.004279510845845,0.4777403359123211,0.03219919246956596,1.0,1.0,True,0.9111111111111111,0.9757575757575757,False,0.9111111111111111,0.9757575757575757,False
4,4,0.23685480543274207,0.018555792837439595,12.764467004723244,1.1060026850438882,0.37888893376173743,0.3333333333333333,0.6,False,0.3333333333333333,0.6,False,0.6666666666666666,0.8,False
10,3,0.6691257869847614,0.14394439445964563,4.648501871100651,0.6673130101058762,0.2365988942198694,0.5111111111111111,0.6242424242424243,False,0.5111111111111111,0.6242424242424243,False,0.8666666666666667,0.9515151515151515,False
10,3,0.11013318040919952,0.09667047196047886,1.1392639155944668,0.056624341997940496,0.015782928806275402,1.0,1.0,True,0.9111111111111111,0.9757575757575757,False,0.9111111111111111,0.9757575757575757,False
4,4,0.1962555818712492,0.024735881924847616,7.934044254398428,0.8994946185464296,0.16027391100072905,1.0,1.0,True,1.0,1.0,True,1.0,1.0,True
4,4,0.7656787549966657,0.26574641216402484,2.8812383533561685,0.45957918721671803,0.17054405973542225,0.3333333333333333,0.6,False,0.3333333333333333,0.6,False,0.6666666666666666,0.8,False
6,5,0.24302773137626016,0.048359381987125034,5.025451554280351,0.7011750907137206,0.2035582958076695,0.8666666666666667,0.9428571428571428,False,0.4666666666666667,0.6,False,0.8666666666666667,0.9428571428571428,False
8,4,0.03275561399598316,0.009086563641188783,3.6048406510795035,0.556886071860883,0.2282471211581779,0.8571428571428571,0.9285714285714286,False,0.7857142857142857,0.9047619047619048,False,0.9285714285714286,0.9761904761904762,False
8,4,0.5547066768643416,0.04198819883370327,13.211013862444517,1.1209361482707672,0.30128328252291603,0.7857142857142857,0.8571428571428572,False,0.7857142857142857,0.8571428571428572,False,1.0,1.0,True
5,3,0.15701229239052744,0.0718668577160985,2.184766349582183,0.3394049980510667,0.16171924810096477,1.0,1.0,True,1.0,1.0,True,0.8,0.9,False
6,5,0.5623618108269013,0.01693351057044235,33.20999555610759,1.5212688174846218,0.3933568174663753,0.6,0.6571428571428571,False,0.6,0.6571428571428571,False,1.0,1.0,True
10,3,0.4121611462483236,0.09292804973264703,4.4352716690996035,0.6469202263723449,0.16729995918279467,0.7777777777777778,0.9272727272727272,False,0.7333333333333333,0.8909090909090909,False,0.9111111111111111,0.9757575757575757,False
5,5,0.9814817790886432,0.29630052858396094,3.3124536894209897,0.5201498152257668,0.1796480518746184,1.0,1.0,True,1.0,1.0,True,0.8,0.9,False
4,5,0.33057698439108557,0.04197737196944903,7.875123402765736,0.8962573678864391,0.17707484329914355,0.6666666666666666,0.8,False,0.6666666666666666,0.8,False,0.6666666666666666,0.8,False
4,3,0.5605242286852132,0.028129099373119325,19.926845905380585,1.2994385624088742,0.23335988116951967,0.6666666666666666,0.8,False,0.6666666666666666,0.8,False,1.0,1.0,True
4,5,0.3388366588802677,0.026750954447549064,12.666339047152979,1.1026511088560649,0.35054422436363364,0.6666666666666666,0.8,False,0.6666666666666666,0.8,False,1.0,1.0,True
5,4,0.6302140706996603,0.03256173269269331,19.354439047456548,1.286780588616761,0.22232506811311387,1.0,1.0,True,1.0,1.0,True,1.0,1.0,True
10,4,0.7665986072033757,0.15926377851718873,4.813389549939795,0.6824510107617568,0.18474399024467858,0.6444444444444445,0.8303030303030303,False,0.6888888888888889,0.8545454545454545,False,0.9555555555555556,0.9878787878787879,False
4,4,0.25895883452114876,0.02796119939997616,9.261363606316124,0.9666749351807856,0.14419387476755685,1.0,1.0,True,1.0,1.0,True,1.0,1.0,True
4,5,0.28797976869294234,0.07297082387436689,3.946505649775965,0.5962127288732401,0.30072389614009803,0.6666666666666666,0.8,False,0.6666666666666666,0.8,False,1.0,1.0,True
4,3,0.611649925568477,0.1873578986865738,3.2646070961140836,0.5138309202948904,0.20609017399371782,1.0,1.0,True,1.0,1.0,True,0.6666666666666666,0.8,False
8,5,0.49985951895390784,0.2004744582800262,2.4933825647414993,0.3967889182990048,0.07563242115831939,0.9285714285714286,0.9761904761904762,False,0.7142857142857143,0.8809523809523809,False,0.7857142857142857,0.9047619047619048,False
10,4,0.4807214746634426,0.24623314175227168,1.952302079405423,0.29054701684949175,0.0673965188899307,1.0,1.0,True,1.0,1.0,True,0.9111111111111111,0.9636363636363636,False
6,4,0.0975056156421726,0.046084948894810164,2.1157800535401563,0.32547051851502196,0.17113179341854284,1.0,1.0,True,0.8666666666666667,0.9428571428571428,False,1.0,1.0,True
4,4,0.6135675233793664,0.0008752140114364027,701.0485603073581,2.845748101765652,0.19404388020399804,1.0,1.0,True,1.0,1.0,True,1.0,1.0,True
5,5,0.855169441975375,0.024026090258677763,35.593366741428554,1.5513690694331865,0.2949923785095239,0.4,0.4,False,0.4,0.4,False,0.8,0.9,False
6,3,0.7818087571617036,0.32934139638351184,2.373855111274649,0.37545420817620856,0.10246361212147197,0.7333333333333333,0.8285714285714285,False,0.7333333333333333,0.8285714285714285,False,0.7333333333333333,0.8285714285714285,False
8,3,0.14749798354455174,0.01282647107803579,11.499498391699461,1.0606788968346423,0.36269166568040134,0.7857142857142857,0.9047619047619048,False,0.7857142857142857,0.9047619047619048,False,0.9285714285714286,0.9761904761904762,False
10,3,0.28645008110894304,0.15753195639468365,1.8183617322027477,0.2596802829962477,0.0941548757559305,0.8666666666666667,0.9515151515151515,False,0.7333333333333333,0.8787878787878788,False,0.9555555555555556,0.9878787878787879,False
6,3,0.8672091558771621,0.12227678639884754,7.092181446782309,0.8507798380862799,0.3954534545841092,0.4666666666666667,0.7142857142857143,False,0.3333333333333333,0.6,False,0.8666666666666667,0.9428571428571428,False
10,3,0.5815514150692588,0.3333204390104246,1.7447217362189005,0.24172617166131619,0.07285121973358336,0.9555555555555556,0.9878787878787879,False,0.9111111111111111,0.9757575757575757,False,0.9555555555555556,0.9878787878787879,False
5,3,0.5680739236068234,0.1881472389177775,3.019305129702482,0.47990700485808097,0.15377960183166964,0.4,0.4,False,0.4,0.4,False,0.8,0.9,False
10,3,0.20658766801483663,0.12404884100176226,1.6653736249759594,0.2215116823241375,0.1023759444431812,0.9555555555555556,0.9878787878787879,False,0.9555555555555556,0.9878787878787879,False,0.8222222222222222,0.9151515151515152,False
8,4,0.35873799770681775,0.04909781083613901,7.306598636276832,0.863715251475819,0.4273983809250813,0.5714285714285714,0.7619047619047619,False,0.42857142857142855,0.6190476190476191,False,0.7857142857142857,0.9047619047619048,False
4,4,0.8917697857492255,0.42212663134067974,2.1125646181451296,0.32481000182275366,0.0368946219487116,1.0,1.0,True,1.0,1.0,True,1.0,1.0,True
4,4,0.7302446552388322,0.15326314796411447,4.764646067462019,0.6780306454450419,0.18222813777232416,0.3333333333333333,0.4,False,0.3333333333333333,0.4,False,0.6666666666666666,0.8,False
8,5,0.4223433288486694,0.06454996186831853,6.542890446685373,0.8157696485883921,0.2736986469909939,0.7857142857142857,0.9047619047619048,False,0.6428571428571429,0.7619047619047619,False,0.7857142857142857,0.9047619047619048,False
6,3,0.5251683394067002,0.03767271913623337,13.940282290047294,1.1442715682934494,0.4385742405872285,0.8666666666666667,0.9428571428571428,False,0.8666666666666667,0.9428571428571428,False,0.7333333333333333,0.8285714285714285,False
8,3,0.26350794650463805,0.11180882995035736,2.3567722390018537,0.3723176138674819,0.14070881897305976,0.6428571428571429,0.7857142857142857,False,0.7142857142857143,0.8333333333333334,False,0.8571428571428571,0.9523809523809523,False
8,5,0.7096270888964232,0.10125975439656187,7.00798745877177,0.8455933159638072,0.1695807117260092,0.9285714285714286,0.9761904761904762,False,0.8571428571428571,0.9285714285714286,False,0.9285714285714286,0.9761904761904762,False
10,3,0.23098063034194152,0.201747568933416,1.1448992003320178,0.058767252032561536,0.011126898427772612,0.9555555555555556,0.9878787878787879,False,0.9111111111111111,0.9757575757575757,False,0.9555555555555556,0.9878787878787879,False
4,5,0.15466964331812824,0.032580308475736536,4.747335140444349,0.6764498920318103,0.12200035033207891,0.6666666666666666,0.8,False,0.3333333333333333,0.6,False,0.6666666666666666,0.8,False
8,5,0.1540442832640405,0.005966860909412151,25.816637186101282,1.4118996714457683,0.18697198710749793,0.7857142857142857,0.9047619047619048,False,0.7857142857142857,0.9047619047619048,False,0.8571428571428571,0.9523809523809523,False
5,3,0.5495844551650598,0.18147211955986853,3.0284787354385903,0.4812245285972725,0.10133656905163527,0.8,0.9,False,1.0,1.0,True,1.0,1.0,True
8,5,0.3341097865559786,0.0477309069965607,6.999862511999895,0.8450895098905182,0.17998791981463658,0.9285714285714286,0.9761904761904762,False,0.8571428571428571,0.9285714285714286,False,0.8571428571428571,0.9285714285714286,False
5,5,0.767138838172524,0.324465569678777,2.364315076418223,0.3737053515796924,0.08969703933707147,0.8,0.9,False,0.8,0.9,False,0.8,0.9,False
6,3,0.6141430720217609,0.2066462432896805,2.971953722661543,0.4730420425888053,0.22037314821463191,0.2,0.37142857142857144,False,0.06666666666666667,0.08571428571428574,False,1.0,1.0,True
4,4,0.28444890834492,0.007553835467527362,37.656222395902134,1.5758367502291748,0.20975620589494687,1.0,1.0,True,1.0,1.0,True,1.0,1.0,True
6,4,0.7703749656433926,0.15740952284220927,4.894081067831831,0.6896711589308556,0.1272271191976746,0.8666666666666667,0.9428571428571428,False,0.8666666666666667,0.9428571428571428,False,1.0,1.0,True
8,5,0.43145583754030264,0.002577908411356766,167.36662771733563,2.2236688655862826,0.37764512276422507,0.35714285714285715,0.5238095238095238,False,0.35714285714285715,0.5238095238095238,False,0.9285714285714286,0.9761904761904762,False
6,4,0.5565349871631721,0.03376858112382666,16.480851982081283,1.216979658911613,0.4034943270663266,0.6,0.7142857142857143,False,0.6,0.7142857142857143,False,1.0,1.0,True
4,5,0.5758164110131475,0.024516605313461365,23.486792058992624,1.3708237027623709,0.07310277352376651,1.0,1.0,True,1.0,1.0,True,1.0,1.0,True
5,3,0.7467128562453053,0.32468952303424536,2.299775025892193,0.36168535349915687,0.17365230537077309,0.6,0.8,False,0.8,0.9,False,0.8,0.9,False
5,3,0.5105076154302649,0.02324715079785308,21.960007910107045,1.3416324922131737,0.23350192782527016,0.8,0.9,False,0.8,0.9,False,1.0,1.0,True
6,5,0.32643347083420116,0.12027695591656624,2.714015069170254,0.43361225468676895,0.04257934871068499,0.8666666666666667,0.9428571428571428,False,0.6,0.7714285714285715,False,0.6,0.7714285714285715,False
8,3,0.019134006640970962,0.006525932678082703,2.931995713394407,0.4671633310268952,0.20030013178255718,1.0,1.0,True,1.0,1.0,True,0.9285714285714286,0.9761904761904762,False
8,5,0.9404802642624818,0.20694536028323532,4.544582507048,0.6574939924615341,0.21580291024665094,0.8571428571428571,0.9523809523809523,False,0.9285714285714286,0.9761904761904762,False,1.0,1.0,True
6,3,0.6898887494649302,0.22934064148887431,3.0081399658742547,0.4782980396964181,0.09101540552612368,0.8666666666666667,0.9428571428571428,False,0.8666666666666667,0.9428571428571428,False,0.8666666666666667,0.9428571428571428,False
4,4,0.4788874134717715,0.07391097426388991,6.479246393850586,0.8115244956815528,0.1649407646300701,1.0,1.0,True,0.6666666666666666,0.8,False,1.0,1.0,True
10,3,0.5366144290848232,0.020167408659554926,26.60800096416838,1.425012247612553,0.21827228286758088,0.7333333333333333,0.8909090909090909,False,0.7777777777777778,0.9030303030303031,False,1.0,1.0,True
5,5,0.5492611815832813,0.1482577793550541,3.7047714053788856,0.568761415973829,0.08007090567352929,1.0,1.0,True,1.0,1.0,True,1.0,1.0,True
10,3,0.10847399050634593,0.015829024444265833,6.852853811770346,0.8358714673465587,0.34258715389410266,0.5555555555555556,0.6727272727272727,False,0.3333333333333333,0.4181818181818182,False,0.9555555555555556,0.9878787878787879,False
6,5,0.18376107233832906,0.0026907343677143774,68.29402206139338,1.8343826905135696,0.1551349737757937,1.0,1.0,True,0.8666666666666667,0.9428571428571428,False,1.0,1.0,True
8,4,0.549908513268862,0.1560191001395427,3.524623028677271,0.547112674428119,0.05911980108979854,0.9285714285714286,0.9761904761904762,False,0.9285714285714286,0.9761904761904762,False,1.0,1.0,True
10,5,0.721875632244026,0.05234191725537498,13.791539746399053,1.1396127553734423,0.2866763723806651,0.8222222222222222,0.9030303030303031,False,0.7333333333333333,0.8787878787878788,False,0.8666666666666667,0.9272727272727272,False
6,5,0.8045258782147351,0.39362312769185287,2.043898901292489,0.31045941020207224,0.12588586761399073,0.8666666666666667,0.9428571428571428,False,0.8666666666666667,0.9428571428571428,False,0.4666666666666667,0.6,False
8,4,0.4684829263159731,0.2563444251075239,1.8275526222879237,0.26186989082291917,0.13141118948372033,0.5714285714285714,0.7380952380952381,False,0.7142857142857143,0.8333333333333334,False,0.9285714285714286,0.9761904761904762,False
5,3,0.27412956289670376,0.08443243787780023,3.2467327698177684,0.5114465444407322,0.21178802585812875,0.6,0.7,False,0.4,0.6,False,0.8,0.9,False
10,3,0.38819153845254745,0.24940648845847108,1.5564612647021376,0.1921383169649241,0.07819654109365375,0.9555555555555556,0.9878787878787879,False,0.7777777777777778,0.8787878787878788,False,0.8222222222222222,0.9151515151515152,False
5,4,0.6965214758631784,0.13110165537146426,5.312835096432132,0.725326336176817,0.19766174708069648,1.0,1.0,True,1.0,1.0,True,0.8,0.9,False
8,5,0.3644678484096157,0.21514800895736572,1.6940330992333077,0.22892189163456245,0.07228373758475942,0.8571428571428571,0.9523809523809523,False,0.8571428571428571,0.9523809523809523,False,0.8571428571428571,0.9523809523809523,False
8,3,0.22044739255668297,0.11446884548580327,1.9258287407301369,0.2846176637527632,0.0838838572760769,0.8571428571428571,0.9285714285714286,False,0.7857142857142857,0.9047619047619048,False,0.9285714285714286,0.9761904761904762,False
6,4,0.7003192705126502,0.04451109710290991,15.733588162919789,1.1968277780364789,0.25931005453859013,0.4666666666666667,0.5428571428571429,False,0.3333333333333333,0.37142857142857144,False,1.0,1.0,True
10,5,0.6687629221997599,0.032389025109392865,20.647824993817732,1.3148743105719731,0.37796590575311384,0.3333333333333333,0.4666666666666667,False,0.4222222222222222,0.5151515151515151,False,0.6444444444444445,0.793939393939394,False
4,3,0.6585951287725219,0.06406864100476622,10.279523936105463,1.0119730021388396,0.3745938614877861,0.3333333333333333,0.6,False,0.6666666666666666,0.8,False,1.0,1.0,True
6,5,0.7767391097427833,0.16579970657555138,4.6848038864541355,0.6706914153276455,0.11919012687114819,0.8666666666666667,0.9428571428571428,False,0.7333333333333333,0.8285714285714285,False,0.8666666666666667,0.9428571428571428,False
10,5,0.8979832045506536,0.2079723653927118,4.317800602261192,0.6352625825704243,0.1717566560874311,0.8666666666666667,0.9636363636363636,False,0.8666666666666667,0.9636363636363636,False,0.8222222222222222,0.9393939393939394,False
6,5,0.5180384503304434,0.17778192667581522,2.9138982798412965,0.4644743870788977,0.11848276975082009,0.8666666666666667,0.9428571428571428,False,0.7333333333333333,0.8285714285714285,False,1.0,1.0,True
5,5,0.4170307522831865,0.10459496641425821,3.987101545857473,0.6006572966716653,0.27884761432381916,0.8,0.9,False,1.0,1.0,True,0.8,0.9,False
6,5,0.30218292451554823,0.018331279860230736,16.48455136810399,1.217077132188416,0.4286729394578593,0.2,0.08571428571428574,False,0.4666666666666667,0.4285714285714286,False,1.0,1.0,True
10,3,0.6745983645651211,0.48492131957759094,1.391150146071871,0.14337400568683834,0.04147708515702743,1.0,1.0,True,0.9111111111111111,0.9757575757575757,False,0.8666666666666667,0.9636363636363636,False
4,4,0.4692242434869892,0.10190294146916452,4.6046192260737655,0.6631937225128263,0.26402556027487695,1.0,1.0,True,1.0,1.0,True,1.0,1.0,True
8,4,0.09005505148264928,0.013390169536314354,6.725460139372625,0.8277220030468083,0.2843772981461053,0.6428571428571429,0.7380952380952381,False,0.35714285714285715,0.47619047619047616,False,0.8571428571428571,0.9523809523809523,False
10,5,0.1969777063264022,0.018986131431122707,10.374820538381764,1.0159805931080246,0.19064123626139795,0.8666666666666667,0.9636363636363636,False,0.8666666666666667,0.9636363636363636,False,1.0,1.0,True
4,5,0.3508240103113513,0.12504217299928014,2.8056455025822795,0.448032796414987,0.16812533636823418,0.6666666666666666,0.8,False,1.0,1.0,True,1.0,1.0,True
4,5,0.320419934613195,0.0868886234317539,3.6877087235842683,0.5667566106636505,0.193995045385013,0.6666666666666666,0.8,False,0.6666666666666666,0.8,False,1.0,1.0,True
10,3,0.14975876413685701,0.046092924276714506,3.2490619001420997,0.511757985470578,0.07382512884633664,1.0,1.0,True,0.9555555555555556,0.9878787878787879,False,0.9111111111111111,0.9757575757575757,False
4,5,0.07320103429382391,0.0002798189202850705,261.6014455264412,2.4176401394321316,0.5301314750582622,0.3333333333333333,0.4,False,0.3333333333333333,0.4,False,1.0,1.0,True
10,5,0.5119232150785922,0.0003622398733913929,1413.2160793691903,3.1502085701310394,0.4340713421021589,0.06666666666666667,0.1636363636363637,False,0.1111111111111111,0.19999999999999996,False,1.0,1.0,True
6,4,0.7524873341189957,0.49723044397786237,1.5133573240157123,0.17994148289849177,0.05670724210864994,1.0,1.0,True,0.8666666666666667,0.9428571428571428,False,0.7333333333333333,0.8285714285714285,False
4,5,0.7187564655103166,0.09363000856155762,7.676560928968506,0.8851667012712598,0.2758284077608868,1.0,1.0,True,1.0,1.0,True,1.0,1.0,True
5,4,0.4402397347826275,0.05439435815502318,8.093481561449016,0.9081353816452385,0.10850437361309173,0.8,0.9,False,0.8,0.9,False,1.0,1.0,True
5,4,0.2059749294566076,0.05307298908958,3.8809747290673404,0.58894081484454,0.2084937948595772,0.6,0.7,False,0.6,0.7,False,1.0,1.0,True
10,4,0.4892953369110495,0.1645955334680815,2.9727133330927313,0.47315303101502415,0.14398539579126146,0.9555555555555556,0.9878787878787879,False,0.8666666666666667,0.9515151515151515,False,0.9111111111111111,0.9757575757575757,False
5,5,0.5082964873720823,0.08344764527749635,6.091202282289748,0.7847030221944938,0.14943131830022288,1.0,1.0,True,1.0,1.0,True,0.8,0.9,False
5,4,0.47644694883605854,0.02404867174308705,19.811778126715236,1.2969234556478495,0.06741573841118838,1.0,1.0,True,1.0,1.0,True,1.0,1.0,True
4,4,0.16629601207904118,0.10617702003590573,1.5662147234989159,0.19485130231837935,0.08256145678019777,1.0,1.0,True,1.0,1.0,True,0.6666666666666666,0.8,False
5,3,0.4506450928443415,0.13597051719920245,3.314285347468477,0.5203898968099628,0.21030256019824972,0.8,0.9,False,0.8,0.9,False,1.0,1.0,True
6,5,0.5206444442092013,0.162749309864153,3.199057769526547,0.5050220827724684,0.08123418765878802,1.0,1.0,True,1.0,1.0,True,1.0,1.0,True
10,3,0.21258785381731066,0.1412255915032163,1.5053068750005116,0.17762504513495386,0.08707327951738189,0.9111111111111111,0.9757575757575757,False,0.9555555555555556,0.9878787878787879,False,0.9111111111111111,0.9757575757575757,False
8,4,0.5909190811557057,0.006459464590121779,91.4811239878759,1.9613314919505989,0.7174633827077401,0.42857142857142855,0.5238095238095238,False,0.2857142857142857,0.4285714285714286,False,1.0,1.0,True
6,3,0.4605078271341882,0.13136874796896492,3.5054595118732115,0.5447449553670087,0.07563805716372879,1.0,1.0,True,0.8666666666666667,0.9428571428571428,False,1.0,1.0,True
4,3,0.4309377755890245,0.041126653264378824,10.478308867203545,1.020291195920013,0.17150078268274646,1.0,1.0,True,1.0,1.0,True,1.0,1.0,True
5,3,0.6058694492327137,0.34540529983174734,1.7540826661492708,0.24405005687863973,0.041567871321904336,1.0,1.0,True,1.0,1.0,True,1.0,1.0,True
4,5,0.5139936017885672,0.172208660664886,2.9847140080010375,0.47490272384146537,0.0803328757271645,1.0,1.0,True,1.0,1.0,True,1.0,1.0,True
8,3,0.7804538160601608,0.23831479359394647,3.2748861465422285,0.5151962060719377,0.21061972855448063,0.7857142857142857,0.8809523809523809,False,0.5714285714285714,0.6904761904761905,False,0.9285714285714286,0.9761904761904762,False
10,5,0.7038395566065587,0.2617785868458585,2.6886826958780543,0.42953955210788974,0.19421815260986702,0.8666666666666667,0.9636363636363636,False,0.8222222222222222,0.9393939393939394,False,0.9555555555555556,0.9878787878787879,False
6,5,0.6182823718057077,0.10954669786940367,5.644007385207998,0.751587573358884,0.1462858688029047,0.8666666666666667,0.9428571428571428,False,0.6,0.7142857142857143,False,0.8666666666666667,0.9428571428571428,False
6,4,0.6169389049651695,0.006883282825586436,89.62858573561219,1.9524465436721083,0.2770553683523105,0.7333333333333333,0.8857142857142857,False,0.6,0.7714285714285715,False,1.0,1.0,True
6,5,0.7801314408250549,0.023913772824950635,32.62268344284326,1.5135196819184416,0.4540680770382034,0.2,0.3142857142857143,False,0.06666666666666667,0.1428571428571429,False,0.6,0.7714285714285715,False
6,4,0.5654272571673089,0.006055515548196714,93.37392540298487,1.9702256167593117,0.23741150822606244,0.8666666666666667,0.9428571428571428,False,0.8666666666666667,0.9428571428571428,False,0.8666666666666667,0.9428571428571428,False
6,4,0.554156395064651,0.02307637960507087,24.014009325746446,1.3804646749543183,0.0721983536845978,1.0,1.0,True,1.0,1.0,True,1.0,1.0,True
4,4,0.19784989482905962,0.0559116077151945,3.5386193119922296,0.5488338433399734,0.15803855643370177,0.6666666666666666,0.8,False,0.6666666666666666,0.8,False,1.0,1.0,True
5,5,0.8638539305379636,0.05172524925207733,16.700817163999837,1.2227377215148583,0.31748461096111097,0.4,0.4,False,0.4,0.4,False,1.0,1.0,True
8,3,0.8205235753882777,0.42982102861524835,1.9089889064521675,0.2808034046217405,0.02884064970739679,0.9285714285714286,0.9761904761904762,False,0.9285714285714286,0.9761904761904762,False,0.9285714285714286,0.9761904761904762,False
8,3,0.7469570907779439,0.3617316426353738,2.0649481624940766,0.3149091538009668,0.11889690777867096,0.9285714285714286,0.9761904761904762,False,0.9285714285714286,0.9761904761904762,False,0.8571428571428571,0.9523809523809523,False
5,3,0.41540357747916246,0.04316545781230639,9.623518399267578,0.9833338809803738,0.3264628388362448,0.4,0.6,False,0.4,0.6,False,1.0,1.0,True
6,5,0.5526737403321281,0.19673966810132149,2.809162715699461,0.4485768956571636,0.161461527375822,0.4666666666666667,0.6,False,0.4666666666666667,0.6,False,0.6,0.7714285714285715,False
8,5,0.3410356669124847,0.051736755011328725,6.591748300240648,0.8190006158760222,0.14697227436938332,0.8571428571428571,0.9523809523809523,False,0.8571428571428571,0.9523809523809523,False,0.9285714285714286,0.9761904761904762,False
5,3,0.5238266339189147,0.13806506839204286,3.794056237510331,0.5791037639431028,0.31132585837416954,0.6,0.7,False,0.4,0.6,False,1.0,1.0,True
8,3,0.5262343953981728,0.3170904812328087,1.6595717201934883,0.21999602565768261,0.01767087030382543,1.0,1.0,True,0.9285714285714286,0.9761904761904762,False,0.9285714285714286,0.9761904761904762,False
8,5,0.6487407266196741,0.15770905553984887,4.1135287025521565,0.6142145319853587,0.07902977548705634,0.8571428571428571,0.9285714285714286,False,0.8571428571428571,0.9285714285714286,False,1.0,1.0,True
6,4,0.7641519419556655,0.3168876159909391,2.411428858031182,0.38227445389205444,0.17114896357722975,1.0,1.0,True,0.8666666666666667,0.9428571428571428,False,0.8666666666666667,0.9428571428571428,False
6,4,0.5565944921718896,0.28925286504752723,1.924248847383106,0.2842612350910435,0.07518658462764788,1.0,1.0,True,1.0,1.0,True,1.0,1.0,True
8,3,0.8242670152925997,0.6218288179269188,1.3255529359981306,0.12239707597920399,0.05025421890108128,0.9285714285714286,0.9761904761904762,False,0.7857142857142857,0.9285714285714286,False,0.9285714285714286,0.9761904761904762,False
10,4,0.6515170774936228,0.3006327004732893,2.1671530624105935,0.33588958589885476,0.14914282095199238,0.8222222222222222,0.9393939393939394,False,0.7333333333333333,0.8424242424242424,False,0.9555555555555556,0.9878787878787879,False
10,3,0.45648668872195974,0.2375501617980211,1.9216433500397676,0.28367278734791584,0.08477349612654167,0.9111111111111111,0.9757575757575757,False,0.7333333333333333,0.8787878787878788,False,0.9555555555555556,0.9878787878787879,False
8,5,0.5440364240186127,0.051425178680066685,10.579183932304192,1.0244521679480936,0.32878135181656554,0.6428571428571429,0.8095238095238095,False,0.6428571428571429,0.8095238095238095,False,0.7857142857142857,0.9285714285714286,False
8,3,0.915544112438028,0.6041782771909014,1.515354237317654,0.1805141677091634,0.07637778936789778,1.0,1.0,True,1.0,1.0,True,0.9285714285714286,0.9761904761904762,False
6,4,0.27822270165586865,0.038830634427749366,7.165031057279831,0.8552180772143153,0.15836729228566268,0.7333333333333333,0.8857142857142857,False,0.6,0.7714285714285715,False,0.8666666666666667,0.9428571428571428,False
6,4,0.7446125949411716,0.059739614965823265,12.464301876647456,1.0956679587635483,0.19486231658951747,0.8666666666666667,0.9428571428571428,False,0.8666666666666667,0.9428571428571428,False,0.8666666666666667,0.9428571428571428,False
8,5,0.740722827092911,0.2893825215305899,2.559666780054826,0.40818343210768976,0.18813166014867866,0.7857142857142857,0.8809523809523809,False,0.7857142857142857,0.8809523809523809,False,0.7857142857142857,0.8809523809523809,False
10,3,0.08883367127518785,0.06685901069533791,1.328671638272589,0.12341766468518171,0.038446765942678734,0.9555555555555556,0.9878787878787879,False,0.8222222222222222,0.9151515151515152,False,0.8222222222222222,0.9151515151515152,False
10,4,0.3903140012250334,0.02835348754605774,13.765996178679492,1.1388076446613697,0.41010634653742606,0.5555555555555556,0.7575757575757576,False,0.5555555555555556,0.7575757575757576,False,0.8222222222222222,0.9151515151515152,False
8,5,0.1178855958511814,0.01913429056629472,6.160959845183773,0.7896483782347439,0.278448231604302,0.6428571428571429,0.7857142857142857,False,0.6428571428571429,0.7857142857142857,False,0.9285714285714286,0.9761904761904762,False
8,3,0.27712424262656543,0.0581557717686976,4.765206172897229,0.6780816957014237,0.21929260411607768,0.7142857142857143,0.8333333333333334,False,0.7142857142857143,0.8333333333333334,False,0.7857142857142857,0.9047619047619048,False
4,4,0.686003656412778,0.07046568541541222,9.735286790426938,0.9883487498637846,0.3093118823148206,0.6666666666666666,0.8,False,1.0,1.0,True,1.0,1.0,True
4,3,0.23139743070901983,0.1801156986067246,1.2847155050764458,0.10880696560136496,0.022622288985778796,0.6666666666666666,0.8,False,0.6666666666666666,0.8,False,0.6666666666666666,0.8,False
5,3,0.20088001785058582,0.005154718462678234,38.97012402637496,1.5907317879811569,0.5571445429767145,-0.6,-0.7,False,-0.6,-0.7,False,1.0,1.0,True
10,5,0.2655264303645646,0.057283137257078634,4.635333242456399,0.6660809618154764,0.3264949679257567,0.6,0.7212121212121212,False,0.6,0.7212121212121212,False,0.8222222222222222,0.9393939393939394,False
5,4,0.9294312715356098,0.12739389527416842,7.295728492547116,0.8630686635354613,0.1409415652720506,0.8,0.9,False,0.8,0.9,False,0.8,0.9,False
10,5,0.14078905124190316,0.011839989131916459,11.89097807957393,1.0752175785120184,0.3117678192906634,0.4666666666666667,0.6242424242424243,False,0.37777777777777777,0.5151515151515151,False,0.9555555555555556,0.9878787878787879,False
6,3,0.5027250354821029,0.09871474758015994,5.092704462104604,0.7069484740946378,0.19581167153238963,1.0,1.0,True,1.0,1.0,True,0.8666666666666667,0.9428571428571428,False
5,4,0.064177836412274,0.03129426537554333,2.0507858433506674,0.31192031082809063,0.007102475024914381,1.0,1.0,True,0.8,0.9,False,0.8,0.9,False
4,3,0.38460623161343005,0.04359903054548093,8.821439990584224,0.9455394841022489,0.3612330164281237,-0.3333333333333333,-0.3999999999999999,False,-0.6666666666666666,-0.8,False,1.0,1.0,True
4,4,0.4215100080147088,0.09867221863386887,4.271820516922634,0.6306129972631034,0.2042690523957151,1.0,1.0,True,1.0,1.0,True,1.0,1.0,True
6,3,0.12805905843997276,0.005403072679929781,23.70115413993207,1.3747694947189502,0.5627233006189775,0.6,0.7714285714285715,False,0.4666666666666667,0.5428571428571429,False,1.0,1.0,True
10,4,0.20247799762074248,0.044138631400917394,4.587319343389219,0.6615589743251985,0.19908123236862002,0.8222222222222222,0.9393939393939394,False,0.7333333333333333,0.8666666666666667,False,0.9555555555555556,0.9878787878787879,False
10,3,0.11348080519727911,0.06781089342974721,1.6734893091059613,0.22362294226229418,0.01586025823172784,0.9555555555555556,0.9878787878787879,False,1.0,1.0,True,1.0,1.0,True
10,3,0.08129859350326568,0.009735740143876558,8.350530344223406,0.9217140585082204,0.45914412452707754,0.5111111111111111,0.6242424242424243,False,0.4666666666666667,0.6121212121212121,False,0.7333333333333333,0.8666666666666667,False
5,4,0.7226038849808346,0.1468454799444238,4.920845267075266,0.6920397091283919,0.14377743076603064,1.0,1.0,True,1.0,1.0,True,1.0,1.0,True
4,4,0.581934074171995,0.07869068645660315,7.395209018611479,0.8689504534305076,0.1370524866272576,1.0,1.0,True,0.6666666666666666,0.8,False,1.0,1.0,True
6,5,0.3812763233066873,0.013744215221774372,27.740858035670648,1.4431198898444768,0.3125145605783162,0.6,0.7714285714285715,False,0.6,0.7714285714285715,False,0.7333333333333333,0.8285714285714285,False
10,4,0.4099125656194825,0.01642754101860668,24.952764697421344,1.3971186712546007,0.08114509768590648,0.9555555555555556,0.9878787878787879,False,0.9555555555555556,0.9878787878787879,False,0.9111111111111111,0.9757575757575757,False
5,4,0.4541794956913107,0.09109896573705042,4.985561493609888,0.6977140773606146,0.297183707405025,0.6,0.7,False,0.4,0.4,False,1.0,1.0,True
10,4,0.47256823888133626,0.2344985739372454,2.0152286256793435,0.3043243235483551,0.15018480681870983,0.7777777777777778,0.8909090909090909,False,0.6888888888888889,0.8666666666666667,False,1.0,1.0,True
5,3,0.11675427609256325,0.0741817888685631,1.5738940496279634,0.19697549345464985,0.07279587729687333,1.0,1.0,True,1.0,1.0,True,1.0,1.0,True
8,3,0.4128696853868469,0.368989145750883,1.1189209496814583,0.04879940526844716,0.005587697701518943,1.0,1.0,True,1.0,1.0,True,1.0,1.0,True
4,3,0.6444529629367042,0.5453134336260732,1.1818028370403766,0.07254502821388085,0.008210861717825544,1.0,1.0,True,1.0,1.0,True,1.0,1.0,True
10,5,0.45848443752593737,0.039155251976951834,11.709398212635897,1.0685345757173401,0.16626004103709421,0.8666666666666667,0.9272727272727272,False,0.8222222222222222,0.9151515151515152,False,0.9555555555555556,0.9878787878787879,False
4,4,0.6476616167035425,0.12363451324784507,5.238517948462847,0.7192084362500752,0.19719625644959565,0.6666666666666666,0.8,False,0.6666666666666666,0.8,False,0.0,0.19999999999999996,False
4,3,0.8908642525536166,0.06108644812489081,14.583664296828443,1.1638666586836055,0.4278059201460572,0.6666666666666666,0.8,False,0.6666666666666666,0.8,False,1.0,1.0,True
5,5,0.1997357171490569,0.015355536196681518,13.007407528967589,1.1141907471337584,0.2234007650359025,1.0,1.0,True,1.0,1.0,True,0.8,0.9,False
6,5,0.0762226628676844,0.020949889592448773,3.6383324373947983,0.5609023783805913,0.1231509427811842,0.6,0.7714285714285715,False,0.6,0.6571428571428571,False,0.8666666666666667,0.9428571428571428,False
10,5,0.6678385556628917,0.14216422079088187,4.697655654445987,0.6718811791391455,0.2452875204949782,0.8222222222222222,0.9393939393939394,False,1.0,1.0,True,0.9555555555555556,0.9878787878787879,False
5,3,0.30071321824325553,0.06493122143786718,4.631257684354164,0.6656989459214799,0.25781223697760014,0.8,0.9,False,0.8,0.9,False,0.8,0.9,False
5,5,0.2733802097226409,0.007290984392940761,37.495651471951575,1.5739809036945813,0.11270354414654439,1.0,1.0,True,1.0,1.0,True,1.0,1.0,True
5,4,0.5426320751904974,0.41906989509846765,1.2948486196120146,0.11221899813923394,0.033546443913393106,1.0,1.0,True,1.0,1.0,True,1.0,1.0,True
4,3,0.8748645951955559,0.27781262389798017,3.1491174983958947,0.49818886513097843,0.14767565020803644,1.0,1.0,True,1.0,1.0,True,1.0,1.0,True
4,5,0.2825194881963416,0.01763489854238713,16.020477095530723,1.2046754453856132,0.14604691748281431,1.0,1.0,True,1.0,1.0,True,1.0,1.0,True
6,4,0.2278041472050092,0.008805835204963407,25.86968094187565,1.4127910724723498,0.40994619587526443,0.6,0.6571428571428571,False,0.6,0.6571428571428571,False,0.8666666666666667,0.9428571428571428,False
10,3,0.1740615553573893,0.030115678513147667,5.779765356295031,0.7619102075321581,0.26800748279079817,0.37777777777777777,0.5515151515151515,False,0.37777777777777777,0.5515151515151515,False,0.8666666666666667,0.9393939393939394,False
4,3,0.35852489724986886,0.10942168456557198,3.276543389639947,0.5154159234767844,0.2238868611115212,1.0,1.0,True,1.0,1.0,True,1.0,1.0,True
8,5,0.34592190129461425,0.007107445843138832,48.67035344066383,1.6872645000707642,0.2660712828959028,0.8571428571428571,0.9285714285714286,False,0.7857142857142857,0.9047619047619048,False,1.0,1.0,True
6,4,0.6526079934032901,0.2118898380219514,3.0799400268199797,0.48854225991773975,0.13739714437115141,0.7333333333333333,0.8285714285714285,False,0.4666666666666667,0.7142857142857143,False,0.7333333333333333,0.8857142857142857,False
8,3,0.6394338131586289,0.32447975755659353,1.9706431549744137,0.2946079891418435,0.08315169253495244,0.8571428571428571,0.9285714285714286,False,0.8571428571428571,0.9285714285714286,False,0.8571428571428571,0.9523809523809523,False
4,3,0.14006992839802956,0.025968336406423126,5.393873762278825,0.7319007780480439,0.2275396523744087,1.0,1.0,True,1.0,1.0,True,1.0,1.0,True
6,5,0.537638251464148,0.32629513649195213,1.6477053787645433,0.21687955941478743,0.04435622478406611,1.0,1.0,True,1.0,1.0,True,1.0,1.0,True
6,5,0.7286648108644538,0.23098494413651668,3.1545987275718015,0.49894412380689146,0.12805841217678657,0.8666666666666667,0.9428571428571428,False,0.6,0.7714285714285715,False,0.8666666666666667,0.9428571428571428,False
8,4,0.2234923748075132,0.026578340718373634,8.408815929002065,0.9247348457736054,0.10650586112709806,1.0,1.0,True,0.8571428571428571,0.9285714285714286,False,0.9285714285714286,0.9761904761904762,False
6,5,0.6752007051329524,0.33576922647957497,2.0109070512809915,0.30339199697730823,0.05743020595661294,0.8666666666666667,0.9428571428571428,False,1.0,1.0,True,1.0,1.0,True
5,4,0.49374351756904794,0.019704762977343745,25.05706453367088,1.3989301914984678,0.3656696675907634,0.6,0.7,False,0.6,0.7,False,1.0,1.0,True
10,3,0.5258432805555295,0.08967829416084042,5.863662834693888,0.7681689900707,0.3545968548339946,0.7777777777777778,0.8666666666666667,False,0.7777777777777778,0.8666666666666667,False,0.8222222222222222,0.9393939393939394,False
4,5,0.5747843495786455,0.10449935151875936,5.500362836892456,0.7403913391056464,0.2709285798435598,1.0,1.0,True,1.0,1.0,True,1.0,1.0,True
8,4,0.7813738594865605,0.47399700546938084,1.648478472371672,0.217083280025585,0.11301109797111575,0.8571428571428571,0.9523809523809523,False,0.7857142857142857,0.9047619047619048,False,0.8571428571428571,0.9285714285714286,False
5,3,0.9008420022265767,0.5059379910176931,1.7805383628391982,0.25055133526379064,0.007603798032604082,1.0,1.0,True,1.0,1.0,True,1.0,1.0,True
10,3,0.2020878750764792,0.021450395349916287,9.421172513160544,0.9741049563286522,0.10407653743537348,1.0,1.0,True,1.0,1.0,True,1.0,1.0,True
8,3,0.0573649065680302,0.03336063572393437,1.719538771413597,0.23541197255183804,0.02591580433005042,0.9285714285714286,0.9761904761904762,False,0.9285714285714286,0.9761904761904762,False,0.9285714285714286,0.9761904761904762,False
6,3,0.641275207989112,0.08558289168671404,7.493030386599697,0.8746574938026671,0.2736113890796092,0.6,0.7714285714285715,False,0.6,0.7714285714285715,False,1.0,1.0,True
8,5,0.6380560652802613,0.08560338829714155,7.453630959770239,0.8723678863916638,0.2811141940125739,0.7857142857142857,0.9047619047619048,False,0.7142857142857143,0.8333333333333334,False,0.9285714285714286,0.9761904761904762,False
8,4,0.528247661329723,0.2050540922517516,2.576138108370936,0.410969142109979,0.06976646083119112,1.0,1.0,True,1.0,1.0,True,1.0,1.0,True
4,3,0.7428857148546297,0.18707562824199836,3.9710448754429537,0.5989047949075312,0.23256385396505974,0.0,0.19999999999999996,False,0.0,0.19999999999999996,False,0.6666666666666666,0.8,False
10,4,0.5119711848043705,0.054419999363099526,9.407776383439545,0.9734869859650094,0.25536049293395113,0.5555555555555556,0.7333333333333334,False,0.5555555555555556,0.7090909090909091,False,0.8666666666666667,0.9393939393939394,False
5,5,0.5436627846257359,0.2598379148973925,2.0923150681775247,0.32062708271342727,0.13400499636841118,0.6,0.7,False,0.8,0.9,False,0.8,0.9,False
10,3,0.5307199369136661,0.11693039456256715,4.538768032850086,0.6569379874074214,0.29058063737070794,0.4666666666666667,0.6484848484848484,False,0.4666666666666667,0.6484848484848484,False,0.7333333333333333,0.8787878787878788,False
5,3,0.7686057986481595,0.45307116994807645,1.6964350186628472,0.22953722880480668,0.07727807271191811,1.0,1.0,True,1.0,1.0,True,1.0,1.0,True
6,5,0.18085274443235586,0.025127687052993543,7.197349443414568,0.8571725889265497,0.22905591008926737,0.7333333333333333,0.8285714285714285,False,0.7333333333333333,0.8285714285714285,False,0.6,0.7714285714285715,False
8,3,0.6053890744040753,0.12870914495924776,4.703543595065073,0.67242517366306,0.22784717848141015,0.7857142857142857,0.9047619047619048,False,0.9285714285714286,0.9761904761904762,False,0.9285714285714286,0.9761904761904762,False
10,4,0.9144546311297221,0.43223654061970423,2.115634716621919,0.3254406849841296,0.16126444884568664,0.9111111111111111,0.9757575757575757,False,0.9111111111111111,0.9757575757575757,False,0.9111111111111111,0.9757575757575757,False
10,5,0.4759275643792415,0.2019427300624435,2.3567452229140473,0.3723126354461853,0.05020989368839917,1.0,1.0,True,1.0,1.0,True,0.9555555555555556,0.9878787878787879,False
4,4,0.40770727707637044,0.20978109679483462,1.943489109856088,0.28858211144906615,0.1005072477628269,0.6666666666666666,0.8,False,0.6666666666666666,0.8,False,0.6666666666666666,0.8,False
8,4,0.3172102282456076,0.003641054736063063,87.1204228315103,1.940119974563904,0.6400106832682837,0.42857142857142855,0.6190476190476191,False,0.42857142857142855,0.6190476190476191,False,0.9285714285714286,0.9761904761904762,False
5,4,0.21176596294572414,0.12419816230591657,1.705065187860118,0.23174098754361513,0.0456971988477988,1.0,1.0,True,0.8,0.9,False,1.0,1.0,True
8,4,0.64388953875351,0.025670409983302653,25.082947220057868,1.3993785643041365,0.30890254396639155,0.7142857142857143,0.8095238095238095,False,0.6428571428571429,0.7142857142857143,False,0.8571428571428571,0.9285714285714286,False
8,3,0.4073984790429877,0.13662723294550985,2.981824854803917,0.4744821304563211,0.047997236169452666,1.0,1.0,True,0.8571428571428571,0.9523809523809523,False,0.8571428571428571,0.9523809523809523,False
10,5,0.2253418613622316,0.052502194131413826,4.29204655321462,0.6326644238471704,0.3025299199102875,0.6444444444444445,0.8424242424242424,False,0.5555555555555556,0.7454545454545455,False,0.9555555555555556,0.9878787878787879,False
6,3,0.16119370237289973,0.03898034720821008,4.13525568430067,0.6165023672979798,0.04000794233754862,1.0,1.0,True,1.0,1.0,True,1.0,1.0,True
8,3,0.40233513149795497,0.21991975367087235,1.829463360068384,0.2623237159929118,0.14596620081990686,0.6428571428571429,0.7380952380952381,False,0.5714285714285714,0.6904761904761905,False,0.9285714285714286,0.9761904761904762,False
10,4,0.5426453904808968,0.08182518892624259,6.631764589794064,0.8216291015036196,0.29879903740964303,0.8666666666666667,0.9515151515151515,False,0.9111111111111111,0.9757575757575757,False,0.9555555555555556,0.9878787878787879,False
10,4,0.24716735032407666,0.036984393696476235,6.68301750045839,0.8249725983887776,0.24234254066585226,0.8222222222222222,0.9151515151515152,False,0.6444444444444445,0.793939393939394,False,0.8666666666666667,0.9272727272727272,False
10,4,0.021225798458704058,0.006643569151193369,3.1949390414181775,0.5044625763509865,0.12897009078743715,0.9555555555555556,0.9878787878787879,False,0.8666666666666667,0.9393939393939394,False,0.9111111111111111,0.9757575757575757,False
5,5,0.5699883193568511,0.1492440069344931,3.8191705721437375,0.5819690553061577,0.1763346346877545,0.8,0.9,False,0.8,0.9,False,1.0,1.0,True
8,5,0.8540240481226806,0.05164357140654906,16.536889778266627,1.2184538317490807,0.24727020255938142,0.5,0.6428571428571428,False,0.5,0.6428571428571428,False,0.8571428571428571,0.9285714285714286,False
5,4,0.4170487278789623,0.2153392556091777,1.936705533309418,0.287063593367279,0.09919967404480916,0.6,0.7,False,0.6,0.7,False,0.6,0.7,False
8,5,0.6328832674740699,0.42583229560466634,1.4862265591526178,0.1720850179642078,0.030247010215177644,1.0,1.0,True,1.0,1.0,True,1.0,1.0,True
8,4,0.3901118209599301,0.008693117114312485,44.87594217185546,1.6520135797087696,0.3219276906086278,0.7142857142857143,0.8095238095238095,False,0.7142857142857143,0.8095238095238095,False,0.8571428571428571,0.9523809523809523,False
8,3,0.13927297417399828,0.039717407057939594,3.5065978493339416,0.5448859621091432,0.06668886691213949,0.7857142857142857,0.9047619047619048,False,0.7142857142857143,0.8809523809523809,False,0.8571428571428571,0.9285714285714286,False
6,4,0.30381552545085944,0.042639074746949404,7.125284196404157,0.8528021911322853,0.11391155959845337,1.0,1.0,True,1.0,1.0,True,1.0,1.0,True
10,5,0.20668980531037234,0.07479675635381419,2.7633525219983555,0.44143629157333736,0.13565959797146976,0.8666666666666667,0.9515151515151515,False,0.7777777777777778,0.9151515151515152,False,0.8222222222222222,0.9515151515151515,False
8,4,0.3499494616206579,0.08839119009822333,3.959098878834224,0.5975963484296053,0.04513990239959783,0.8571428571428571,0.9285714285714286,False,0.8571428571428571,0.9285714285714286,False,0.8571428571428571,0.9285714285714286,False
8,5,0.5312086609491103,0.04143795709246294,12.81937378695996,1.107866810868432,0.2752530168164266,0.5,0.6190476190476191,False,0.42857142857142855,0.5,False,0.9285714285714286,0.9761904761904762,False
8,4,0.16621877497423715,0.00322898868953745,51.47703844901693,1.7116135533402124,0.05002866505348852,1.0,1.0,True,0.9285714285714286,0.9761904761904762,False,0.8571428571428571,0.9523809523809523,False
6,4,0.5365882918946744,0.16071141265580635,3.3388312816373538,0.5235944737697961,0.23277588845183267,0.7333333333333333,0.8285714285714285,False,0.6,0.7714285714285715,False,0.7333333333333333,0.8857142857142857,False
10,5,0.3335517126177694,0.059175456256451896,5.636656372645469,0.7510215597425349,0.05978632874113763,0.9111111111111111,0.9757575757575757,False,0.8222222222222222,0.9393939393939394,False,0.8666666666666667,0.9515151515151515,False
4,5,0.06436937815776911,0.004406599535839263,14.607494422771973,1.1645757291661272,0.30951959436560383,0.6666666666666666,0.8,False,0.6666666666666666,0.8,False,0.6666666666666666,0.8,False
5,4,0.5606112114284678,0.21196717205604879,2.6448020511288655,0.4223931730368106,0.1465142190674858,0.6,0.8,False,0.6,0.8,False,1.0,1.0,True
6,4,0.6393556374107254,0.20420838920550452,3.130898000298023,0.49566891922046225,0.052386392042048174,1.0,1.0,True,1.0,1.0,True,1.0,1.0,True
8,4,0.5219814849262655,0.20403726408002612,2.5582654584065545,0.40794560704629057,0.1722380692991871,0.5714285714285714,0.7380952380952381,False,0.5,0.6666666666666667,False,0.8571428571428571,0.9285714285714286,False
10,5,0.6982839712696964,0.06444106021393221,10.836009974706945,1.0348693961357884,0.3010051292918313,0.5555555555555556,0.7090909090909091,False,0.5111111111111111,0.6363636363636364,False,0.9555555555555556,0.9878787878787879,False
8,5,0.3954612961754646,0.05160851189367832,7.662714572792073,0.8843826488934954,0.3528417062965816,0.7142857142857143,0.8333333333333334,False,0.5714285714285714,0.6904761904761905,False,0.7142857142857143,0.8333333333333334,False
5,4,0.42390114211160423,0.05574027587697823,7.604934411153109,0.8810954728272666,0.43671356743127715,0.2,0.0,False,0.0,-0.10000000000000009,False,0.8,0.9,False
10,3,0.49112836534060134,0.03315918122815378,14.811233182947168,1.1705912193755614,0.5776907122182167,0.2,0.2848484848484848,False,0.1111111111111111,0.17575757575757578,False,0.7777777777777778,0.9030303030303031,False
5,4,0.16431323209670445,0.03626793565763285,4.530537211802762,0.6561497018558041,0.3166064576371106,1.0,1.0,True,1.0,1.0,True,1.0,1.0,True
4,3,0.24525016218480092,0.013043830162883392,18.802005170526183,1.2742041677773694,0.20800427516224235,1.0,1.0,True,1.0,1.0,True,1.0,1.0,True
4,3,0.4679292998948404,0.04463237684625284,10.484077545237026,1.020530224535531,0.3447829524861653,0.3333333333333333,0.4,False,0.3333333333333333,0.4,False,1.0,1.0,True
8,5,0.3401102810064746,0.16617942968108662,2.0466448925545744,0.3110424960174176,0.06084347622559309,1.0,1.0,True,1.0,1.0,True,1.0,1.0,True
5,3,0.7941249115718597,0.02221552792255697,35.74638938603764,1.5532321818319246,0.09429117604468441,0.8,0.9,False,0.8,0.9,False,0.8,0.9,False
4,3,0.13856112003319912,0.01547490880704104,8.95392158700155,0.9520132867771952,0.3192252292302773,-0.3333333333333333,-0.3999999999999999,False,0.0,0.0,False,1.0,1.0,True
10,5,0.4006979208374877,0.10406900070822916,3.850310064541174,0.585495704546703,0.17506434416741887,0.8222222222222222,0.9272727272727272,False,0.7333333333333333,0.8787878787878788,False,0.9555555555555556,0.9878787878787879,False
10,3,0.32265693487195524,0.098799732983088,3.265767276151648,0.5139852329774127,0.16507031381602538,0.7777777777777778,0.8909090909090909,False,0.6888888888888889,0.8303030303030303,False,1.0,1.0,True
4,4,0.439911941648561,0.05694348109225349,7.725413571540161,0.8879217381978453,0.4269623804682289,0.6666666666666666,0.8,False,0.6666666666666666,0.8,False,1.0,1.0,True
6,5,0.7806320507611547,0.37505629158186105,2.0813730319431,0.3183499231697916,0.10344508978939884,0.4666666666666667,0.6,False,0.2,0.3142857142857143,False,0.7333333333333333,0.8285714285714285,False
5,3,0.7947461989658127,0.4513744330394801,1.76072489000399,0.24569150356133473,0.0935464732408222,1.0,1.0,True,1.0,1.0,True,1.0,1.0,True
10,4,0.08126927835500952,0.0014067892054304468,57.76933600537087,1.7616973758353252,0.5546143069026864,0.37777777777777777,0.5515151515151515,False,0.28888888888888886,0.4303030303030303,False,0.7777777777777778,0.8909090909090909,False
4,3,0.8204047713885759,0.04985961344530793,16.454294662192698,1.2162792703506586,0.5075683556820709,-0.6666666666666666,-0.8,False,-0.6666666666666666,-0.8,False,1.0,1.0,True
8,4,0.7447537009582137,0.1468322495910437,5.072139826417051,0.7051912174691635,0.279418954350978,0.7142857142857143,0.8571428571428572,False,0.7142857142857143,0.8571428571428572,False,0.7857142857142857,0.9047619047619048,False
8,5,0.5521431394586552,0.009967964450321084,55.39176450267919,1.7434451998022404,0.5861723507895501,0.7857142857142857,0.9047619047619048,False,0.7142857142857143,0.8571428571428572,False,0.7142857142857143,0.8809523809523809,False
4,4,0.09699120766141807,0.008966127638465125,10.817513598011201,1.0341274497951916,0.47732167775136636,0.6666666666666666,0.8,False,0.6666666666666666,0.8,False,1.0,1.0,True
8,5,0.5772447840138313,0.0765651453693572,7.539263214633902,0.8773289058891803,0.24364256118140754,0.9285714285714286,0.9761904761904762,False,0.7857142857142857,0.8809523809523809,False,0.9285714285714286,0.9761904761904762,False
5,5,0.3022407538830472,0.07912693257252792,3.8196950652951567,0.5820286936065617,0.12235085641140578,1.0,1.0,True,0.8,0.9,False,1.0,1.0,True
10,5,0.5041716277805774,0.10082671383140858,5.000377465624812,0.6990027893461057,0.09947788688417247,0.8666666666666667,0.9515151515151515,False,0.9111111111111111,0.9636363636363636,False,1.0,1.0,True
10,5,0.5623824608068156,0.25664714894276647,2.191267127343146,0.34069532363992244,0.02321169905340089,1.0,1.0,True,0.9111111111111111,0.9757575757575757,False,0.9555555555555556,0.9878787878787879,False
6,5,0.7173895229782837,0.14025602085615857,5.114857234605973,0.7088335162323188,0.2494189147096333,0.7333333333333333,0.8857142857142857,False,0.7333333333333333,0.8857142857142857,False,0.7333333333333333,0.8285714285714285,False
10,4,0.38636675807583754,0.07218902258120492,5.352153890653723,0.728528592222562,0.2044175877785133,0.4222222222222222,0.5878787878787879,False,0.2,0.2727272727272727,False,0.6888888888888889,0.8424242424242424,False
4,3,0.46826651624852567,0.18097529503796628,2.587460991002678,0.41287381101763637,0.12638727723886145,1.0,1.0,True,1.0,1.0,True,1.0,1.0,True
10,5,0.1878128623453397,0.017039750259422937,11.022043132965381,1.0422621062332915,0.19618725789791377,0.7777777777777778,0.9030303030303031,False,0.6888888888888889,0.8181818181818181,False,0.8666666666666667,0.9515151515151515,False
6,3,0.8433819574454826,0.042626042180408774,19.78560322012071,1.2963492955005165,0.4650178321937619,0.7333333333333333,0.8285714285714285,False,0.7333333333333333,0.8285714285714285,False,0.8666666666666667,0.9428571428571428,False
5,5,0.5320304184514333,0.12354452531445244,4.3063860344517355,0.6341129583991272,0.24118659032996487,0.4,0.6,False,0.4,0.6,False,0.8,0.9,False
10,5,0.515908455871524,0.07790640477579068,6.622157155751843,0.8209994831309315,0.2640604520339646,0.6888888888888889,0.8424242424242424,False,0.6888888888888889,0.8424242424242424,False,0.7777777777777778,0.8909090909090909,False
5,5,0.2299440058775601,0.014409189382956697,15.958150021512072,1.2029825435299344,0.12247409125500586,1.0,1.0,True,1.0,1.0,True,0.8,0.9,False
8,5,0.6399177355268635,0.06122127101134074,10.452539206477296,1.0192218052226734,0.15838756410630747,0.7142857142857143,0.8333333333333334,False,0.6428571428571429,0.7857142857142857,False,0.7142857142857143,0.8571428571428572,False
5,4,0.46239510523064603,0.15770817111674948,2.9319666948988234,0.46715903271403864,0.07240615740422617,1.0,1.0,True,0.8,0.9,False,1.0,1.0,True
8,4,0.15123252490847122,0.051258132580117625,2.950410350379834,0.46988242293134536,0.13777247611895274,0.5,0.7142857142857143,False,0.6428571428571429,0.7857142857142857,False,0.8571428571428571,0.9523809523809523,False
10,4,0.2777661860414025,0.1252376487745971,2.217912814213788,0.3459444701043666,0.10653803513595185,0.8222222222222222,0.9515151515151515,False,0.8222222222222222,0.9393939393939394,False,0.9111111111111111,0.9636363636363636,False
8,5,0.8047301269424688,0.05091314490446008,15.805940262318527,1.1988203362142111,0.5219632269853691,0.9285714285714286,0.9761904761904762,False,0.9285714285714286,0.9761904761904762,False,1.0,1.0,True
6,5,0.80567060922568,0.20002925904676847,4.027763803460772,0.605063994686622,0.22116687128265625,1.0,1.0,True,0.8666666666666667,0.9428571428571428,False,1.0,1.0,True
6,5,0.657215639748798,0.00547126519549169,120.12132772694346,2.0796201239040517,0.3666291143289857,0.8666666666666667,0.9428571428571428,False,0.7333333333333333,0.8285714285714285,False,0.8666666666666667,0.9428571428571428,False
5,3,0.5992664795456341,0.06846501088747364,8.75288664631649,0.942151304201751,0.22867941627827498,1.0,1.0,True,0.8,0.9,False,1.0,1.0,True
5,5,0.5208405093573693,0.018547716016570227,28.081112998709802,1.4484143171194024,0.036734561215431644,0.8,0.9,False,0.6,0.7,False,0.8,0.9,False
5,4,0.40491250139442947,0.007825096958213871,51.74536539354369,1.7138714580102072,0.3895227387347748,0.4,0.5,False,0.4,0.5,False,0.8,0.9,False
10,4,0.11229487184369444,0.01777086918788626,6.3190421723391355,0.8006512537898559,0.1403873846442666,0.8222222222222222,0.9151515151515152,False,0.6888888888888889,0.8666666666666667,False,0.9111111111111111,0.9757575757575757,False
8,3,0.5056539280734275,0.06735233613055117,7.50759301185626,0.8755007213952544,0.3389386183719034,0.6428571428571429,0.7857142857142857,False,0.7142857142857143,0.8095238095238095,False,0.9285714285714286,0.9761904761904762,False
6,3,0.05030734757659427,0.0015412416898597904,32.64079078248268,1.5137606717824499,0.5065445571476983,0.4666666666666667,0.6571428571428571,False,0.2,0.4285714285714286,False,0.7333333333333333,0.8857142857142857,False
10,4,0.2643961989145228,0.02578227827842223,10.254958698725513,1.0109339156110915,0.3342447080812658,0.6,0.7090909090909091,False,0.5111111111111111,0.6606060606060606,False,0.9111111111111111,0.9757575757575757,False
8,5,0.26758231027232166,0.004924442242780528,54.3375872892555,1.7351003508609417,0.3309870915997333,0.5714285714285714,0.7619047619047619,False,0.5714285714285714,0.7857142857142857,False,0.7142857142857143,0.8809523809523809,False
6,4,0.4261604180683836,0.023941163203068886,17.800322166299594,1.2504278626336134,0.5964526862350303,0.06666666666666667,0.1428571428571429,False,-0.2,-0.3142857142857143,False,1.0,1.0,True
10,3,0.304249186512582,0.06147385500896903,4.949245276113607,0.694538977234699,0.24450547166467831,0.6,0.7333333333333334,False,0.6444444444444445,0.806060606060606,False,0.9111111111111111,0.9636363636363636,False
4,3,0.34742825014178885,0.10958712271948516,3.1703382798720376,0.5011056045658785,0.17059839322233405,1.0,1.0,True,1.0,1.0,True,1.0,1.0,True
8,3,0.06775615419099926,0.038137547118950565,1.7766259056433802,0.249595990428546,0.11960162430468202,0.9285714285714286,0.9761904761904762,False,0.8571428571428571,0.9523809523809523,False,0.9285714285714286,0.9761904761904762,False
4,5,0.4366393742444338,0.1543486967525804,2.8289151993394146,0.45161992907207016,0.01077101537885321,1.0,1.0,True,0.6666666666666666,0.8,False,0.6666666666666666,0.8,False
4,5,0.8110686231673117,0.052961197155155626,15.31439368290492,1.1850998071901784,0.2939587721393673,0.6666666666666666,0.8,False,0.6666666666666666,0.8,False,1.0,1.0,True
10,3,0.6857734441978894,0.02356975848234605,29.09548032418084,1.463825531160617,0.28014890066909204,0.5555555555555556,0.6484848484848484,False,0.5555555555555556,0.6484848484848484,False,0.9555555555555556,0.9878787878787879,False
5,4,0.8481688032960195,0.2946467941880541,2.87859505015286,0.45918057427243203,0.0490521649629561,1.0,1.0,True,1.0,1.0,True,1.0,1.0,True
6,4,0.7118449554413032,0.20386478554747567,3.491750443933527,0.5430431970336749,0.14640487339584868,0.8666666666666667,0.9428571428571428,False,0.8666666666666667,0.9428571428571428,False,1.0,1.0,True
8,4,0.693433976186598,0.11083885237985724,6.256235618570511,0.7963130964964971,0.24653280492299154,0.42857142857142855,0.5952380952380952,False,0.5,0.5714285714285714,False,0.8571428571428571,0.9285714285714286,False
5,3,0.08044409430338392,0.028935428652172673,2.7801245064521796,0.4440642460095587,0.09734115120786359,1.0,1.0,True,1.0,1.0,True,1.0,1.0,True
8,3,0.2937735662096445,0.008466473039792657,34.69845882626711,1.5403101855081063,0.22513758610393686,0.7857142857142857,0.8809523809523809,False,0.8571428571428571,0.9285714285714286,False,0.9285714285714286,0.9761904761904762,False
4,4,0.7947739002850847,0.18896997295814946,4.205821103953349,0.6238507958780644,0.3279963783847648,1.0,1.0,True,1.0,1.0,True,0.6666666666666666,0.8,False
10,5,0.4416751886784789,0.1320446285471884,3.3448932647592993,0.5243822640274182,0.18239730888588562,0.8222222222222222,0.9393939393939394,False,0.6888888888888889,0.8666666666666667,False,0.8222222222222222,0.9393939393939394,False
6,5,0.6469658369038321,0.046469951600011265,13.92224038575829,1.1437091281539078,0.11893190403272917,0.6,0.7714285714285715,False,0.6,0.6571428571428571,False,0.6,0.7142857142857143,False
6,4,0.327190289315953,0.009736647028381928,33.60400026093199,1.5263909794088977,0.3698471826089191,0.7333333333333333,0.8857142857142857,False,0.7333333333333333,0.8857142857142857,False,0.8666666666666667,0.9428571428571428,False
8,3,0.0855945619829647,0.017142062755503375,4.993247498787259,0.6983830931317457,0.28818471966494075,0.6428571428571429,0.7857142857142857,False,0.5,0.7380952380952381,False,1.0,1.0,True
8,3,0.3907294699969162,0.2789907046560679,1.4005107104811836,0.14628643446275746,0.04852971793123994,0.9285714285714286,0.9761904761904762,False,0.8571428571428571,0.9285714285714286,False,0.9285714285714286,0.9761904761904762,False
10,4,0.2125306248255456,0.034237777545242945,6.207488921805542,0.7929159531636916,0.4000153159888638,0.5555555555555556,0.7575757575757576,False,0.4222222222222222,0.5757575757575757,False,0.9555555555555556,0.9878787878787879,False
6,4,0.38871051069102563,0.22371344973719945,1.7375375112489388,0.2399341892348547,0.06867329033967827,0.8666666666666667,0.9428571428571428,False,1.0,1.0,True,0.8666666666666667,0.9428571428571428,False
10,4,0.43928951257643273,0.3735735088746051,1.1759118410152316,0.07037476358044266,0.032066578945742906,1.0,1.0,True,1.0,1.0,True,1.0,1.0,True
4,5,0.3838982363296158,0.11522427527085069,3.331747892741159,0.5226721317102403,0.1491360067750827,1.0,1.0,True,0.6666666666666666,0.8,False,0.6666666666666666,0.8,False
6,3,0.7406696506227162,0.001477983864209379,501.13513960302197,2.6999548565453657,0.15790168525073717,0.4666666666666667,0.5428571428571429,False,0.4666666666666667,0.5428571428571429,False,0.7333333333333333,0.8285714285714285,False
4,5,0.36594395335427304,0.002552423702650184,143.37116240965085,2.1564618063819125,0.21475225354332264,0.6666666666666666,0.8,False,0.6666666666666666,0.8,False,1.0,1.0,True
6,4,0.41178745224689,0.09376569982642675,4.391664041379457,0.6426291095486585,0.10525077218180764,0.8666666666666667,0.9428571428571428,False,0.6,0.7714285714285715,False,0.7333333333333333,0.8857142857142857,False
10,5,0.6865752791151851,0.167763158248192,4.092527145294679,0.6119915687223642,0.24242257116525634,0.6888888888888889,0.8424242424242424,False,0.5555555555555556,0.7696969696969697,False,0.9555555555555556,0.9878787878787879,False
4,4,0.7753093952468811,0.10857923597017045,7.1404941130064525,0.8537282654354563,0.24551115739579704,0.6666666666666666,0.8,False,0.6666666666666666,0.8,False,1.0,1.0,True
6,5,0.2441040232933902,0.07645023302036011,3.1929794540349903,0.5041961239801158,0.1355727529928205,0.7333333333333333,0.8857142857142857,False,0.7333333333333333,0.8857142857142857,False,0.8666666666666667,0.9428571428571428,False
5,4,0.34397109056419606,0.0913174228466778,3.7667630101427374,0.5759682969686049,0.14836075904056462,0.8,0.9,False,0.8,0.9,False,0.8,0.9,False
4,5,0.2621899420484271,0.04526154219338045,5.792775264316554,0.7628866799990659,0.048637377964759296,1.0,1.0,True,1.0,1.0,True,1.0,1.0,True
10,5,0.46725511744850984,0.013878664379357229,33.667153023011785,1.5272063929347997,0.4210716716739901,0.7333333333333333,0.806060606060606,False,0.6,0.7333333333333334,False,0.9555555555555556,0.9878787878787879,False
10,5,0.33770998783879985,0.039489183992900564,8.551961668566308,0.9320657456189345,0.3155950085374546,0.8222222222222222,0.9272727272727272,False,0.7777777777777778,0.8909090909090909,False,0.8222222222222222,0.9272727272727272,False
6,5,0.6225028777794223,0.05470341565439819,11.37959797064323,1.056126919157877,0.38517798240492085,0.4666666666666667,0.6,False,0.3333333333333333,0.37142857142857144,False,1.0,1.0,True
10,5,0.7748530549447883,0.2312493247953347,3.350725696722422,0.5251388762757844,0.19767135532062952,0.7777777777777778,0.9030303030303031,False,0.6,0.7696969696969697,False,0.8222222222222222,0.9272727272727272,False
5,4,0.29832661631587704,0.008464028185986941,35.24641101438446,1.5471149012989827,0.5247242901911817,0.4,0.6,False,0.4,0.6,False,0.8,0.9,False
5,3,0.1546265865171908,0.04976478733466845,3.107148544094423,0.4923620161575931,0.06971137998152897,1.0,1.0,True,1.0,1.0,True,1.0,1.0,True
6,4,0.27919893278436464,0.02871787625735177,9.722130225530435,0.9877614340446838,0.17870527996661958,0.6,0.7714285714285715,False,0.6,0.7714285714285715,False,0.4666666666666667,0.7142857142857143,False
10,4,0.32090261842903506,0.007975770366446025,40.23468626163487,1.6046006191742952,0.4303109515682655,0.5555555555555556,0.696969696969697,False,0.5555555555555556,0.696969696969697,False,1.0,1.0,True
4,4,0.9694498855917035,0.184547591697516,5.253115885551267,0.7204169815950964,0.2963138624056426,0.6666666666666666,0.8,False,0.6666666666666666,0.8,False,0.6666666666666666,0.8,False
4,3,0.8681749791662913,0.6590433337190723,1.3173260918454983,0.11969329383748814,0.037023950634332364,1.0,1.0,True,1.0,1.0,True,1.0,1.0,True
10,5,0.20687631488029926,0.005873709462020953,35.22072655835773,1.546798310661097,0.21056115140711967,0.6888888888888889,0.8666666666666667,False,0.6888888888888889,0.8666666666666667,False,0.8666666666666667,0.9636363636363636,False
10,4,0.187818214746489,0.07064776879893862,2.6585158729974236,0.42463925766679056,0.09339635445972137,0.8222222222222222,0.9151515151515152,False,0.7333333333333333,0.8787878787878788,False,0.8222222222222222,0.9151515151515152,False
6,4,0.3193243774689579,0.07173785908106439,4.451267176842667,0.6484836625696662,0.10344832816933053,0.8666666666666667,0.9428571428571428,False,0.6,0.7714285714285715,False,0.7333333333333333,0.8285714285714285,False
6,4,0.894099351671065,0.3488828573754838,2.562749452336179,0.4087061493810195,0.10292827406222577,0.7333333333333333,0.8285714285714285,False,0.7333333333333333,0.8285714285714285,False,1.0,1.0,True
5,5,0.2773882340583149,0.1006192170025898,2.7568116938180753,0.44040710229413443,0.19423950895399858,0.8,0.9,False,0.6,0.7,False,0.8,0.9,False
4,3,0.4781017176157517,0.3417348745531753,1.3990428054481696,0.14583100247291264,0.04578277302497749,1.0,1.0,True,1.0,1.0,True,1.0,1.0,True
4,3,0.24670280196901512,0.022749484736550772,10.844324819445355,1.03520251750122,0.30975370243568134,0.6666666666666666,0.8,False,0.6666666666666666,0.8,False,0.6666666666666666,0.8,False
6,5,0.6462586666845462,0.04918624778205477,13.139011325584177,1.1185626869895564,0.17899726450819445,1.0,1.0,True,0.7333333333333333,0.8285714285714285,False,1.0,1.0,True
8,3,0.19825456732857527,0.016232773101732736,12.21322851455367,1.0868304830043476,0.4329826449928451,0.21428571428571427,0.2857142857142857,False,0.35714285714285715,0.4285714285714286,False,0.9285714285714286,0.9761904761904762,False
10,3,0.7793147008487064,0.43490550155506874,1.7919173201082992,0.2533179672406657,0.081775817523076,0.9555555555555556,0.9878787878787879,False,1.0,1.0,True,0.9555555555555556,0.9878787878787879,False
5,4,0.3840648571732891,0.016001094286856636,24.00241197658332,1.3802548856902466,0.33684330897171755,0.0,0.09999999999999998,False,-0.2,0.0,False,0.8,0.9,False
4,3,0.8957833137888018,0.36265059883221734,2.4701001919502463,0.392714569425103,0.2061512168147003,1.0,1.0,True,1.0,1.0,True,1.0,1.0,True
4,5,0.5115193568316239,0.0761702628355352,6.715473175264831,0.8270766186676678,0.1939823889059635,0.3333333333333333,0.4,False,0.6666666666666666,0.8,False,0.3333333333333333,0.4,False
6,5,0.9645324744839293,0.3416720834856913,2.8229771207559002,0.4507073583560133,0.11341451492399471,1.0,1.0,True,1.0,1.0,True,1.0,1.0,True
8,4,0.10527840486993448,0.023974203907839508,4.391320156875673,0.6425951012573738,0.1496691793741969,0.8571428571428571,0.9285714285714286,False,0.8571428571428571,0.9285714285714286,False,1.0,1.0,True
8,3,0.11725646550189818,0.060767055221045176,1.929605854248466,0.28546860807197044,0.122400286062738,1.0,1.0,True,0.9285714285714286,0.9761904761904762,False,0.8571428571428571,0.9285714285714286,False
6,3,0.6521549173000827,0.32983854381745487,1.977194386533045,0.29604936878186905,0.024133441103507555,1.0,1.0,True,1.0,1.0,True,1.0,1.0,True
10,4,0.2499364827318992,0.055112382308574244,4.535033185972069,0.6565804694406153,0.2594462308038054,0.8666666666666667,0.9636363636363636,False,0.8222222222222222,0.9515151515151515,False,0.8222222222222222,0.9393939393939394,False
8,4,0.5450889888702272,0.3066388965237301,1.7776250666433844,0.24984016571253628,0.11825899593308815,0.7142857142857143,0.8809523809523809,False,0.8571428571428571,0.9523809523809523,False,0.8571428571428571,0.9523809523809523,False
5,5,0.5508932621094419,0.12589331827177022,4.375873713296156,0.641064779867873,0.15577504506589926,0.8,0.9,False,0.6,0.7,False,0.6,0.7,False
5,5,0.3952831300922637,0.017421918878239552,22.68884000850757,1.3558122926772633,0.15829215518092443,0.8,0.9,False,1.0,1.0,True,1.0,1.0,True
5,5,0.3138968174047444,0.07527893289405749,4.169783036674176,0.6201134582287853,0.2537013954462043,0.6,0.7,False,0.6,0.7,False,1.0,1.0,True
8,5,0.6389321593822447,0.0007597177781640711,841.012513996015,2.9248024580083545,0.41745106640329444,0.5,0.6428571428571428,False,0.5,0.6428571428571428,False,0.7142857142857143,0.8571428571428572,False
10,4,0.6217159394683149,0.016160065352830166,38.472365417814316,1.585148889096596,0.46083791265653296,0.6,0.7454545454545455,False,0.5111111111111111,0.696969696969697,False,1.0,1.0,True
6,3,0.28930387054439266,0.029554091286908283,9.788961796391217,0.9907366335796735,0.2691650731181514,0.7333333333333333,0.8857142857142857,False,0.7333333333333333,0.8857142857142857,False,0.7333333333333333,0.8857142857142857,False
4,4,0.5539041355881543,0.12973462229161767,4.269516693383654,0.6303787159439407,0.12612117970723052,1.0,1.0,True,1.0,1.0,True,1.0,1.0,True
6,4,0.26739236266806937,0.04978369845308993,5.371082723286543,0.7300618412584281,0.35824085733058264,0.7333333333333333,0.8285714285714285,False,0.6,0.7142857142857143,False,1.0,1.0,True
4,4,0.2700214296697883,0.04323480023382975,6.245464954230559,0.7955647757029616,0.26311124557504434,0.6666666666666666,0.8,False,0.3333333333333333,0.4,False,1.0,1.0,True
5,4,0.3193904794838223,0.06981019289628401,4.575126729040284,0.6604031283392157,0.17027317618184445,1.0,1.0,True,1.0,1.0,True,1.0,1.0,True
5,5,0.9152082832203796,0.2329858090565483,3.9281717926190085,0.5941904727388929,0.08511917005410011,0.6,0.7,False,0.4,0.5,False,0.8,0.9,False
6,3,0.40718272202390504,0.13182199005274578,3.0888831359463667,0.489801477620418,0.1308935621636932,0.8666666666666667,0.9428571428571428,False,0.8666666666666667,0.9428571428571428,False,0.6,0.7714285714285715,False
6,5,0.23250553074224195,0.032793241168705516,7.090044242318786,0.850648945216207,0.1259495288272402,0.7333333333333333,0.8857142857142857,False,0.7333333333333333,0.8857142857142857,False,0.8666666666666667,0.9428571428571428,False
8,5,0.2931874659688787,0.03511006807876796,8.350523995076696,0.9217137283015969,0.2474499245619406,0.7142857142857143,0.8333333333333334,False,0.7142857142857143,0.8333333333333334,False,0.9285714285714286,0.9761904761904762,False
4,3,0.3026037385519407,0.07943917240844887,3.8092508944107224,0.5808395781924959,0.2180612090109078,1.0,1.0,True,1.0,1.0,True,1.0,1.0,True
5,3,0.2730691782652905,0.14826361237781385,1.841781499074757,0.2652381061133864,0.14370479948289774,0.6,0.7,False,0.6,0.7,False,1.0,1.0,True
8,3,0.9375319270658145,0.5630674266483614,1.6650437988302298,0.22142566207062683,0.060388784138435216,1.0,1.0,True,1.0,1.0,True,0.9285714285714286,0.9761904761904762,False
4,4,0.4387357522008856,0.1625571025839359,2.698963903909684,0.43119707631729093,0.19729106085499432,0.6666666666666666,0.8,False,1.0,1.0,True,1.0,1.0,True
10,3,0.4578952350119301,0.10675797086913776,4.289096460712257,0.6323658135237492,0.26998183074346027,0.6888888888888889,0.8303030303030303,False,0.6,0.7333333333333334,False,0.9555555555555556,0.9878787878787879,False
10,5,0.25543918423904816,0.008220697031200711,31.07269167547294,1.4923788756937257,0.1446765057611485,0.8222222222222222,0.9151515151515152,False,0.9111111111111111,0.9757575757575757,False,0.9555555555555556,0.9878787878787879,False
4,5,0.24475137566563163,0.0391419375928853,6.252919265393402,0.7960828213209215,0.37792800956546374,0.6666666666666666,0.8,False,0.6666666666666666,0.8,False,1.0,1.0,True
4,5,0.9172156162341963,0.11125161069796634,8.244515386982332,0.9161651328798857,0.28092202629273283,0.6666666666666666,0.8,False,0.6666666666666666,0.8,False,1.0,1.0,True
5,5,0.9693955091543277,0.2580990952458488,3.7559043290221044,0.5747145213185275,0.1499494789277529,0.4,0.6,False,0.4,0.6,False,0.6,0.7,False
8,3,0.3771898155375215,0.019142966961123015,19.70383255029606,1.294550708068185,0.6261338270404572,0.21428571428571427,0.2857142857142857,False,0.14285714285714285,0.2142857142857143,False,1.0,1.0,True
10,5,0.2040115156018923,0.04642781676072786,4.394165606556507,0.6428764205085582,0.10889159994396323,0.8666666666666667,0.9636363636363636,False,0.8666666666666667,0.9515151515151515,False,0.9555555555555556,0.9878787878787879,False
10,3,0.2896392460536098,0.15434248413702187,1.876600909148241,0.2733719223904373,0.04380171566077373,1.0,1.0,True,0.9555555555555556,0.9878787878787879,False,0.9555555555555556,0.9878787878787879,False
4,4,0.8224978943393365,0.1487046564916779,5.5310836508999,0.7428102266936303,0.3333746369950834,0.0,-0.19999999999999996,False,0.3333333333333333,0.4,False,1.0,1.0,True
4,4,0.6106625595312776,0.22464886707948914,2.7182979708172046,0.43429706092805503,0.15427199588815288,1.0,1.0,True,1.0,1.0,True,1.0,1.0,True
8,4,0.4898901964258897,0.051597917757137304,9.494379186428139,0.9774665725777113,0.12966257244942475,1.0,1.0,True,0.9285714285714286,0.9761904761904762,False,1.0,1.0,True
5,3,0.6132269682724708,0.32535049789715836,1.8848195169027342,0.275269770156709,0.009962762890812316,1.0,1.0,True,0.8,0.9,False,0.8,0.9,False
10,4,0.7159577865710185,0.20656650209801317,3.4659917232264488,0.5398275212857536,0.21906699696740195,0.9555555555555556,0.9878787878787879,False,1.0,1.0,True,0.9555555555555556,0.9878787878787879,False
8,3,0.13904206628342392,0.097258751261991,1.4296098240810164,0.155217523919465,0.04140705634005775,1.0,1.0,True,1.0,1.0,True,0.9285714285714286,0.9761904761904762,False
4,5,0.5824449963201445,0.09468721935741915,6.151252516091087,0.7889635556847711,0.3154926733955963,0.0,0.19999999999999996,False,0.0,0.19999999999999996,False,1.0,1.0,True
8,3,0.7559983520675165,0.40286478279841,1.8765560663165115,0.273361544463534,0.15585829743987495,0.8571428571428571,0.9523809523809523,False,0.8571428571428571,0.9523809523809523,False,1.0,1.0,True
8,5,0.9475362438798421,0.12389456589807278,7.647924160384289,0.8835435726663283,0.2855078466715279,0.6428571428571429,0.7857142857142857,False,0.5714285714285714,0.6666666666666667,False,0.7857142857142857,0.9047619047619048,False
5,5,0.204959031743422,0.08391978601359217,2.442320714542614,0.38780269294654307,0.20080260557110532,0.6,0.8,False,0.6,0.8,False,1.0,1.0,True
10,3,0.35630962087253887,0.06692305593474891,5.324168418349312,0.726251784969971,0.30009994774135745,0.6888888888888889,0.8666666666666667,False,0.5111111111111111,0.7090909090909091,False,0.9111111111111111,0.9636363636363636,False
4,4,0.092753570660038,0.014558903438666344,6.370917359567549,0.8042019716623945,0.16709874507022837,0.0,0.19999999999999996,False,0.0,0.19999999999999996,False,0.3333333333333333,0.4,False
10,3,0.21406722837914996,0.1545970916112535,1.3846782377772933,0.1413488666911398,0.07197179945468293,1.0,1.0,True,0.7777777777777778,0.8909090909090909,False,0.8222222222222222,0.9151515151515152,False
6,4,0.41319946119529793,0.17573532144907228,2.3512601666290007,0.3713006864112067,0.16071065106075727,0.8666666666666667,0.9428571428571428,False,0.7333333333333333,0.8285714285714285,False,1.0,1.0,True
6,5,0.10163693974014838,0.012817985803807018,7.929244211054779,0.8992317937979286,0.1363467540018818,1.0,1.0,True,0.7333333333333333,0.8857142857142857,False,0.8666666666666667,0.9428571428571428,False
4,4,0.6064341653375761,0.33325665420463035,1.8197210998925357,0.2600048308096282,0.03200469702096265,0.6666666666666666,0.8,False,1.0,1.0,True,1.0,1.0,True
6,4,0.2016407464473577,0.06128486515583364,3.2902209367898645,0.5172250615995372,0.22042256544806985,0.7333333333333333,0.8285714285714285,False,0.7333333333333333,0.8285714285714285,False,0.4666666666666667,0.7142857142857143,False
4,4,0.392198300643078,0.054826566436715574,7.153435389550166,0.8545146589217766,0.34654788176198065,0.3333333333333333,0.4,False,0.3333333333333333,0.4,False,1.0,1.0,True
5,4,0.16705709400308344,0.015431295919312454,10.825862900029257,1.0344625228346858,0.24690291646864682,1.0,1.0,True,0.8,0.9,False,0.8,0.9,False
5,4,0.20422840116623536,0.058471118689205646,3.4928081716426123,0.5431747344252859,0.0842240547610672,0.8,0.9,False,0.8,0.9,False,0.8,0.9,False
6,5,0.6838122701472017,0.0726733510136589,9.409395061599268,0.9735617031451692,0.3619675079000219,0.4666666666666667,0.5428571428571429,False,0.4666666666666667,0.5428571428571429,False,1.0,1.0,True
8,4,0.23664697948586416,0.12200550000138814,1.9396418971376865,0.28772155650101705,0.14992539239498243,0.7142857142857143,0.7619047619047619,False,0.6428571428571429,0.7380952380952381,False,0.8571428571428571,0.9523809523809523,False
6,4,0.1896253209496146,0.06629158470665762,2.8604734942730996,0.4564379278596786,0.09273068977675888,1.0,1.0,True,0.8666666666666667,0.9428571428571428,False,1.0,1.0,True
4,3,0.8207568711249438,0.6414893730840452,1.279455132947514,0.10702506095008019,0.02364986208405137,1.0,1.0,True,1.0,1.0,True,1.0,1.0,True
5,4,0.4229207471044288,0.04145893853177496,10.200954536501047,1.008640812010857,0.48741141927206966,0.4,0.5,False,0.4,0.5,False,1.0,1.0,True
10,3,0.6177031437132255,0.4360026477006868,1.41674172615543,0.15129068501882156,0.08335330929746089,0.9111111111111111,0.9757575757575757,False,0.8666666666666667,0.9515151515151515,False,0.9111111111111111,0.9757575757575757,False
10,3,0.3924330504976452,0.2441174876841998,1.6075581238313612,0.20616668449073794,0.11255080867679429,0.8222222222222222,0.9393939393939394,False,0.7333333333333333,0.8909090909090909,False,0.9555555555555556,0.9878787878787879,False
8,3,0.22066682141464286,0.09201786942557318,2.3980866193682817,0.37986486584968226,0.07350491754664545,1.0,1.0,True,1.0,1.0,True,0.9285714285714286,0.9761904761904762,False
8,5,0.5241102584755564,0.027300359372762567,19.19792524706692,1.283254296284924,0.16553423703548992,0.7857142857142857,0.9285714285714286,False,0.8571428571428571,0.9523809523809523,False,1.0,1.0,True
5,3,0.2945417998729901,0.05760401619431754,5.113216392313502,0.7086941725425098,0.2746563234609716,0.6,0.7,False,0.6,0.7,False,0.8,0.9,False
8,4,0.6671105871700383,0.13947382685235382,4.7830521483536454,0.6797051158957499,0.07280010788626562,1.0,1.0,True,1.0,1.0,True,1.0,1.0,True
5,4,0.08886273201686828,0.004864129320453271,18.268990428551863,1.2617145482598435,0.22518521171968878,1.0,1.0,True,1.0,1.0,True,0.8,0.9,False
4,3,0.24884889739561067,0.031080721959472656,8.006535295804511,0.90344462252184,0.3177811929520019,0.3333333333333333,0.4,False,0.3333333333333333,0.4,False,0.6666666666666666,0.8,False
4,4,0.8275612730146679,0.08040309224021601,10.292654796558255,1.0125274072979455,0.11144484068418109,1.0,1.0,True,1.0,1.0,True,1.0,1.0,True
5,3,0.3928163578570629,0.031926874205904954,12.30362719855948,1.0900331634796805,0.5264281685402995,0.2,0.30000000000000004,False,0.2,0.30000000000000004,False,1.0,1.0,True
5,4,0.41224187502539694,0.028280523639374763,14.576882672598705,1.1636646582178733,0.18440706400930973,0.6,0.7,False,0.6,0.7,False,1.0,1.0,True
5,5,0.6481119778446487,0.019451546111876123,33.31930398147761,1.5226959207011144,0.4178047747984857,0.6,0.8,False,0.6,0.8,False,1.0,1.0,True
4,4,0.5877548899040956,0.20910160246170936,2.8108578938744113,0.44883888990974574,0.2018430266532096,1.0,1.0,True,0.6666666666666666,0.8,False,1.0,1.0,True
6,5,0.8994122579618113,0.4319194297596835,2.0823611905122092,0.31855606112141793,0.10304855570881141,1.0,1.0,True,0.8666666666666667,0.9428571428571428,False,1.0,1.0,True
10,3,0.5440527496991957,0.2303599798753069,2.3617502918316275,0.373233977692204,0.03830409444072849,1.0,1.0,True,0.9555555555555556,0.9878787878787879,False,0.9555555555555556,0.9878787878787879,False
10,5,0.5235282247922677,0.043736295299485084,11.9701090637748,1.0780981074306202,0.24486553040889464,0.8666666666666667,0.9515151515151515,False,0.8222222222222222,0.9393939393939394,False,0.8666666666666667,0.9515151515151515,False
4,5,0.8595062848932026,0.6319793836978183,1.3600226638133763,0.13354614564012662,0.03703753924234006,1.0,1.0,True,1.0,1.0,True,1.0,1.0,True
5,3,0.1865397531838945,0.010899104714809678,17.115144596538244,1.2333805726070184,0.5367838294553661,0.4,0.5,False,0.4,0.5,False,0.8,0.9,False
10,4,0.4412129228590368,0.11283977298184521,3.910083396978417,0.5921860204294425,0.16338148742422193,1.0,1.0,True,0.9555555555555556,0.9878787878787879,False,0.7333333333333333,0.8787878787878788,False
6,4,0.5294407246885859,0.21422784587071234,2.471390787384544,0.39294142342142657,0.13466394841926807,0.8666666666666667,0.9428571428571428,False,0.7333333333333333,0.8857142857142857,False,1.0,1.0,True
8,5,0.29118989339776175,0.03421884650019795,8.50963498689436,0.9299109318146223,0.2866783887869532,0.5714285714285714,0.7619047619047619,False,0.5,0.7142857142857143,False,1.0,1.0,True
5,5,0.22770223260406028,0.010572790089323136,21.536626629187246,1.3331776789498575,0.2848241501889415,1.0,1.0,True,1.0,1.0,True,1.0,1.0,True
10,5,0.6076281693548347,0.33674981999612885,1.8043904800305917,0.2563305270927707,0.11052653526972486,0.6888888888888889,0.8909090909090909,False,0.5555555555555556,0.793939393939394,False,0.9555555555555556,0.9878787878787879,False
5,4,0.6091824064797895,0.0995848742299228,6.117218213954704,0.7865539729656913,0.3899523638003315,-0.2,-0.30000000000000004,False,0.0,-0.10000000000000009,False,0.6,0.7,False
8,5,0.8018373250212408,0.3933573442320042,2.0384450342085763,0.3092990053826097,0.1145137762890318,0.8571428571428571,0.9523809523809523,False,0.9285714285714286,0.9761904761904762,False,0.9285714285714286,0.9761904761904762,False
5,5,0.5186740317024645,0.04236874687485073,12.241901636182153,1.087848885616123,0.34209867843226394,0.4,0.5,False,0.4,0.5,False,1.0,1.0,True
4,5,0.7073270446369816,0.26663761834368493,2.652765386325246,0.42369884216857484,0.17670928415941278,0.6666666666666666,0.8,False,0.0,0.0,False,1.0,1.0,True
10,4,0.07680929293804972,0.022714461884984796,3.3815149715451702,0.5291113145900054,0.22771998004873134,0.6,0.8181818181818181,False,0.5555555555555556,0.806060606060606,False,0.7777777777777778,0.9030303030303031,False
10,3,0.43824649406645094,0.24387654600108294,1.797001397841299,0.2545484149356442,0.12120776770083184,0.8222222222222222,0.9151515151515152,False,0.9555555555555556,0.9878787878787879,False,0.9111111111111111,0.9757575757575757,False
8,4,0.18884118811905362,0.12972919821591358,1.455656789023716,0.16305899022179515,0.03450097450770745,0.8571428571428571,0.9285714285714286,False,0.8571428571428571,0.9523809523809523,False,0.8571428571428571,0.9523809523809523,False
10,5,0.857570219131786,0.37081966056726795,2.3126341732193763,0.36410693881578465,0.09428527017424682,0.9555555555555556,0.9878787878787879,False,0.9555555555555556,0.9878787878787879,False,0.9555555555555556,0.9878787878787879,False
6,3,0.04282660870516305,0.01967883258844696,2.1762779123457454,0.3377143543034444,0.14775245335373052,1.0,1.0,True,1.0,1.0,True,0.8666666666666667,0.9428571428571428,False
5,3,0.5788889635675054,0.12344902728571049,4.689295463001383,0.671107597615901,0.060819911724428743,0.8,0.9,False,0.8,0.9,False,1.0,1.0,True
4,3,0.4649764488655472,0.19183502812761757,2.4238349659156064,0.38450304625655396,0.20258258861016398,0.6666666666666666,0.8,False,1.0,1.0,True,1.0,1.0,True
6,5,0.9228466446262811,0.26810164849780166,3.442152071028411,0.5368300531355282,0.1434318516940749,0.8666666666666667,0.9428571428571428,False,0.8666666666666667,0.9428571428571428,False,1.0,1.0,True
4,3,0.5884174889158488,0.10333055041983735,5.694516157316337,0.7554568295328755,0.3889008363613925,1.0,1.0,True,1.0,1.0,True,1.0,1.0,True
8,4,0.4723031992827152,0.13855795023687903,3.4087051552931875,0.5325894374368673,0.11688675200458579,0.7142857142857143,0.8809523809523809,False,0.7142857142857143,0.8809523809523809,False,0.7857142857142857,0.9047619047619048,False
8,5,0.3635836225146239,0.09337633453837084,3.893744858461154,0.5903674905346288,0.053152530249747594,0.7857142857142857,0.9047619047619048,False,0.8571428571428571,0.9285714285714286,False,0.9285714285714286,0.9761904761904762,False
8,3,0.2614852494788929,0.17218060362434232,1.5186684444890999,0.18146296909259388,0.03761808215441035,1.0,1.0,True,1.0,1.0,True,1.0,1.0,True
8,5,0.46660972512985815,0.1700546847186725,2.743880451744351,0.4383651856503238,0.030186857789479583,0.9285714285714286,0.9761904761904762,False,0.8571428571428571,0.9523809523809523,False,0.8571428571428571,0.9523809523809523,False
4,4,0.5610765749800773,0.39080154897090286,1.4357071420421024,0.15706586082126603,0.05238324068800011,1.0,1.0,True,1.0,1.0,True,1.0,1.0,True
8,4,0.10991771727297948,0.02431215538691466,4.521101297650415,0.6552442377393944,0.25954205424989746,0.5,0.6904761904761905,False,0.42857142857142855,0.6190476190476191,False,0.8571428571428571,0.9523809523809523,False
5,4,0.4875989269943063,0.1753730172498516,2.780353184531519,0.44409996726717876,0.15163164195327244,0.8,0.9,False,0.8,0.9,False,0.8,0.9,False
4,4,0.8449629496689901,0.33789493402189863,2.500667706405235,0.39805598566794037,0.08161265767194978,1.0,1.0,True,1.0,1.0,True,1.0,1.0,True
6,5,0.30029097256520865,0.05448235794463434,5.511710283627159,0.7412863813362838,0.23723298345160435,0.7333333333333333,0.8285714285714285,False,0.7333333333333333,0.8285714285714285,False,1.0,1.0,True
8,3,0.798908273266753,0.21013868142111253,3.8018144392081696,0.5799909157922841,0.25816666255404297,0.8571428571428571,0.9523809523809523,False,0.8571428571428571,0.9523809523809523,False,1.0,1.0,True
6,5,0.2746072134994003,0.015364252969072283,17.873124976157456,1.2522004921391052,0.2842217806973202,0.4666666666666667,0.6,False,0.3333333333333333,0.48571428571428577,False,0.8666666666666667,0.9428571428571428,False
10,5,0.13489146850041628,0.053017066648029056,2.544302750534891,0.4055687874259477,0.15777468320939275,0.7333333333333333,0.8787878787878788,False,0.5111111111111111,0.6727272727272727,False,0.8222222222222222,0.9393939393939394,False
8,4,0.7884141065225135,0.21839503616983647,3.6100367496713046,0.5575116229854981,0.17451593199539292,0.9285714285714286,0.9761904761904762,False,0.7857142857142857,0.9047619047619048,False,0.7857142857142857,0.9285714285714286,False
8,3,0.2875598246389981,0.002510292602873478,114.55231322248339,2.0590038635788117,0.13114562681956468,0.8571428571428571,0.9523809523809523,False,0.9285714285714286,0.9761904761904762,False,1.0,1.0,True
4,3,0.45515366638432864,0.2373077252537586,1.9179892517013695,0.2828461690808051,0.09752068299294576,0.6666666666666666,0.8,False,0.6666666666666666,0.8,False,1.0,1.0,True
10,5,0.49219020081682435,0.013693356874433918,35.94372112654281,1.555623036074802,0.16002206411979192,0.8222222222222222,0.9393939393939394,False,0.8666666666666667,0.9515151515151515,False,0.8666666666666667,0.9515151515151515,False
5,3,0.44974158084929666,0.3281647029758587,1.3704751814244058,0.1368711751049767,0.033488132126749046,1.0,1.0,True,0.8,0.9,False,0.8,0.9,False
10,5,0.5688542290145858,0.059728664383313396,9.523973704725677,0.9788181876664517,0.40524496241371116,0.4222222222222222,0.5393939393939393,False,0.37777777777777777,0.4666666666666667,False,0.7333333333333333,0.8909090909090909,False
10,3,0.48598198414460253,0.29575812713650235,1.643173727289199,0.21568348237263882,0.1125398436215935,0.9555555555555556,0.9878787878787879,False,0.8666666666666667,0.9515151515151515,False,0.8666666666666667,0.9272727272727272,False
8,4,0.5027518768597012,0.11075464132229064,4.539330098069464,0.6569917655931244,0.18649659171008154,0.7857142857142857,0.9047619047619048,False,0.7142857142857143,0.8571428571428572,False,1.0,1.0,True
4,4,0.7815756035219974,0.3953175269854922,1.977083104510829,0.296024924787584,0.047089148269692876,1.0,1.0,True,1.0,1.0,True,1.0,1.0,True
8,4,0.6519279963286282,0.25955639400734487,2.5117007763163346,0.3999678998203219,0.12128417812747848,0.8571428571428571,0.9523809523809523,False,0.8571428571428571,0.9523809523809523,False,0.8571428571428571,0.9285714285714286,False
8,4,0.21018881761504704,0.08767772877241775,2.397288576649038,0.37972031592884264,0.18320949179752632,0.7142857142857143,0.8333333333333334,False,0.35714285714285715,0.5,False,0.6428571428571429,0.7857142857142857,False
6,3,0.08821808820937849,0.002523968224172231,34.95213898873812,1.5434737586963048,0.18602399189791757,1.0,1.0,True,1.0,1.0,True,1.0,1.0,True
4,3,0.79559352464372,0.07150860390807191,11.12584334124844,1.0463329405131019,0.1918794879582046,1.0,1.0,True,1.0,1.0,True,1.0,1.0,True
8,4,0.10104003467188867,0.01751436630332346,5.768980328277519,0.7610990580541573,0.18838823447933478,0.7142857142857143,0.8095238095238095,False,0.5714285714285714,0.6428571428571428,False,1.0,1.0,True
4,5,0.37065512797510464,0.12983874460750153,2.854734379115639,0.45556570520850065,0.15856518465926142,1.0,1.0,True,1.0,1.0,True,1.0,1.0,True
10,5,0.27829838599981355,0.012215868608708918,22.781710813312756,1.3575863347071988,0.17783929317989955,0.7333333333333333,0.8666666666666667,False,0.7333333333333333,0.8909090909090909,False,0.9555555555555556,0.9878787878787879,False
5,4,0.17652243093583994,0.018910266922469762,9.334740310659276,0.9701022405265064,0.2179524677520584,1.0,1.0,True,0.8,0.9,False,0.8,0.9,False
4,4,0.502753058421551,0.00824656975180435,60.96511319152833,1.7850813844755737,0.44941976357964664,0.0,0.0,False,0.0,0.0,False,1.0,1.0,True
8,4,0.7811275785439068,0.29185821453571353,2.6763940147576246,0.427550049992088,0.09168700641152379,1.0,1.0,True,0.7857142857142857,0.9047619047619048,False,0.9285714285714286,0.9761904761904762,False
10,3,0.4287290248771887,0.1353898486754101,3.166626073287643,0.50059678332913,0.1174236265265781,0.9555555555555556,0.9878787878787879,False,1.0,1.0,True,0.9555555555555556,0.9878787878787879,False
6,3,0.7988775001436293,0.051833230337545465,15.412458280639882,1.1878719140312066,0.02727478294274053,0.8666666666666667,0.9428571428571428,False,0.8666666666666667,0.9428571428571428,False,1.0,1.0,True
5,4,0.36697851122061,0.1547961514731103,2.3707211563459785,0.37488047536921815,0.15994670047278736,0.8,0.9,False,0.8,0.9,False,0.8,0.9,False
6,5,0.6597722518474018,0.13911286567234246,4.742711960205352,0.6760267493847439,0.1331124683098272,0.7333333333333333,0.8285714285714285,False,0.7333333333333333,0.8285714285714285,False,0.8666666666666667,0.9428571428571428,False
6,4,0.8549170813277496,0.21592688094691873,3.959289726108508,0.5976172829712801,0.1816775925559287,0.8666666666666667,0.9428571428571428,False,1.0,1.0,True,0.8666666666666667,0.9428571428571428,False
5,3,0.1870638870028622,0.07140514159952499,2.6197537433563025,0.41826046959154717,0.13268979611999368,1.0,1.0,True,1.0,1.0,True,0.8,0.9,False
4,4,0.5600243225365575,0.06937699417604971,8.072190632926219,0.9069914096523333,0.3278301224043957,0.6666666666666666,0.8,False,0.6666666666666666,0.8,False,0.6666666666666666,0.8,False
10,4,0.48652371780373843,0.1976487610247896,2.4615571343766525,0.39120992048924985,0.1492345071171779,0.8666666666666667,0.9636363636363636,False,0.8222222222222222,0.9393939393939394,False,0.9111111111111111,0.9757575757575757,False
5,3,0.4478642626714068,0.051577530110009394,8.683321239064309,0.9386858680239856,0.20775900262079328,0.6,0.7,False,0.6,0.7,False,0.8,0.9,False
6,3,0.3184492245147812,0.01563876495455954,20.362811604350725,1.3088377432104696,0.17370457654358565,0.8666666666666667,0.9428571428571428,False,0.8666666666666667,0.9428571428571428,False,1.0,1.0,True
8,3,0.5552281777650755,0.24534819442028594,2.2630212505729568,0.35468863215324403,0.17989618867632523,0.9285714285714286,0.9761904761904762,False,0.7857142857142857,0.9047619047619048,False,0.9285714285714286,0.9761904761904762,False
8,4,0.41231310592774606,0.011405231064332218,36.15122776258597,1.5581230513252013,0.33032416231131323,0.7857142857142857,0.9047619047619048,False,0.7857142857142857,0.9047619047619048,False,1.0,1.0,True
10,3,0.5086598943814038,0.19303550486590482,2.635058740785108,0.42079030095823877,0.18441643507286737,0.6888888888888889,0.806060606060606,False,0.6,0.696969696969697,False,0.9111111111111111,0.9636363636363636,False
6,5,0.7423564699939372,0.3121699574536483,2.378052250917791,0.376221392770465,0.04814271400847504,1.0,1.0,True,1.0,1.0,True,1.0,1.0,True
6,4,0.5561793579407914,0.18465208290792395,3.0120394483452215,0.47886065547237483,0.09705842132012274,0.8666666666666667,0.9428571428571428,False,0.7333333333333333,0.8857142857142857,False,0.7333333333333333,0.8857142857142857,False
8,4,0.750263771079145,0.09376750929648389,8.001319185080211,0.9031615954381743,0.19745278148652046,0.7142857142857143,0.8809523809523809,False,0.6428571428571429,0.8571428571428572,False,0.8571428571428571,0.9285714285714286,False
6,5,0.4551858940376652,0.009826198270660402,46.32370337472838,1.665803272025874,0.4228472979062729,0.4666666666666667,0.7142857142857143,False,0.3333333333333333,0.48571428571428577,False,0.4666666666666667,0.5428571428571429,False
10,4,0.4330734764500883,0.13602975434848932,3.183667268393579,0.5029276724288415,0.04467406761206087,0.9555555555555556,0.9878787878787879,False,0.9111111111111111,0.9757575757575757,False,0.8666666666666667,0.9515151515151515,False
6,5,0.6910903709555739,0.05818867558346271,11.876715941960809,1.074696369479005,0.23216542998698098,0.7333333333333333,0.8285714285714285,False,0.4666666666666667,0.5428571428571429,False,1.0,1.0,True
8,5,0.47522650271227007,0.10921946587340112,4.351115425328716,0.6386006043036174,0.2451322902606546,0.7857142857142857,0.9047619047619048,False,0.5714285714285714,0.7142857142857143,False,0.8571428571428571,0.9523809523809523,False
4,4,0.5897702188804202,0.07373754747672902,7.998234807830417,0.9029941497660161,0.2061155153346379,1.0,1.0,True,1.0,1.0,True,1.0,1.0,True
6,5,0.7424700157157778,0.21097709101811804,3.5191973314699725,0.5464436196529663,0.1914610665087248,0.7333333333333333,0.8857142857142857,False,0.6,0.7142857142857143,False,0.8666666666666667,0.9428571428571428,False
8,4,0.6969972501793179,0.05855949154073268,11.902378791704496,1.0756337675158465,0.3684352062255205,0.5714285714285714,0.7142857142857143,False,0.42857142857142855,0.5952380952380952,False,0.9285714285714286,0.9761904761904762,False
4,4,0.23854749145164608,0.1306597745447067,1.8257148558617684,0.2614329494327778,0.08811558612645662,1.0,1.0,True,0.6666666666666666,0.8,False,1.0,1.0,True
6,4,0.32175506056912323,0.17118660412979828,1.8795574700651245,0.2740556094063502,0.14225495480977143,0.8666666666666667,0.9428571428571428,False,0.7333333333333333,0.8857142857142857,False,1.0,1.0,True
8,5,0.14352476811464981,0.001827008357685893,78.55725860930514,1.8951863195901868,0.42727407820838015,0.2857142857142857,0.45238095238095233,False,0.2857142857142857,0.45238095238095233,False,0.9285714285714286,0.9761904761904762,False
10,5,0.8370829858109765,0.16079295313751787,5.205968106636221,0.7165015031596313,0.10028414223199436,0.8222222222222222,0.9393939393939394,False,0.7777777777777778,0.9030303030303031,False,0.8666666666666667,0.9515151515151515,False
4,3,0.10675603578440473,0.018056246301889813,5.912415791942258,0.771764968315806,0.1648520751565078,1.0,1.0,True,1.0,1.0,True,1.0,1.0,True
10,5,0.8069087395680599,0.17575230095820635,4.5911702729590465,0.6619233997656389,0.18466764264916768,0.8666666666666667,0.9636363636363636,False,0.8222222222222222,0.9515151515151515,False,0.9111111111111111,0.9757575757575757,False
6,5,0.22334613100765155,0.05781078428933464,3.863399082876527,0.5869695723796062,0.16202057458833713,0.7333333333333333,0.8857142857142857,False,0.4666666666666667,0.7142857142857143,False,0.8666666666666667,0.9428571428571428,False
10,3,0.526301287713469,0.08318499304725438,6.326877822880497,0.8011894479629996,0.1679719147624719,0.7777777777777778,0.9151515151515152,False,0.7333333333333333,0.8666666666666667,False,0.7777777777777778,0.8909090909090909,False
4,3,0.42169598758476445,0.04391038606142418,9.603559098416264,0.982432213284169,0.45490385490620466,0.6666666666666666,0.8,False,0.3333333333333333,0.4,False,0.6666666666666666,0.8,False
10,4,0.18001606856820482,0.08273761449067077,2.1757464204666803,0.33760827769460666,0.11230043011340957,0.8666666666666667,0.9636363636363636,False,0.7777777777777778,0.9030303030303031,False,0.7777777777777778,0.9030303030303031,False
6,5,0.3412449147017878,0.026631623330109835,12.813522873131104,1.1076685484817974,0.17576533011949358,0.7333333333333333,0.8857142857142857,False,0.7333333333333333,0.8857142857142857,False,0.8666666666666667,0.9428571428571428,False
10,4,0.24857262884340323,5.3682060360653554e-05,4630.459832259634,3.6656241211900484,0.3772316409914874,0.7333333333333333,0.8545454545454545,False,0.7777777777777778,0.8666666666666667,False,0.9555555555555556,0.9878787878787879,False
4,3,0.11868538567206073,0.026366397921600036,4.501387941593994,0.653346443205819,0.22949558816430676,1.0,1.0,True,1.0,1.0,True,1.0,1.0,True
4,5,0.6977236393566294,0.06268768118363248,11.130155497403726,1.0465012318273095,0.2543492440715194,1.0,1.0,True,1.0,1.0,True,1.0,1.0,True
4,5,0.9700126721460653,0.42397146812093495,2.2879196952637577,0.3594407768885232,0.13565417233645577,1.0,1.0,True,1.0,1.0,True,1.0,1.0,True
10,3,0.7343488875203763,0.19041144823392733,3.8566425198045104,0.5862093850751763,0.23529356663669254,0.8222222222222222,0.9393939393939394,False,0.8222222222222222,0.9393939393939394,False,0.9111111111111111,0.9636363636363636,False
4,4,0.5335886742593905,0.07906301863837503,6.748903386717544,0.8292332110846732,0.3257367689421379,1.0,1.0,True,1.0,1.0,True,1.0,1.0,True
6,5,0.9152914246581701,0.5301829611608796,1.7263689927951236,0.2371336270730166,0.11885339059110306,0.8666666666666667,0.9428571428571428,False,0.7333333333333333,0.8857142857142857,False,0.8666666666666667,0.9428571428571428,False
10,5,0.5144243919283915,0.08665183414361029,5.93668209111288,0.7735437931113253,0.2022261959890454,0.8666666666666667,0.9636363636363636,False,0.8666666666666667,0.9636363636363636,False,0.8222222222222222,0.9393939393939394,False
5,4,0.06586361440578478,0.022775886999753227,2.891813364002315,0.4611702604069039,0.20265626945846138,0.8,0.9,False,0.8,0.9,False,1.0,1.0,True
4,3,0.4202666356277061,0.05628093125016472,7.46730066978074,0.8731636384847762,0.3641683357782094,0.3333333333333333,0.4,False,0.3333333333333333,0.4,False,0.6666666666666666,0.8,False
4,3,0.12263926538833943,0.10174732873429893,1.2053315493657035,0.08110652430058456,0.004917655608298448,1.0,1.0,True,1.0,1.0,True,1.0,1.0,True
5,4,0.5675430506992536,0.1495797891346759,3.7942495706051926,0.5791258936512114,0.0845342387858857,1.0,1.0,True,0.8,0.9,False,0.8,0.9,False
6,3,0.6755165619159812,0.27117774062142347,2.4910472384846005,0.39638196327262626,0.21449894263560038,0.7333333333333333,0.8857142857142857,False,0.7333333333333333,0.8857142857142857,False,0.8666666666666667,0.9428571428571428,False
5,5,0.10003598665740009,0.006380484237899908,15.678431747783426,1.195302619742182,0.16836018529785135,0.8,0.9,False,0.6,0.8,False,0.8,0.9,False
8,3,0.026089693296775695,0.00974947482935899,2.676010118569128,0.4274877512596229,0.1363743453055199,0.9285714285714286,0.9761904761904762,False,0.7857142857142857,0.9047619047619048,False,0.9285714285714286,0.9761904761904762,False
8,3,0.24355774498595656,0.024618972183353505,9.893091521535931,0.9953320267782261,0.448560685313809,0.42857142857142855,0.5476190476190477,False,0.21428571428571427,0.33333333333333337,False,0.9285714285714286,0.9761904761904762,False
5,3,0.6435193885205576,0.26555621636350923,2.423288738371112,0.38440516403859787,0.1937977791980875,0.8,0.9,False,0.6,0.7,False,1.0,1.0,True
6,4,0.4675966776276597,0.05908680713775285,7.913723896598576,0.8983808940124661,0.41915554950029904,0.3333333333333333,0.37142857142857144,False,0.4666666666666667,0.6,False,0.8666666666666667,0.9428571428571428,False
5,4,0.41351731490557764,0.139384205931274,2.9667444179902516,0.4722801339010864,0.18275989499484463,0.6,0.7,False,0.4,0.5,False,1.0,1.0,True
5,5,0.282714965083094,0.10150837876053558,2.7851392026194275,0.4448469063028088,0.06665208190441538,1.0,1.0,True,0.8,0.9,False,0.8,0.9,False
6,5,0.3965125447261087,0.07060404118612833,5.61600353264759,0.7494273723070893,0.19123701211212163,0.4666666666666667,0.6,False,0.2,0.2571428571428571,False,1.0,1.0,True
10,4,0.27472346795492436,0.05717188422328296,4.805219762867976,0.6817132545682226,0.17098668181173082,0.8222222222222222,0.9272727272727272,False,0.8222222222222222,0.9272727272727272,False,0.8222222222222222,0.9272727272727272,False
8,4,0.28881876440258947,0.04590524452592443,6.291628927783861,0.7987631005742452,0.3371557579184197,0.8571428571428571,0.9285714285714286,False,0.9285714285714286,0.9761904761904762,False,0.9285714285714286,0.9761904761904762,False
5,5,0.8940859579562446,0.0031420392794495587,284.5559454076335,2.4541676640288754,0.1688005711938998,0.8,0.9,False,0.8,0.9,False,0.8,0.9,False
5,4,0.0753736757073248,0.011587568722666391,6.50470150424066,0.813227371914433,0.20230588757178375,0.8,0.9,False,0.6,0.8,False,0.8,0.9,False
5,4,0.33800498376202975,0.045493823421439844,7.429689534410702,0.8709706662088434,0.17825920130894293,1.0,1.0,True,1.0,1.0,True,1.0,1.0,True
10,5,0.25539611336353946,0.12080704762082495,2.1140828982348188,0.3251220130282027,0.09703087207280668,1.0,1.0,True,0.9111111111111111,0.9757575757575757,False,0.7777777777777778,0.9030303030303031,False
8,5,0.9926390893836163,0.03758501421497128,26.41050190056352,1.4217766545417985,0.18772023266230092,0.9285714285714286,0.9761904761904762,False,0.7857142857142857,0.9047619047619048,False,1.0,1.0,True
5,3,0.36862196584118084,0.059436467379362916,6.201949444306461,0.7925282217290694,0.2810806059229698,1.0,1.0,True,0.8,0.9,False,1.0,1.0,True
4,3,0.3449955410517737,0.09142737315230047,3.773438185446976,0.5767372399934657,0.132061444953668,1.0,1.0,True,1.0,1.0,True,1.0,1.0,True
6,4,0.7494875018504817,0.02496321665085027,30.023674925520062,1.477463849206214,0.34028529297292776,0.7333333333333333,0.8857142857142857,False,0.6,0.7142857142857143,False,1.0,1.0,True
10,3,0.47416684561796424,0.13853204298157187,3.422795444355189,0.5343809452838562,0.2739208223410563,0.5111111111111111,0.7212121212121212,False,0.24444444444444444,0.34545454545454546,False,0.8666666666666667,0.9636363636363636,False
10,3,0.2100801960645877,0.05855878541924043,3.5875094498113507,0.5547930537129252,0.17358940140297405,0.8222222222222222,0.9030303030303031,False,0.9555555555555556,0.9878787878787879,False,0.8222222222222222,0.9515151515151515,False
10,3,0.48349748100169126,0.09048124729201591,5.343620865834501,0.7278356370204323,0.3947894918094065,0.6444444444444445,0.806060606060606,False,0.6,0.793939393939394,False,1.0,1.0,True
8,3,0.30956981167358094,0.14486846896932384,2.1369026253531813,0.3297847326295362,0.07688993533880054,0.7142857142857143,0.8809523809523809,False,0.7142857142857143,0.8809523809523809,False,0.7857142857142857,0.9047619047619048,False
10,3,0.6671786575362225,0.21949326762868696,3.03963153285338,0.4828209411918997,0.223961513749536,0.6,0.8303030303030303,False,0.6444444444444445,0.793939393939394,False,0.9111111111111111,0.9757575757575757,False
5,3,0.3389947067118652,0.10475537350930553,3.2360603122522957,0.5100166072029888,0.03736439556116623,0.8,0.9,False,0.2,0.30000000000000004,False,0.2,0.30000000000000004,False
5,5,0.21493667396147478,0.021151993515949687,10.161532707980456,1.006959219406028,0.42605612715741553,0.8,0.9,False,0.8,0.9,False,1.0,1.0,True
10,3,0.38569306722038665,0.16060674797507069,2.4014748575685765,0.38047804411827124,0.07179816104852513,0.9111111111111111,0.9636363636363636,False,0.9555555555555556,0.9878787878787879,False,0.9111111111111111,0.9757575757575757,False
5,4,0.6100020262287138,0.03250614667459363,18.765743978098687,1.2733657869307151,0.3560234750517605,0.8,0.9,False,0.8,0.9,False,1.0,1.0,True
10,3,0.4780506060557228,0.0783594338047451,6.100740942575231,0.785382583819014,0.11149945127562022,0.7777777777777778,0.9151515151515152,False,0.7333333333333333,0.9030303030303031,False,0.8666666666666667,0.9515151515151515,False
6,3,0.7122518849169402,0.05495263273407867,12.961196751948862,1.1126451032916762,0.36811127006828226,0.8666666666666667,0.9428571428571428,False,0.8666666666666667,0.9428571428571428,False,1.0,1.0,True
10,4,0.8751817308127559,0.37134041996051453,2.356817851672218,0.3723260190663489,0.17291418583812568,0.9111111111111111,0.9757575757575757,False,0.8666666666666667,0.9515151515151515,False,0.8666666666666667,0.9515151515151515,False
5,3,0.9054302472089955,0.09702079062716726,9.332332187222242,0.9699901892419392,0.48149189035310247,0.8,0.9,False,0.4,0.4,False,1.0,1.0,True
8,3,0.3324392387650056,0.03884399468123355,8.558317482137246,0.9323883931765238,0.320107570072912,0.5,0.6428571428571428,False,0.5714285714285714,0.7142857142857143,False,1.0,1.0,True
6,3,0.6932023938096624,0.2011747754874784,3.44577192705436,0.5372865284516096,0.26055670105256046,0.4666666666666667,0.6,False,0.4666666666666667,0.6,False,0.8666666666666667,0.9428571428571428,False
5,4,0.2554630710672229,0.010220961759289177,24.994034520289134,1.3978363653090848,0.4286505441724362,0.4,0.6,False,0.2,0.5,False,0.8,0.9,False
10,5,0.4596945795392546,0.10070364071614912,4.5648258222403255,0.6594242110306591,0.15012219507370483,0.8222222222222222,0.9393939393939394,False,0.6,0.7212121212121212,False,0.6,0.7818181818181819,False
10,3,0.05304728913897173,0.01409605263820803,3.7632726336039086,0.5755656823062424,0.27829090465902995,0.6888888888888889,0.8545454545454545,False,0.6444444444444445,0.7575757575757576,False,0.9555555555555556,0.9878787878787879,False
6,5,0.7036659093933908,0.30112485301200426,2.3367912092031893,0.36861991019207346,0.1053654023094423,0.7333333333333333,0.8285714285714285,False,0.7333333333333333,0.8285714285714285,False,1.0,1.0,True
4,3,0.618063784458813,0.06029060664773603,10.251410938021646,1.0107836429943906,0.04755848792589247,1.0,1.0,True,1.0,1.0,True,1.0,1.0,True
4,5,0.6222488362217888,0.19024688909072435,3.270743817113256,0.514646529092526,0.16989558593103118,0.6666666666666666,0.8,False,0.6666666666666666,0.8,False,0.6666666666666666,0.8,False
4,5,0.5419309152473895,0.3035409871085766,1.785363223622105,0.25172658457558017,0.07093363903377684,1.0,1.0,True,1.0,1.0,True,1.0,1.0,True
6,5,0.20161036573724192,0.02246234352229267,8.975482256701264,0.9530577927152513,0.3058448696413436,0.6,0.7142857142857143,False,0.6,0.7142857142857143,False,0.7333333333333333,0.8857142857142857,False
4,5,0.569465264454337,0.058926713938456214,9.66395759043054,0.985155015411741,0.19543507102246632,1.0,1.0,True,0.6666666666666666,0.8,False,1.0,1.0,True
4,4,0.3042335431217511,0.05246056276772258,5.79928096583702,0.7633741501271929,0.29425155743172116,0.6666666666666666,0.8,False,0.3333333333333333,0.4,False,0.6666666666666666,0.8,False
5,3,0.6095852461661574,0.08675395395583141,7.02659900054222,0.8467451695866022,0.27168374039331145,0.2,0.30000000000000004,False,0.2,0.30000000000000004,False,0.8,0.9,False
8,3,0.13160454256580378,0.03139975931239692,4.1912595970012365,0.622344560870496,0.3106001982736871,0.9285714285714286,0.9761904761904762,False,0.8571428571428571,0.9523809523809523,False,1.0,1.0,True
10,5,0.5386394515236663,0.06313363647726074,8.53173492879885,0.9310373539564512,0.3360123473678003,0.8666666666666667,0.9515151515151515,False,0.7777777777777778,0.8666666666666667,False,0.9111111111111111,0.9636363636363636,False
4,3,0.330675400181816,0.019152095860726193,17.26575527656178,1.237185580963415,0.5935270507888758,0.3333333333333333,0.4,False,0.3333333333333333,0.4,False,1.0,1.0,True
5,4,0.6970513027488018,0.4050646100474855,1.7208398005082843,0.2357404420918848,0.07316851667273948,1.0,1.0,True,0.8,0.9,False,1.0,1.0,True
10,4,0.02064648205973895,0.008446131078345628,2.4444898931569217,0.3881882459953331,0.10936182079373022,1.0,1.0,True,0.8222222222222222,0.9393939393939394,False,1.0,1.0,True
6,4,0.686128508356073,0.04413046805192059,15.547727876651525,1.1916669308077708,0.247076223419106,0.8666666666666667,0.9428571428571428,False,0.8666666666666667,0.9428571428571428,False,1.0,1.0,True
5,5,0.22078279857781297,0.08275808532894918,2.667809407353631,0.42615479964808334,0.07187405890935127,0.4,0.6,False,0.8,0.9,False,0.8,0.9,False
4,4,0.7155949417176813,0.23979117143257392,2.9842422364407724,0.47483407271474304,0.16384286524236144,0.6666666666666666,0.8,False,1.0,1.0,True,1.0,1.0,True
8,3,0.4593612497915957,0.015363420545596897,29.89967295358242,1.4756664379822466,0.34478805586535843,0.7142857142857143,0.8809523809523809,False,0.7142857142857143,0.8095238095238095,False,0.9285714285714286,0.9761904761904762,False
4,3,0.597077845294903,0.042791146592274204,13.953303260837375,1.1446770332820646,0.396072654220841,0.6666666666666666,0.8,False,0.6666666666666666,0.8,False,1.0,1.0,True
10,5,0.977040654052461,0.017193666067797854,56.82561532502613,1.7545441470950565,0.3108207917861008,0.4666666666666667,0.6,False,0.4666666666666667,0.5515151515151515,False,0.8666666666666667,0.9636363636363636,False
6,3,0.04842969180136921,0.01036303119380143,4.6733133280216075,0.6696248998064651,0.1951471296475385,0.6,0.7142857142857143,False,0.6,0.7142857142857143,False,1.0,1.0,True
5,3,0.1263130328236065,0.04453277626921716,2.836405977861361,0.45276839199987196,0.17287124768922654,0.8,0.9,False,1.0,1.0,True,1.0,1.0,True
6,4,0.5163274092250123,0.168012968969874,3.073140200947943,0.48758237382914715,0.23373473984833362,0.3333333333333333,0.48571428571428577,False,0.06666666666666667,0.08571428571428574,False,0.8666666666666667,0.9428571428571428,False
8,4,0.11372561863022979,0.004792152333019503,23.73163678935899,1.3753276928769342,0.3604660375623607,0.6428571428571429,0.7380952380952381,False,0.5714285714285714,0.6190476190476191,False,0.9285714285714286,0.9761904761904762,False
8,4,0.4859431774916141,0.0005862040587560785,828.9659025797548,2.918536667310217,0.4816549660922669,0.5714285714285714,0.7142857142857143,False,0.6428571428571429,0.7857142857142857,False,1.0,1.0,True
4,3,0.4778755516631135,0.3922919119938099,1.2181631510910067,0.08570545814366251,0.043721823733687964,0.3333333333333333,0.4,False,0.6666666666666666,0.8,False,1.0,1.0,True
4,4,0.4478374990728665,0.044070064925824735,10.161943255960013,1.0069767654913944,0.34703762949991696,-1.0,-1.0,False,-1.0,-1.0,False,1.0,1.0,True
8,5,0.19174873053294378,0.0707826771143985,2.708978218220423,0.432805513063915,0.08637118472863325,0.8571428571428571,0.9523809523809523,False,0.9285714285714286,0.9761904761904762,False,1.0,1.0,True
8,4,0.4702523556579468,0.027801892084640765,16.914401156920707,1.2282566264900245,0.3743774569779621,0.7142857142857143,0.8095238095238095,False,0.7857142857142857,0.8809523809523809,False,0.9285714285714286,0.9761904761904762,False
4,5,0.9114013631883088,0.014496091533165136,62.87221359221353,1.7984587511718797,0.18646880019579817,0.6666666666666666,0.8,False,0.6666666666666666,0.8,False,1.0,1.0,True
10,5,0.26494453876126883,0.02666500850258745,9.93603803747611,0.9972132454164784,0.15541309085788896,0.4666666666666667,0.6121212121212121,False,0.37777777777777777,0.503030303030303,False,0.6,0.7575757575757576,False
8,4,0.1846988190823694,0.03447586119510035,5.357337356470769,0.7289489951577376,0.30029987024602134,0.5714285714285714,0.8095238095238095,False,0.6428571428571429,0.8333333333333334,False,0.9285714285714286,0.9761904761904762,False
4,4,0.45965697370995856,0.09805715188138282,4.687643531206229,0.6709545786251662,0.2711142995699306,1.0,1.0,True,1.0,1.0,True,1.0,1.0,True
6,3,0.3499126989463562,0.1174145398935284,2.980147937901704,0.4742378234788261,0.10335985843243498,1.0,1.0,True,1.0,1.0,True,1.0,1.0,True
5,4,0.0660137885734194,0.015215733371628687,4.338521644455891,0.637341768445497,0.18278666746088074,1.0,1.0,True,1.0,1.0,True,0.8,0.9,False
6,5,0.5627203753911115,0.004244519542822748,132.57575317566042,2.1224641030665126,0.3705407340173798,0.7333333333333333,0.8285714285714285,False,0.7333333333333333,0.8285714285714285,False,0.8666666666666667,0.9428571428571428,False
8,3,0.2625745411597048,0.025758271035680753,10.193795258454603,1.0083359065710793,0.398896336182601,0.8571428571428571,0.9285714285714286,False,0.8571428571428571,0.9285714285714286,False,0.9285714285714286,0.9761904761904762,False
8,4,0.3969771566667265,0.24172399268298353,1.6422745307939386,0.21544575768175178,0.021813099929029668,0.8571428571428571,0.9523809523809523,False,0.8571428571428571,0.9523809523809523,False,0.8571428571428571,0.9523809523809523,False
4,3,0.6298956555116956,0.043709214030731545,14.411049694337004,1.1586956157796329,0.43697425486353525,0.0,0.19999999999999996,False,0.0,0.19999999999999996,False,0.6666666666666666,0.8,False
6,3,0.20604562684065866,0.001026106884895199,200.80327855991317,2.3027707993537336,0.2525912757797461,0.6,0.7714285714285715,False,0.6,0.7714285714285715,False,1.0,1.0,True
4,4,0.20999838545530294,0.09106440884705908,2.3060423727746935,0.36286728305111887,0.15019954778497197,1.0,1.0,True,1.0,1.0,True,1.0,1.0,True
5,5,0.6725443236975767,0.1961792571532526,3.4282132242389207,0.5350678258621668,0.24161457988767546,1.0,1.0,True,1.0,1.0,True,0.8,0.9,False
5,5,0.7386057814859651,0.19747543873177728,3.7402412483581946,0.5728996154228589,0.22346378611986933,0.6,0.7,False,0.2,0.19999999999999996,False,1.0,1.0,True
4,3,0.8014513191391431,0.34197444769978874,2.3436000102568326,0.36988349123618147,0.15070058991859298,1.0,1.0,True,1.0,1.0,True,1.0,1.0,True
8,3,0.4795649500230408,0.1357762892252243,3.532022805719866,0.5480234990862553,0.07964261175641067,1.0,1.0,True,0.9285714285714286,0.9761904761904762,False,0.9285714285714286,0.9761904761904762,False
6,3,0.6127844689675214,0.019618546837177436,31.234957105745,1.4946409138757322,0.6150543373963934,0.6,0.6571428571428571,False,0.3333333333333333,0.48571428571428577,False,1.0,1.0,True
4,5,0.41495872370242237,0.01630977186959599,25.44233769759399,1.4055570127359023,0.4938651044271565,0.6666666666666666,0.8,False,0.3333333333333333,0.4,False,1.0,1.0,True
10,5,0.817838477497884,0.05644897453204724,14.488101586665532,1.1610114824725952,0.4116156636124227,0.8222222222222222,0.9272727272727272,False,0.7777777777777778,0.9030303030303031,False,0.8666666666666667,0.9636363636363636,False
8,4,0.08092355122353743,0.030269886577618327,2.6734012039773956,0.4270641393021715,0.16945927642177958,0.7142857142857143,0.8571428571428572,False,0.7142857142857143,0.8571428571428572,False,0.5,0.6428571428571428,False
6,3,0.44649728457929233,0.06677719816010406,6.686373445949175,0.825190629059684,0.1983670325017038,0.7333333333333333,0.8285714285714285,False,0.7333333333333333,0.8285714285714285,False,0.8666666666666667,0.9428571428571428,False
8,4,0.15891508477735303,0.042797760360884146,3.713163572897694,0.5697440812601281,0.10482317035179538,0.8571428571428571,0.9523809523809523,False,0.8571428571428571,0.9523809523809523,False,0.8571428571428571,0.9523809523809523,False
4,4,0.8756328114505842,0.024184701081125085,36.20606301798638,1.5587813029854374,0.33445444925176815,0.3333333333333333,0.4,False,0.3333333333333333,0.4,False,0.6666666666666666,0.8,False
5,4,0.447443235914219,0.06268739859271887,7.137690284679507,0.8535576993253217,0.2588102060159517,0.6,0.7,False,0.6,0.7,False,1.0,1.0,True
10,4,0.15782944574394886,0.04232760772259428,3.728758940845397,0.5715643077258453,0.1966183143865528,0.6444444444444445,0.806060606060606,False,0.6888888888888889,0.8303030303030303,False,0.9111111111111111,0.9757575757575757,False
8,4,0.1607060362904667,0.0638089080712758,2.5185517374539046,0.4011508767978391,0.17021857695470327,0.9285714285714286,0.9761904761904762,False,0.8571428571428571,0.9523809523809523,False,0.9285714285714286,0.9761904761904762,False
6,3,0.5229952143477951,0.06555742616126498,7.977665460100574,0.9018758204071917,0.268805748053467,0.8666666666666667,0.9428571428571428,False,1.0,1.0,True,0.8666666666666667,0.9428571428571428,False
10,3,0.503339905885637,0.17717200308761535,2.8409675180670826,0.45346626828651515,0.21475076098135326,0.8222222222222222,0.9393939393939394,False,0.8666666666666667,0.9515151515151515,False,1.0,1.0,True
5,3,0.3483942117431821,0.14370110515217477,2.424436550935496,0.3846108228342338,0.08671993451865463,1.0,1.0,True,1.0,1.0,True,1.0,1.0,True
6,4,0.07484655419906797,0.01385590446080323,5.401780475998412,0.7325369308325984,0.3284436785664824,0.7333333333333333,0.8285714285714285,False,0.7333333333333333,0.8285714285714285,False,1.0,1.0,True
8,3,0.3087772910175305,0.11347091869975197,2.7212020009447957,0.4347607816325559,0.24001180036210348,0.8571428571428571,0.9285714285714286,False,0.7857142857142857,0.9047619047619048,False,1.0,1.0,True
6,3,0.27818411217296357,0.25764037542032164,1.0797380329773492,0.03331839934541896,0.014240600489588848,1.0,1.0,True,1.0,1.0,True,1.0,1.0,True
4,4,0.15401898181286466,0.034742195694727675,4.433196541800745,0.6467169857832924,0.2388776182440396,0.6666666666666666,0.8,False,0.3333333333333333,0.4,False,1.0,1.0,True
8,3,0.8145250650498694,0.21105309479485274,3.859337224302456,0.5865127283653891,0.21980137323459925,0.42857142857142855,0.5714285714285714,False,0.42857142857142855,0.5714285714285714,False,0.7857142857142857,0.9047619047619048,False
10,5,0.5881182679757605,0.24016533270003615,2.4488058345534194,0.38895435134562245,0.1164425864093724,0.7777777777777778,0.8909090909090909,False,0.6888888888888889,0.793939393939394,False,0.9111111111111111,0.9636363636363636,False
6,5,0.6787697584911824,0.019348126979090656,35.081936312989924,1.5450835558125657,0.44198409994592386,0.3333333333333333,0.4285714285714286,False,0.3333333333333333,0.4285714285714286,False,0.8666666666666667,0.9428571428571428,False
4,3,0.269092631733523,0.050083233887221766,5.372908473404437,0.7302094424979771,0.16399284889455,0.6666666666666666,0.8,False,0.6666666666666666,0.8,False,1.0,1.0,True
8,4,0.15933954954718282,0.01179449638875907,13.509652661857968,1.1306441832946,0.2886277620127591,0.2857142857142857,0.45238095238095233,False,0.21428571428571427,0.33333333333333337,False,0.7142857142857143,0.8333333333333334,False
6,4,0.7306894184960625,0.15483898883503297,4.719027319855643,0.6738524916104228,0.218924501292644,0.7333333333333333,0.8285714285714285,False,0.7333333333333333,0.8285714285714285,False,1.0,1.0,True
10,3,0.4410571371504464,0.2837161802017385,1.5545716738300752,0.19161075007256326,0.04026032929796331,0.9555555555555556,0.9878787878787879,False,0.9555555555555556,0.9878787878787879,False,0.9555555555555556,0.9878787878787879,False
4,3,0.7387743632869471,0.0009463302713873579,780.6728632100097,2.8924690832163837,0.35627282935907556,0.6666666666666666,0.8,False,0.6666666666666666,0.8,False,1.0,1.0,True
10,5,0.632022126589104,0.11554268999015797,5.470031264093558,0.7379898085609466,0.12717664657495653,0.8666666666666667,0.9636363636363636,False,0.8666666666666667,0.9515151515151515,False,0.8666666666666667,0.9636363636363636,False
5,4,0.4102788254273272,0.1794638425385526,2.286136414007209,0.3591021412311818,0.1398546597920158,0.4,0.6,False,0.4,0.6,False,0.6,0.7,False
10,4,0.6459543512215462,0.20084448495209786,3.216191628923206,0.5073419172233481,0.24736398116094718,0.7777777777777778,0.9030303030303031,False,0.8666666666666667,0.9272727272727272,False,0.7333333333333333,0.8787878787878788,False
4,4,0.20111066214571394,0.01799660707686879,11.174920987913797,1.048244461143182,0.45772077577632586,0.0,-0.19999999999999996,False,0.0,-0.19999999999999996,False,1.0,1.0,True
8,5,0.16331085368681983,0.008487953184488722,19.240310369055912,1.284212073444058,0.19728309305553834,0.9285714285714286,0.9761904761904762,False,0.8571428571428571,0.9523809523809523,False,1.0,1.0,True
4,4,0.5194146676775916,0.11539271226323773,4.501277918558531,0.6533358280396164,0.1783035809229998,1.0,1.0,True,1.0,1.0,True,1.0,1.0,True
8,3,0.0750272774714222,0.012337355898813828,6.081309324354853,0.783997094260203,0.22936616577269137,0.9285714285714286,0.9761904761904762,False,0.7857142857142857,0.9047619047619048,False,1.0,1.0,True
4,5,0.33770438487069787,0.07387263394977858,4.571440962775345,0.6600531155057627,0.2424895389635473,0.0,0.19999999999999996,False,0.0,0.19999999999999996,False,0.3333333333333333,0.4,False
8,4,0.7929323769371064,0.04542094565214823,17.457416738793647,1.2419799793987933,0.30196335353257175,0.5714285714285714,0.6904761904761905,False,0.42857142857142855,0.5,False,0.7857142857142857,0.8571428571428572,False
4,3,0.4829739902512883,0.02996277537924187,16.119133962796123,1.2073417046351755,0.5381286813725081,0.3333333333333333,0.4,False,0.0,-0.19999999999999996,False,1.0,1.0,True
8,5,0.5102264343440369,0.21656925683755915,2.3559504326340446,0.372166148992836,0.14126710447093155,0.9285714285714286,0.9761904761904762,False,0.6428571428571429,0.8095238095238095,False,0.9285714285714286,0.9761904761904762,False
4,3,0.45402239150117757,0.0970833991221467,4.676622322682243,0.6699322983245823,0.28804357634720074,0.6666666666666666,0.8,False,0.6666666666666666,0.8,False,1.0,1.0,True
6,3,0.7063072386293474,0.09451268580496275,7.473147468049065,0.8735035522987308,0.3976558005504509,0.3333333333333333,0.6,False,0.4666666666666667,0.6571428571428571,False,1.0,1.0,True
5,4,0.6070727452820586,0.01904709722576358,31.872192284976876,1.5034119368506738,0.5758242384146677,0.0,-0.10000000000000009,False,-0.2,-0.30000000000000004,False,1.0,1.0,True
5,4,0.38248419050793514,0.09734228541878089,3.929270705516132,0.5943119503852232,0.2026092703074373,0.8,0.9,False,0.8,0.9,False,0.8,0.9,False
10,5,0.6092883867895534,0.0007504168041020452,811.9332918013471,2.909520349200948,0.4868927741677263,0.37777777777777777,0.4424242424242424,False,0.24444444444444444,0.23636363636363633,False,0.8666666666666667,0.9515151515151515,False
8,5,0.868460108099236,0.3436937975094423,2.5268425394637797,0.40257817964344444,0.1991673151076893,0.8571428571428571,0.9285714285714286,False,0.8571428571428571,0.9285714285714286,False,0.8571428571428571,0.9523809523809523,False
6,3,0.32229617756949414,0.008337305009065515,38.6571172795514,1.5872294648952647,0.2148552246835973,0.4666666666666667,0.6,False,0.4666666666666667,0.6,False,1.0,1.0,True
10,5,0.15873136592422335,0.05570166075649667,2.8496702569655485,0.4547946095294433,0.1811146670730922,0.8666666666666667,0.9515151515151515,False,0.7333333333333333,0.8787878787878788,False,1.0,1.0,True
6,3,0.7780909064197543,0.5108953868536745,1.522994582531011,0.18269835850277116,0.08017394229282478,0.8666666666666667,0.9428571428571428,False,0.8666666666666667,0.9428571428571428,False,0.7333333333333333,0.8285714285714285,False
8,4,0.5258177056893621,0.09470130273708686,5.552380912262671,0.7444792525511162,0.255885927957091,0.7857142857142857,0.9047619047619048,False,0.8571428571428571,0.9285714285714286,False,1.0,1.0,True
8,3,0.04984518732477798,0.00916496054263076,5.438669057819149,0.7354926328663299,0.11031427648121354,0.9285714285714286,0.9761904761904762,False,0.9285714285714286,0.9761904761904762,False,1.0,1.0,True
4,4,0.7357365900180207,0.48836029865541947,1.5065446393619317,0.1779820044735937,0.06191230602991321,1.0,1.0,True,1.0,1.0,True,1.0,1.0,True
8,3,0.4805288115937371,0.06049899771802037,7.942756569711946,0.8999712524586346,0.310974753206062,0.7142857142857143,0.8571428571428572,False,0.7857142857142857,0.9047619047619048,False,1.0,1.0,True
8,4,0.4101651696494259,0.06081563633447924,6.744403156234667,0.8289435229593423,0.2985200636395712,0.6428571428571429,0.7142857142857143,False,0.5714285714285714,0.6666666666666667,False,0.8571428571428571,0.9523809523809523,False
4,3,0.2582824150172014,0.06251278325408847,4.131673580478077,0.6161260031193853,0.2047433509079439,0.6666666666666666,0.8,False,0.6666666666666666,0.8,False,1.0,1.0,True
8,4,0.07168782427110891,0.04440781611734906,1.6143064563242036,0.20798598370499535,0.1076205547789861,0.8571428571428571,0.9523809523809523,False,0.8571428571428571,0.9523809523809523,False,1.0,1.0,True
10,5,0.3541233734484662,0.02565009836941426,13.805926524512858,1.140065557732315,0.5218460529762237,0.37777777777777777,0.5393939393939393,False,0.24444444444444444,0.406060606060606,False,0.6888888888888889,0.8424242424242424,False
6,3,0.45692906728082483,0.0230940013727768,19.7856170477095,1.2963495990163278,0.44601566188358466,0.6,0.7714285714285715,False,0.6,0.7714285714285715,False,1.0,1.0,True
5,5,0.24022381510044624,0.05815108653303384,4.131028832279023,0.616058226120615,0.13444248872113565,0.8,0.9,False,0.6,0.7,False,1.0,1.0,True
10,3,0.6907898208903902,0.13558275222176297,5.094968272626741,0.7071414839133905,0.1127677690654805,1.0,1.0,True,1.0,1.0,True,0.8666666666666667,0.9515151515151515,False
10,5,0.50148775115316,0.08479544231635604,5.9140885105155565,0.7718878199095528,0.31239274267863526,0.6444444444444445,0.793939393939394,False,0.6444444444444445,0.793939393939394,False,0.7333333333333333,0.8787878787878788,False
4,3,0.1471718420542172,0.006000384716838962,24.52706767562416,1.389645629396011,0.5660280750772894,0.0,0.19999999999999996,False,-0.6666666666666666,-0.8,False,0.6666666666666666,0.8,False
10,4,0.5432481424352102,0.08569986065472503,6.338961793853506,0.8020181342031794,0.37351273625296677,0.7777777777777778,0.9030303030303031,False,0.6444444444444445,0.7575757575757576,False,0.8666666666666667,0.9515151515151515,False
8,4,0.4622300614857949,0.02450181319814911,18.865136948389072,1.2756599622385145,0.2538882699806104,0.5714285714285714,0.6904761904761905,False,0.5714285714285714,0.6904761904761905,False,0.6428571428571429,0.8095238095238095,False
10,5,0.4428010245681314,0.16640838713224665,2.660929729542847,0.4250334057521618,0.20639977960955336,0.8222222222222222,0.9393939393939394,False,0.6444444444444445,0.8666666666666667,False,0.9111111111111111,0.9757575757575757,False
8,3,0.38142072908212554,0.025123319966392454,15.181939710881021,1.18132726246296,0.25322691260133595,0.7142857142857143,0.8809523809523809,False,0.7142857142857143,0.8809523809523809,False,0.6428571428571429,0.8571428571428572,False
8,3,0.2742687848172743,0.04463897228652203,6.144155448980642,0.7884621949434562,0.2302621601453414,0.7142857142857143,0.8809523809523809,False,0.6428571428571429,0.8095238095238095,False,0.8571428571428571,0.9285714285714286,False
4,4,0.3742235814586514,0.0318866732658983,11.736049675873044,1.0695219391031103,0.11967361611813065,1.0,1.0,True,0.6666666666666666,0.8,False,1.0,1.0,True
5,3,0.11125735757934353,0.015583438529438163,7.139461381519325,0.8536654487709224,0.22694942221767084,0.8,0.9,False,0.4,0.5,False,1.0,1.0,True
8,4,0.9474677697993221,0.3027560401562173,3.1294760273232347,0.49547162908276066,0.22888992003313416,0.8571428571428571,0.9523809523809523,False,0.7857142857142857,0.9047619047619048,False,0.9285714285714286,0.9761904761904762,False
6,4,0.7732308609028332,0.1633741585406764,4.732883509882523,0.6751258153410539,0.2147910682336127,0.7333333333333333,0.8285714285714285,False,0.7333333333333333,0.8285714285714285,False,1.0,1.0,True
10,4,0.2381983976706918,0.07602182148862842,3.1332897976298684,0.4960005645883976,0.137228697396125,0.8222222222222222,0.9393939393939394,False,0.8222222222222222,0.9393939393939394,False,0.8222222222222222,0.9272727272727272,False
6,4,0.10925995337885053,0.03591686688393371,3.0420235074758857,0.48316256577470956,0.10920906332534965,0.6,0.6571428571428571,False,0.4666666666666667,0.4285714285714286,False,0.7333333333333333,0.8285714285714285,False
6,5,0.41366991602618175,0.12876300372708246,3.212645744889242,0.5068628389900572,0.1828062750219147,0.7333333333333333,0.8857142857142857,False,0.7333333333333333,0.8857142857142857,False,0.4666666666666667,0.6571428571428571,False
6,4,0.23524521437669796,0.01862789970028022,12.628649399509627,1.101356906398202,0.2738487297505421,0.7333333333333333,0.8857142857142857,False,0.8666666666666667,0.9428571428571428,False,1.0,1.0,True
10,4,0.3922687042645201,0.2477518894954744,1.5833126643827362,0.19956668555586882,0.06638274811465003,0.8666666666666667,0.9636363636363636,False,0.9555555555555556,0.9878787878787879,False,0.8666666666666667,0.9515151515151515,False
6,3,0.47391053456443233,0.3811145763440379,1.2434857231369252,0.09464080335871207,0.033691031706192906,1.0,1.0,True,1.0,1.0,True,1.0,1.0,True
4,4,0.18853008399407273,0.026545202874310964,7.102228032674781,0.8513946121703971,0.0648134818732749,1.0,1.0,True,1.0,1.0,True,1.0,1.0,True
4,3,0.1447508825947533,0.0758919306311635,1.9073290320724414,0.2804256193633649,0.10761695553218092,1.0,1.0,True,0.6666666666666666,0.8,False,0.6666666666666666,0.8,False
10,4,0.29761938548047456,0.07373511711874858,4.0363316301122785,0.6059868412147713,0.12468783641385717,0.8222222222222222,0.9151515151515152,False,0.7333333333333333,0.8787878787878788,False,0.9111111111111111,0.9757575757575757,False
8,5,0.8434750969887557,0.05642424496160312,14.948806094752253,1.174606508569074,0.20079260286735054,0.35714285714285715,0.5476190476190477,False,0.42857142857142855,0.5714285714285714,False,0.8571428571428571,0.9285714285714286,False
5,3,0.25019356176957397,0.07390713726535614,3.3852422245485427,0.5295897492460216,0.2461132018581721,0.8,0.9,False,0.8,0.9,False,1.0,1.0,True
4,4,0.6175636670868517,0.015515719499141305,39.80245112585513,1.5999098177434157,0.3048598071621458,0.6666666666666666,0.8,False,0.6666666666666666,0.8,False,1.0,1.0,True
5,5,0.14403279134823482,0.025051051492160446,5.7495706871849,0.7596354177074819,0.1921648531560115,1.0,1.0,True,1.0,1.0,True,1.0,1.0,True
6,4,0.5182325015991222,0.06955321702422483,7.450877526070074,0.8722074247330982,0.32540677235422927,0.6,0.7714285714285715,False,0.6,0.6571428571428571,False,0.8666666666666667,0.9428571428571428,False
5,3,0.319713318853638,0.01067831448470956,29.940429201771487,1.4762580217460093,0.1794912685424742,1.0,1.0,True,1.0,1.0,True,1.0,1.0,True
6,4,0.32666208336113195,0.12814766173416992,2.5491068579636833,0.4063880413740376,0.2014820951941822,0.7333333333333333,0.8857142857142857,False,0.7333333333333333,0.8857142857142857,False,1.0,1.0,True
4,3,0.20736596966386223,0.07862552218708467,2.637387503358134,0.4211739440544655,0.12530466417606154,1.0,1.0,True,1.0,1.0,True,1.0,1.0,True
4,4,0.15648660248334872,0.05165498445276851,3.0294579339851526,0.48136492641004913,0.2207881909614287,0.6666666666666666,0.8,False,0.6666666666666666,0.8,False,1.0,1.0,True
5,5,0.6403041351545161,0.04700886847670795,13.620922091714553,1.1342065088828046,0.25854838913496225,0.6,0.7,False,0.8,0.9,False,1.0,1.0,True
4,4,0.9207244265208396,0.13449147723065472,6.845968573420743,0.8354349011674319,0.12496223046307794,1.0,1.0,True,1.0,1.0,True,1.0,1.0,True
10,3,0.6136594268082096,0.09749000800694944,6.294587920827446,0.798967304012014,0.17910527233338128,0.8222222222222222,0.9393939393939394,False,0.8222222222222222,0.9393939393939394,False,0.9111111111111111,0.9757575757575757,False
4,3,0.3969181155514331,0.2079367703409362,1.9088404369209517,0.2807696265282895,0.04345599470857861,1.0,1.0,True,0.6666666666666666,0.8,False,0.6666666666666666,0.8,False
6,5,0.4692032699830878,0.10899103388881638,4.304971273668484,0.6339702578270983,0.21261989653545826,0.7333333333333333,0.8285714285714285,False,0.6,0.7142857142857143,False,0.6,0.7714285714285715,False
4,4,0.3700848310940653,0.09206227103061519,4.019940274631875,0.6042196006987754,0.19790585579635184,0.6666666666666666,0.8,False,0.3333333333333333,0.6,False,0.6666666666666666,0.8,False
5,4,0.502004959320115,0.019221923124755062,26.116271303129334,1.4169111715283818,0.2154544523462383,0.8,0.9,False,0.8,0.9,False,1.0,1.0,True
4,4,0.21644552008701515,0.008322858878101622,26.00615043834295,1.4150760704920415,0.4834080462082725,0.6666666666666666,0.8,False,0.6666666666666666,0.8,False,1.0,1.0,True
8,4,0.3472394312491071,0.03807359719905244,9.120216023313628,0.9600051252387198,0.3339397703173266,0.42857142857142855,0.5714285714285714,False,0.5,0.6190476190476191,False,0.9285714285714286,0.9761904761904762,False
10,5,0.026384626975587362,0.00033321901598724673,79.18103598690222,1.89862117966488,0.3006769898167243,0.6444444444444445,0.8545454545454545,False,0.7333333333333333,0.8787878787878788,False,0.9111111111111111,0.9757575757575757,False
8,5,0.251250093540307,0.09767557859891388,2.5722918373429375,0.41032023958561986,0.12659501489932506,0.7857142857142857,0.8809523809523809,False,0.7142857142857143,0.8333333333333334,False,0.8571428571428571,0.9523809523809523,False
4,5,0.08298563124970802,0.006144543568040401,13.505581060216644,1.1305132738857149,0.2445531905865651,0.6666666666666666,0.8,False,0.6666666666666666,0.8,False,1.0,1.0,True
10,3,0.1286045821469338,0.03346561961221526,3.8428866291227743,0.5846575723195001,0.15672732425723523,0.8666666666666667,0.9515151515151515,False,0.7777777777777778,0.9030303030303031,False,0.9111111111111111,0.9757575757575757,False
6,5,0.28449594728358146,0.049016095723177514,5.804133174630879,0.7637373686767572,0.23236281168221978,0.6,0.7142857142857143,False,0.3333333333333333,0.4285714285714286,False,0.8666666666666667,0.9428571428571428,False
6,4,0.8797087133133348,0.2104808148676989,4.1795197052145125,0.621126377143523,0.3111200242948993,0.4666666666666667,0.7142857142857143,False,0.4666666666666667,0.7142857142857143,False,1.0,1.0,True
5,5,0.46432276897889957,0.09325597957179342,4.979013368429207,0.6971432923383721,0.07016760021920763,1.0,1.0,True,1.0,1.0,True,1.0,1.0,True
6,3,0.7757529846608289,0.3975804275309741,1.951185045693532,0.2902984587910844,0.15632930514919696,0.8666666666666667,0.9428571428571428,False,0.7333333333333333,0.8857142857142857,False,0.8666666666666667,0.9428571428571428,False
6,3,0.7306256590405541,0.156666037366958,4.663586769125653,0.6687200615109898,0.26696058692467073,0.8666666666666667,0.9428571428571428,False,0.8666666666666667,0.9428571428571428,False,1.0,1.0,True
10,4,0.5414681646021411,0.1658290352156998,3.2652192898220065,0.5139123535013101,0.13728550383456478,0.8222222222222222,0.9393939393939394,False,0.9555555555555556,0.9878787878787879,False,0.9555555555555556,0.9878787878787879,False
10,3,0.381659345294419,0.072957324846384,5.2312683626050465,0.7186069997844652,0.29837510962926517,0.28888888888888886,0.4545454545454546,False,0.4666666666666667,0.6242424242424243,False,0.9111111111111111,0.9757575757575757,False
6,3,0.9037706302105596,0.7230846359265437,1.2498822202897995,0.09686909021750016,0.04617251947147685,1.0,1.0,True,1.0,1.0,True,1.0,1.0,True
4,4,0.5512148262783572,0.00172355562907833,319.8126110111724,2.504895585065557,0.09393960574986532,1.0,1.0,True,1.0,1.0,True,0.6666666666666666,0.8,False
5,4,0.6819740557277875,0.19813166893291262,3.4420244850168897,0.5368139553784975,0.08939829108311849,1.0,1.0,True,1.0,1.0,True,1.0,1.0,True
10,3,0.5453809989388823,0.3436647150475163,1.586956632605966,0.20056505877925512,0.10564825136054513,0.9555555555555556,0.9878787878787879,False,0.8666666666666667,0.9515151515151515,False,0.9555555555555556,0.9878787878787879,False
10,4,0.13332361716772329,0.005187812118586408,25.699391977663282,1.4099228484725632,0.30348147810328124,0.6888888888888889,0.8424242424242424,False,0.7333333333333333,0.8666666666666667,False,0.9555555555555556,0.9878787878787879,False
6,4,0.876327411914854,0.09438005049329462,9.285091577354358,0.9677861914730566,0.4168566616267346,0.06666666666666667,0.37142857142857144,False,0.3333333333333333,0.5428571428571429,False,1.0,1.0,True
8,5,0.2899444709082529,0.003950853683589312,73.387802752405,1.8656238850181868,0.4073383297103699,0.42857142857142855,0.6190476190476191,False,0.42857142857142855,0.5714285714285714,False,0.7857142857142857,0.9047619047619048,False
4,4,0.18843967132510828,0.06155590967301795,3.061276688510161,0.485902584371127,0.12998440122049643,1.0,1.0,True,1.0,1.0,True,1.0,1.0,True
10,4,0.2859284289273638,0.0431995418678053,6.618783824044088,0.8207781968371193,0.12538755393292822,0.9111111111111111,0.9757575757575757,False,0.9111111111111111,0.9636363636363636,False,0.9555555555555556,0.9878787878787879,False
6,3,0.25490870369125807,0.03745782861669354,6.805218377523615,0.8328420661494585,0.31711975780718304,0.7333333333333333,0.8285714285714285,False,0.7333333333333333,0.8285714285714285,False,0.8666666666666667,0.9428571428571428,False
5,5,0.6328825631175585,0.011587993305925477,54.61537182104869,1.7373148946733203,0.1909181908083857,0.8,0.9,False,1.0,1.0,True,1.0,1.0,True
6,4,0.45311886191581024,0.2789340216816196,1.6244660984072568,0.2107106523210214,0.029756725161235537,0.8666666666666667,0.9428571428571428,False,0.6,0.7714285714285715,False,0.6,0.7714285714285715,False
10,3,0.12904382445269041,0.004772260221793313,27.04039981649578,1.432013108749413,0.5253523434232725,0.6,0.6727272727272727,False,0.6,0.6727272727272727,False,0.9111111111111111,0.9757575757575757,False
6,4,0.15242344872646021,0.00028978043338378655,525.996342888319,2.7209827246310314,0.30472601901426877,0.8666666666666667,0.9428571428571428,False,0.7333333333333333,0.8857142857142857,False,1.0,1.0,True
5,5,0.30969053004183844,0.10745079538985784,2.8821613550213665,0.45971829071593473,0.07718456268152421,0.8,0.9,False,1.0,1.0,True,1.0,1.0,True
6,3,0.3007498611561905,0.24559664150690852,1.22456829747204,0.08798301190914173,0.03339472293625087,1.0,1.0,True,0.8666666666666667,0.9428571428571428,False,1.0,1.0,True
10,5,0.5277917351535986,0.0008427701869777772,626.2581931380751,2.7967534206499605,0.2419867295382368,0.5111111111111111,0.6363636363636364,False,0.4666666666666667,0.6,False,0.8222222222222222,0.9151515151515152,False
4,4,0.7170922487680688,0.06589756598419898,10.881923149166576,1.0367056544856421,0.3413636639000541,0.3333333333333333,0.4,False,0.3333333333333333,0.4,False,0.3333333333333333,0.6,False
10,3,0.23966259080724264,0.09484872766868746,2.5267876195648324,0.4025687403262369,0.10838233212308554,0.9111111111111111,0.9757575757575757,False,0.9111111111111111,0.9757575757575757,False,0.9555555555555556,0.9878787878787879,False
6,5,0.3905078597553965,0.13185819289514794,2.9615744852726906,0.47152265986607833,0.14869022371909268,1.0,1.0,True,0.8666666666666667,0.9428571428571428,False,1.0,1.0,True
6,3,0.2827050640676284,0.06540232660870895,4.3225536264891975,0.635740389926035,0.14264296021612136,0.8666666666666667,0.9428571428571428,False,0.8666666666666667,0.9428571428571428,False,1.0,1.0,True
4,5,0.21450346880539767,0.02658386398948604,8.068934932941472,0.9068162133747858,0.22057913953913963,1.0,1.0,True,1.0,1.0,True,1.0,1.0,True
8,5,0.6235350399423611,0.004813245545906187,129.54565352335933,2.1124228462489962,0.23742414374361426,0.7857142857142857,0.9047619047619048,False,0.7142857142857143,0.8333333333333334,False,0.7857142857142857,0.9047619047619048,False
6,4,0.5453998402108537,0.14111880131632448,3.864827614177712,0.5871301275218701,0.10075731980645257,0.6,0.7142857142857143,False,0.6,0.7142857142857143,False,0.6,0.7714285714285715,False
4,5,0.5520378090481969,0.20121118405311453,2.743574178758024,0.4383167068283517,0.13571584165733416,0.6666666666666666,0.8,False,0.6666666666666666,0.8,False,1.0,1.0,True
5,3,0.4307920152598095,0.07627347953941649,5.6479921704835485,0.7518940860044152,0.2612591048461884,0.8,0.9,False,0.2,0.30000000000000004,False,1.0,1.0,True
6,3,0.378648686791748,0.0866175696247178,4.371499782641357,0.6406304611305277,0.23733506276806848,0.7333333333333333,0.8857142857142857,False,0.7333333333333333,0.8857142857142857,False,0.8666666666666667,0.9428571428571428,False
10,3,0.03192122835477957,0.003104340449943408,10.28277305895322,1.0121102510207023,0.4282309454022956,0.24444444444444444,0.3090909090909091,False,0.1111111111111111,-0.018181818181818077,False,0.9555555555555556,0.9878787878787879,False
5,4,0.0213925157593883,0.0014423926631134216,14.831270493556888,1.1711783556613735,0.5462011082108924,0.2,0.30000000000000004,False,0.2,0.30000000000000004,False,1.0,1.0,True
8,3,0.5663257032416067,0.22588143078546102,2.5071813175160362,0.39918574295272025,0.15104626484096134,0.8571428571428571,0.9523809523809523,False,0.8571428571428571,0.9523809523809523,False,0.8571428571428571,0.9523809523809523,False
8,3,0.29738448614448454,0.05322662839366078,5.587137399338176,0.747189351696777,0.1526715095201605,0.9285714285714286,0.9761904761904762,False,0.9285714285714286,0.9761904761904762,False,1.0,1.0,True
5,3,0.44635199170152184,0.3090163576727867,1.4444283631506447,0.15969600775179424,0.08483882999380225,0.8,0.9,False,0.8,0.9,False,1.0,1.0,True
4,4,0.5434653362521296,0.1290188534987723,4.21229395169822,0.6245186704778354,0.23619038903092487,0.6666666666666666,0.8,False,0.6666666666666666,0.8,False,1.0,1.0,True
8,5,0.6475020477196127,0.02215756056219203,29.222623396333542,1.4657192011742435,0.3083664010905417,0.8571428571428571,0.9523809523809523,False,0.8571428571428571,0.9523809523809523,False,1.0,1.0,True
8,5,0.4433741058581436,0.12031804316560701,3.685017593281448,0.5664395656406095,0.2866910407793027,0.8571428571428571,0.9285714285714286,False,0.8571428571428571,0.9285714285714286,False,1.0,1.0,True
10,4,0.803452733327169,0.0844375385275754,9.51535001290053,0.978424768017208,0.05845744467285695,1.0,1.0,True,0.9111111111111111,0.9757575757575757,False,0.9111111111111111,0.9757575757575757,False
6,4,0.14942554175914516,0.024422944141847123,6.11824442152312,0.7866268228935728,0.23338948525723785,0.4666666666666667,0.6,False,0.3333333333333333,0.48571428571428577,False,0.8666666666666667,0.9428571428571428,False
8,4,0.6562719560313814,0.39503454060321885,1.6613027180549607,0.2204487756194696,0.05035903397984439,0.8571428571428571,0.9285714285714286,False,0.7857142857142857,0.9047619047619048,False,0.8571428571428571,0.9285714285714286,False
4,5,0.6749290100295411,0.09409989070538814,7.172473899416785,0.8556689765262773,0.1456967024095967,0.6666666666666666,0.8,False,0.6666666666666666,0.8,False,1.0,1.0,True
8,3,0.0629126186304364,0.01859456744755079,3.3833870459481776,0.5293516821819055,0.295132223383437,0.5714285714285714,0.7857142857142857,False,0.5714285714285714,0.7619047619047619,False,1.0,1.0,True
5,5,0.35045859756636255,0.016831453367263174,20.821648012118526,1.3185151004984408,0.2013923839698266,0.8,0.9,False,0.8,0.9,False,0.8,0.9,False
8,4,0.4537605229920413,0.11655943377553939,3.892954077504899,0.5902792806758169,0.2543492999325038,1.0,1.0,True,1.0,1.0,True,1.0,1.0,True
5,4,0.4546766129231114,0.010327384200074776,44.02630947687537,1.6437122820753998,0.4505981692675609,0.2,0.19999999999999996,False,0.2,0.19999999999999996,False,0.6,0.8,False
4,4,0.41620762061243854,0.2822251390298537,1.474736170001275,0.16871433206932954,0.044593456519200034,1.0,1.0,True,1.0,1.0,True,1.0,1.0,True
4,4,0.6570068029642521,0.4008476331082907,1.6390437380607406,0.21459054292070168,0.037449563783461086,1.0,1.0,True,1.0,1.0,True,1.0,1.0,True
8,5,0.527443417461611,0.04807075296182835,10.972231241509094,1.0402949518538482,0.36234775759964566,0.7142857142857143,0.8571428571428572,False,0.5,0.6428571428571428,False,0.7857142857142857,0.9047619047619048,False
10,3,0.22450531689558387,0.08054359821653496,2.7873763013322552,0.4451956032882038,0.20859607783980227,0.6444444444444445,0.7818181818181819,False,0.5555555555555556,0.6848484848484848,False,0.8666666666666667,0.9636363636363636,False
8,3,0.09685851298092302,0.006734727102229658,14.381950670944667,1.1578177948210473,0.4939563126684052,0.5714285714285714,0.7142857142857143,False,0.42857142857142855,0.5238095238095238,False,1.0,1.0,True
4,3,0.4417521380223604,0.10348263973027948,4.268852622715159,0.6303111615393874,0.3349545909781937,0.0,0.19999999999999996,False,0.0,0.19999999999999996,False,1.0,1.0,True
5,4,0.5597377801992427,0.09652788710035762,5.798715759845636,0.7633318211200038,0.1790498944631204,0.8,0.9,False,0.6,0.7,False,0.8,0.9,False
5,3,0.2859069038603255,0.20547970356174666,1.3914118956912893,0.14345571198052223,0.04692994804643852,1.0,1.0,True,1.0,1.0,True,1.0,1.0,True
4,5,0.7860401917615104,0.069949885870457,11.23719048242584,1.0506577426833763,0.3106939548464603,0.0,0.0,False,0.0,0.0,False,0.6666666666666666,0.8,False
10,5,0.09459802597996861,0.035131252560203434,2.6927029093302592,0.4301884395771247,0.14594591758675762,0.7777777777777778,0.9151515151515152,False,0.8222222222222222,0.9393939393939394,False,0.8666666666666667,0.9636363636363636,False
8,5,0.6211996921440991,0.02959792428480737,20.987947875857405,1.3219699769454165,0.3007014361212546,0.35714285714285715,0.5476190476190477,False,0.42857142857142855,0.6428571428571428,False,0.7857142857142857,0.9047619047619048,False
4,4,0.32808059880604773,0.08399869911545933,3.9057819020647324,0.5917079887280036,0.2726325308934502,0.6666666666666666,0.8,False,0.6666666666666666,0.8,False,0.6666666666666666,0.8,False
4,4,0.5190916288900925,0.08113674451458712,6.3977379421523395,0.8060264469690888,0.2620296662647967,0.6666666666666666,0.8,False,0.6666666666666666,0.8,False,0.6666666666666666,0.8,False
10,5,0.7120889083780794,0.019476036801803914,36.56231067891399,1.5630336346381304,0.39925877971787144,0.5111111111111111,0.696969696969697,False,0.5111111111111111,0.696969696969697,False,0.8666666666666667,0.9393939393939394,False
5,4,0.5939805209166207,0.047973455469611674,12.381441259333311,1.092771201593901,0.3941935862594905,0.6,0.7,False,0.8,0.9,False,1.0,1.0,True
6,5,0.9301244228640786,0.46791909194572084,1.987788997868004,0.2983702825134966,0.06703134969198996,1.0,1.0,True,1.0,1.0,True,1.0,1.0,True
4,3,0.5691848914276663,0.2482523336363041,2.2927675365148574,0.36036002388532057,0.2014433179900956,1.0,1.0,True,1.0,1.0,True,1.0,1.0,True
5,3,0.14687494280062297,0.06102793859489349,2.4066836629232964,0.38141900989474253,0.030872270487221277,1.0,1.0,True,1.0,1.0,True,1.0,1.0,True
8,4,0.20940816223667286,0.06302200744555223,3.322778355073312,0.521501372762611,0.1637555304823657,0.9285714285714286,0.9761904761904762,False,0.8571428571428571,0.9285714285714286,False,0.9285714285714286,0.9761904761904762,False
8,5,0.5021595104413957,0.1178707929800229,4.260253941977322,0.6294354869695028,0.1661710121958195,0.8571428571428571,0.9523809523809523,False,0.8571428571428571,0.9523809523809523,False,1.0,1.0,True
4,3,0.6199505471463376,0.002680011631744094,231.32382694606562,2.364220368517476,0.5174595221210119,1.0,1.0,True,1.0,1.0,True,1.0,1.0,True
5,3,0.18134021876602396,0.045846910055288126,3.9553422148490522,0.5971840644685931,0.16371042817027606,1.0,1.0,True,1.0,1.0,True,1.0,1.0,True
4,3,0.20104756749322883,0.1399401516689959,1.4366682120463554,0.15735648259850094,0.05834925406794968,0.6666666666666666,0.8,False,1.0,1.0,True,1.0,1.0,True
10,3,0.28590647552212956,0.06268076631502813,4.561311105876194,0.6590896944635972,0.22237950128522857,0.4666666666666667,0.6363636363636364,False,0.5555555555555556,0.7090909090909091,False,0.7777777777777778,0.9030303030303031,False
4,3,0.7682456727807513,0.20817299630207345,3.6904194416372964,0.5670757295293118,0.259877277729845,0.6666666666666666,0.8,False,0.6666666666666666,0.8,False,1.0,1.0,True
8,4,0.3329438108366197,0.07071308300114601,4.7083763951646045,0.6728711737569849,0.1265070435370621,0.9285714285714286,0.9761904761904762,False,0.8571428571428571,0.9285714285714286,False,0.9285714285714286,0.9761904761904762,False
5,4,0.458279953060887,0.14464717087055837,3.1682607430173904,0.5008209161604518,0.2310232957457245,0.6,0.7,False,0.6,0.7,False,1.0,1.0,True
6,5,0.9369207198628284,0.23004378148952512,4.072793073528126,0.6098923454388595,0.1780642338521184,0.6,0.7714285714285715,False,0.6,0.6571428571428571,False,0.8666666666666667,0.9428571428571428,False
8,4,0.19915888531005083,0.07208664841503441,2.7627707722051813,0.44134485288747877,0.2252853987648484,0.9285714285714286,0.9761904761904762,False,0.9285714285714286,0.9761904761904762,False,0.8571428571428571,0.9285714285714286,False
5,4,0.5736682597779098,0.08841343697748717,6.488473691136961,0.8121425480368507,0.28274199774277836,0.8,0.9,False,0.8,0.9,False,0.8,0.9,False
6,5,0.7766377200527363,0.3054921381338505,2.54225108637628,0.40521844159272036,0.09804970908469038,1.0,1.0,True,0.7333333333333333,0.8857142857142857,False,1.0,1.0,True
6,4,0.8766407759345635,0.41578245371570355,2.108412147021166,0.3239555096151393,0.07654911532587191,0.7333333333333333,0.8857142857142857,False,0.7333333333333333,0.8857142857142857,False,0.8666666666666667,0.9428571428571428,False
4,3,0.33193155687132786,0.10859842156014196,3.0565044325662427,0.48522502994345457,0.06882040917749348,1.0,1.0,True,0.6666666666666666,0.8,False,0.6666666666666666,0.8,False
6,3,0.8825343167305499,0.44147472665314835,1.9990596594715784,0.300825755295042,0.14433420322970142,0.4666666666666667,0.5428571428571429,False,0.4666666666666667,0.5428571428571429,False,0.8666666666666667,0.9428571428571428,False
5,4,0.12243253658396618,0.051489712655854857,2.377805784233031,0.37617637918071156,0.1643072732752946,1.0,1.0,True,0.8,0.9,False,0.8,0.9,False
8,3,0.5353413654604745,0.03542232394059291,15.113106817700249,1.1793537519027686,0.04133702903365039,0.9285714285714286,0.9761904761904762,False,0.8571428571428571,0.9523809523809523,False,0.9285714285714286,0.9761904761904762,False
4,4,0.24166260943652254,0.030329470725764886,7.9679138358079635,0.9013446290256486,0.4303509421289645,0.6666666666666666,0.8,False,0.3333333333333333,0.4,False,0.3333333333333333,0.4,False
5,5,0.6314538388065851,0.01721515269870982,36.680118371371115,1.5644307285233472,0.4919748499114034,0.4,0.6,False,0.4,0.6,False,1.0,1.0,True
6,4,0.15344604170042025,0.04345400800864212,3.5312287342141544,0.5479258497606804,0.22344356065538187,1.0,1.0,True,1.0,1.0,True,1.0,1.0,True
4,3,0.3491717776728999,0.03943088758676945,8.855285767931964,0.9472025808206623,0.23376887068834612,0.3333333333333333,0.4,False,0.3333333333333333,0.4,False,0.3333333333333333,0.4,False
10,5,0.2661038566434883,0.041454883691791886,6.419119605195227,0.8074754678158195,0.19180615336360593,0.8222222222222222,0.9393939393939394,False,0.6,0.793939393939394,False,0.8666666666666667,0.9515151515151515,False
6,3,0.603719021293196,0.2777535804366528,2.1735778179418013,0.3371751933180836,0.18156461711422928,0.7333333333333333,0.8285714285714285,False,0.7333333333333333,0.8285714285714285,False,0.8666666666666667,0.9428571428571428,False
6,3,0.048125112688083185,0.01407502154311326,3.4191857211196273,0.5339226911641969,0.1607442130357365,0.7333333333333333,0.8285714285714285,False,0.3333333333333333,0.48571428571428577,False,1.0,1.0,True
6,5,0.9026624225456382,0.01384539118274325,65.1958771381997,1.8142201326530345,0.303041515725461,0.3333333333333333,0.48571428571428577,False,0.06666666666666667,0.19999999999999996,False,1.0,1.0,True
10,3,0.12236650048403512,0.031371219148002456,3.900597547798079,0.5911311433938216,0.2077996744950913,0.7777777777777778,0.9272727272727272,False,0.8666666666666667,0.9515151515151515,False,0.8666666666666667,0.9515151515151515,False
10,3,0.5178631644532776,0.09213167900324036,5.620902278677055,0.7498060349993543,0.3460643494415164,0.5555555555555556,0.696969696969697,False,0.6888888888888889,0.8545454545454545,False,0.9111111111111111,0.9757575757575757,False
6,3,0.2746570054784259,0.14555516957078507,1.886961530026388,0.2757630461810599,0.09608252298337108,1.0,1.0,True,1.0,1.0,True,1.0,1.0,True
6,3,0.3815936837531976,0.17112134401562484,2.2299595994064005,0.34829699492537824,0.14780875058964996,1.0,1.0,True,1.0,1.0,True,0.8666666666666667,0.9428571428571428,False
6,5,0.3025307775084003,0.008454174409558313,35.78478072685292,1.553698360395579,0.17205293194419152,0.7333333333333333,0.8857142857142857,False,0.4666666666666667,0.7142857142857143,False,0.8666666666666667,0.9428571428571428,False
4,4,0.40261146645006457,0.02912990165038588,13.821243589090868,1.1405471211555256,0.16590481731179596,1.0,1.0,True,1.0,1.0,True,1.0,1.0,True
6,4,0.8148585973763653,0.377701119231666,2.157416422360157,0.33393398028024446,0.06433161005564925,0.8666666666666667,0.9428571428571428,False,0.7333333333333333,0.8285714285714285,False,0.7333333333333333,0.8285714285714285,False
4,3,0.34874600863657984,0.14813535573771874,2.354238843910419,0.37185052109466304,0.14353216684103992,1.0,1.0,True,1.0,1.0,True,1.0,1.0,True
8,5,0.4305463700350705,0.007619703365922635,56.50434791255594,1.752081867319956,0.12257570539768584,0.7857142857142857,0.9047619047619048,False,0.8571428571428571,0.9523809523809523,False,0.9285714285714286,0.9761904761904762,False
6,5,0.43699138254577674,0.054738782588119275,7.983213397819335,0.9021777384726927,0.29235270500335536,-0.06666666666666667,0.08571428571428574,False,-0.06666666666666667,-0.1428571428571428,False,1.0,1.0,True
8,5,0.7567066755766194,0.02265962238356845,33.39449628657309,1.5236748970712541,0.22592382152074506,0.6428571428571429,0.8095238095238095,False,0.7142857142857143,0.8333333333333334,False,1.0,1.0,True
10,4,0.5418487933247785,0.12582306505363675,4.306434540356245,0.6341178501408014,0.2289017175544134,0.8222222222222222,0.9393939393939394,False,0.6888888888888889,0.8303030303030303,False,0.9555555555555556,0.9878787878787879,False
8,3,0.42773894063644613,0.05087529996295204,8.407595452793846,0.9246718066303042,0.3910697261930058,0.7857142857142857,0.8809523809523809,False,0.7857142857142857,0.8809523809523809,False,1.0,1.0,True
6,4,0.7612007843471141,0.18143360829548436,4.195478398374905,0.6227814893431349,0.1549664827919219,0.8666666666666667,0.9428571428571428,False,0.7333333333333333,0.8857142857142857,False,1.0,1.0,True
5,4,0.18307390153469602,0.09613402353558033,1.904361169955961,0.27974931760094884,0.05548445348643892,1.0,1.0,True,1.0,1.0,True,1.0,1.0,True
4,4,0.4330188323218287,0.03256981021388172,13.295098419823605,1.123691556637732,0.28160470308480307,0.6666666666666666,0.8,False,0.3333333333333333,0.4,False,0.6666666666666666,0.8,False
4,4,0.49648636431736004,0.0015560261627645638,319.0732751666516,2.5038904302238962,0.23221774989101207,0.6666666666666666,0.8,False,0.6666666666666666,0.8,False,1.0,1.0,True
10,4,0.14396926517424835,0.032874467716141983,4.379364144021634,0.6414110582691122,0.10567621499035389,0.7777777777777778,0.8909090909090909,False,0.7333333333333333,0.8424242424242424,False,0.6888888888888889,0.8303030303030303,False
8,5,0.5745731487017246,0.04022608656192658,14.283595492266114,1.154837542587376,0.3281490237138094,0.7857142857142857,0.9047619047619048,False,0.6428571428571429,0.8333333333333334,False,0.9285714285714286,0.9761904761904762,False
8,4,0.02261971248611332,0.005486262989570347,4.122972691063392,0.6152104582164073,0.2289784605310567,0.7857142857142857,0.9285714285714286,False,0.7857142857142857,0.9047619047619048,False,0.7857142857142857,0.8571428571428572,False
10,3,0.33305570743030893,0.1480891142694236,2.249022212545078,0.35199374478117146,0.0995960951900273,0.9555555555555556,0.9878787878787879,False,0.9555555555555556,0.9878787878787879,False,0.9555555555555556,0.9878787878787879,False
8,5,0.2847881462025816,0.16368952105326812,1.7398068267801061,0.24050103062701497,0.0707619627986961,1.0,1.0,True,0.9285714285714286,0.9761904761904762,False,0.9285714285714286,0.9761904761904762,False
6,4,0.6643803631571837,0.010573332729018163,62.8354729886612,1.798204888543859,0.4029338474279178,0.8666666666666667,0.9428571428571428,False,0.7333333333333333,0.8857142857142857,False,1.0,1.0,True
5,4,0.36959944799418926,0.06453203461973975,5.72737943513414,0.7579559557912365,0.3336283409425178,0.4,0.4,False,0.4,0.4,False,1.0,1.0,True
10,4,0.21363119625624877,0.09664971216014066,2.210365571498744,0.34446410742032535,0.05047063063909404,0.9555555555555556,0.9878787878787879,False,0.6444444444444445,0.806060606060606,False,0.7777777777777778,0.9151515151515152,False
10,4,0.418198217878354,0.030382617525582186,13.764390691896983,1.1387569912466917,0.3074809064119656,0.4222222222222222,0.5636363636363637,False,0.28888888888888886,0.4303030303030303,False,0.8222222222222222,0.9393939393939394,False
8,3,0.33090109046920857,0.07714769051997547,4.289189841389235,0.6323752687252433,0.02988129795839398,1.0,1.0,True,0.9285714285714286,0.9761904761904762,False,1.0,1.0,True
8,3,0.14509348467563807,0.015716885907580996,9.231694212173478,0.9652814106117956,0.453127256392363,0.2857142857142857,0.38095238095238093,False,0.14285714285714285,0.2142857142857143,False,1.0,1.0,True
8,4,0.29757612413959417,0.21383858044612974,1.3915923100376548,0.1435120201636225,0.06276603418197192,1.0,1.0,True,0.7857142857142857,0.9047619047619048,False,0.7857142857142857,0.9047619047619048,False
5,5,0.44648330064604835,0.10604619193684861,4.210271887063352,0.6243101422106404,0.215262392645045,0.8,0.9,False,0.8,0.9,False,1.0,1.0,True
8,3,0.26969558886109735,0.0059494768354551916,45.33097552520046,1.6563950652014814,0.3314968218473707,0.5,0.7380952380952381,False,0.5,0.7380952380952381,False,0.9285714285714286,0.9761904761904762,False
4,3,0.8539847198876558,0.16061836112883718,5.316856141978252,0.7256549097799994,0.19844730891156634,1.0,1.0,True,1.0,1.0,True,1.0,1.0,True
5,4,0.26673940105075056,0.2148843010481476,1.2413163723381673,0.0938824835534461,0.037632002718266055,1.0,1.0,True,1.0,1.0,True,1.0,1.0,True
6,4,0.35431595623504736,0.0061901768292760145,57.23842241502634,1.7576876553831537,0.14483768443283795,0.8666666666666667,0.9428571428571428,False,0.8666666666666667,0.9428571428571428,False,0.8666666666666667,0.9428571428571428,False
10,3,0.3465134869179283,0.13526703288868766,2.561699473370687,0.40852817899481025,0.1857111843650878,0.9111111111111111,0.9757575757575757,False,0.8666666666666667,0.9636363636363636,False,0.9111111111111111,0.9757575757575757,False
5,3,0.299582263496852,0.2350736558290147,1.2744187026788083,0.10531213631049699,0.008790930663214902,1.0,1.0,True,1.0,1.0,True,1.0,1.0,True
4,4,0.5594498689321645,0.1658603904262526,3.3730167129779107,0.5280184930825014,0.07086353073930114,1.0,1.0,True,1.0,1.0,True,0.6666666666666666,0.8,False
5,4,0.5216298331597495,0.12726824200607204,4.098664560250338,0.6126423765762171,0.25328778297635307,0.8,0.9,False,0.8,0.9,False,1.0,1.0,True
6,5,0.5456454963829397,0.06335220457110351,8.612888850015,0.9351488426490463,0.3788467347399219,0.6,0.7714285714285715,False,0.4666666666666667,0.6,False,1.0,1.0,True
8,3,0.15346376870806683,0.05123708578618476,2.995169735950335,0.4764214388448127,0.1357002496450913,1.0,1.0,True,0.8571428571428571,0.9285714285714286,False,0.8571428571428571,0.9285714285714286,False
5,3,0.11583024743015732,0.0046799113164416465,24.750521873879844,1.393584360625417,0.10020878964455492,1.0,1.0,True,1.0,1.0,True,1.0,1.0,True
6,5,0.030043581655225707,0.012511977710110141,2.4011856757503804,0.38042574391208767,0.14877606141630173,0.8666666666666667,0.9428571428571428,False,0.8666666666666667,0.9428571428571428,False,1.0,1.0,True
6,4,0.0378636247031962,0.0003204826590948022,118.14562663700974,2.072417650110859,0.12044354921452345,1.0,1.0,True,1.0,1.0,True,1.0,1.0,True
5,3,0.7278787241605351,0.03747549012264873,19.422793985053467,1.2883117036879423,0.16924392147573575,0.8,0.9,False,0.8,0.9,False,1.0,1.0,True
6,3,0.5247923229669783,0.32907642516196545,1.594742992321891,0.20269070243396045,0.04100504536527388,0.8666666666666667,0.9428571428571428,False,0.8666666666666667,0.9428571428571428,False,0.8666666666666667,0.9428571428571428,False
5,4,0.44687127836956686,0.08068150677937277,5.538707644442212,0.7434084419193147,0.20140386146265016,0.4,0.6,False,0.6,0.7,False,1.0,1.0,True
8,3,0.6418285980041741,0.016906202224371416,37.96409089682906,1.5793730045506187,0.6065251585040208,0.21428571428571427,0.2857142857142857,False,0.21428571428571427,0.2857142857142857,False,0.8571428571428571,0.9523809523809523,False
6,3,0.7073603474565194,0.43728890756252453,1.6176041404703638,0.20887224988214478,0.07136470571699666,0.8666666666666667,0.9428571428571428,False,0.7333333333333333,0.8857142857142857,False,0.7333333333333333,0.8857142857142857,False
5,3,0.27033153271412114,0.05075192394260255,5.326527778819257,0.7264441962885759,0.3613683885242317,0.4,0.6,False,0.6,0.7,False,1.0,1.0,True
5,3,0.9250873397053252,0.3948628368262949,2.3428068013145027,0.36973647614176447,0.11497136902071055,1.0,1.0,True,1.0,1.0,True,1.0,1.0,True
5,4,0.32617365040005936,0.16297532841760465,2.001368265767671,0.3013270092135319,0.07372271697254479,1.0,1.0,True,1.0,1.0,True,1.0,1.0,True
6,4,0.3779972211481138,0.005114455473445035,73.90761793446444,1.868689205057743,0.15956326268865365,0.8666666666666667,0.9428571428571428,False,0.8666666666666667,0.9428571428571428,False,0.8666666666666667,0.9428571428571428,False
10,5,0.24255806603868024,0.00422822278654632,57.36643460536267,1.758657858783709,0.3236045648191068,0.28888888888888886,0.6363636363636364,False,0.28888888888888886,0.5515151515151515,False,0.9111111111111111,0.9636363636363636,False
6,5,0.1697928773754015,0.022100720924341802,7.682685010546802,0.8855130275150868,0.2886691056660188,0.06666666666666667,0.08571428571428574,False,0.06666666666666667,0.08571428571428574,False,1.0,1.0,True
6,4,0.9331309724051924,0.14106233626634213,6.61502564821213,0.8205315324018878,0.11231912871455088,0.7333333333333333,0.8857142857142857,False,0.7333333333333333,0.8857142857142857,False,0.7333333333333333,0.8857142857142857,False
6,3,0.08983302959432286,0.04507659190183736,1.9928975506391,0.2994849733940501,0.11271392733120325,1.0,1.0,True,0.8666666666666667,0.9428571428571428,False,0.8666666666666667,0.9428571428571428,False
10,3,0.7060236666232061,0.372700119311397,1.8943478417065318,0.2774597274990743,0.01944334540312595,0.9555555555555556,0.9878787878787879,False,1.0,1.0,True,1.0,1.0,True
10,3,0.31789116503606574,0.10220783948078258,3.110242488715617,0.4927942499290003,0.14682774202259652,0.9111111111111111,0.9757575757575757,False,0.8666666666666667,0.9636363636363636,False,0.7777777777777778,0.9030303030303031,False
5,3,0.24569463205377182,0.09685463422680483,2.536735944672416,0.40427526275187226,0.061088574717876806,1.0,1.0,True,1.0,1.0,True,0.8,0.9,False
5,5,0.2804244008661076,0.10894877079593455,2.5739106445613773,0.4105934659376316,0.05517654853964616,1.0,1.0,True,1.0,1.0,True,1.0,1.0,True
5,4,0.8508209339718237,0.06224632577353052,13.6686129403634,1.1357244455912376,0.23186467451261322,1.0,1.0,True,0.8,0.9,False,1.0,1.0,True
8,3,0.9493412169090207,0.4525494274236225,2.0977624970415967,0.3217563170019541,0.1636879942242989,1.0,1.0,True,0.9285714285714286,0.9761904761904762,False,0.9285714285714286,0.9761904761904762,False
10,3,0.20342329171802578,0.043559411590505186,4.670019274495818,0.6693186730264764,0.23034903990126776,0.7333333333333333,0.8545454545454545,False,0.6888888888888889,0.8303030303030303,False,0.8222222222222222,0.9151515151515152,False
4,5,0.2865825306077414,0.02776049152115904,10.323395404544076,1.0138225619160977,0.05419678483543981,0.6666666666666666,0.8,False,1.0,1.0,True,1.0,1.0,True
5,3,0.31166885321579196,0.030095175626549536,10.35610680837782,1.0151965209101792,0.34125820766684833,0.6,0.7,False,0.6,0.7,False,1.0,1.0,True
5,4,0.3901329978555827,0.0862484735094857,4.523361190945044,0.6554612675980975,0.3437324713118556,0.8,0.9,False,0.8,0.9,False,1.0,1.0,True
4,4,0.4714363878323402,0.14675856494975986,3.212326231116498,0.5068196440721564,0.22128606068043277,0.0,0.0,False,-0.3333333333333333,-0.3999999999999999,False,1.0,1.0,True
6,5,0.5043540859194503,0.26662279712710607,1.891639017188466,0.27683826324933847,0.09634688621005152,1.0,1.0,True,1.0,1.0,True,1.0,1.0,True
10,5,0.23809690810848075,0.09663302657056234,2.4639289128769675,0.39162817378840253,0.11713825249129001,0.7333333333333333,0.8787878787878788,False,0.6888888888888889,0.8303030303030303,False,0.8222222222222222,0.9272727272727272,False
8,3,0.30699525468177297,0.0737510761624301,4.162586780448884,0.6193633006590555,0.06600117590280857,1.0,1.0,True,1.0,1.0,True,1.0,1.0,True
8,4,0.2209260006108116,0.022257121316798523,9.926081520440922,0.9967778376286099,0.17563184608427246,0.5714285714285714,0.7619047619047619,False,0.7142857142857143,0.8333333333333334,False,1.0,1.0,True
6,5,0.6783221933782579,0.09177110603246258,7.3914571012244386,0.8687300606740184,0.3465069664588615,0.7333333333333333,0.8285714285714285,False,0.7333333333333333,0.8285714285714285,False,1.0,1.0,True
10,5,0.11936470344977587,0.038677536424404226,3.0861506311289935,0.48941711961164247,0.15821494335485206,0.5555555555555556,0.6848484848484848,False,0.5111111111111111,0.6121212121212121,False,0.8666666666666667,0.9515151515151515,False
10,5,0.8518941804032975,0.1622105237982023,5.251781206611742,0.7203066247402731,0.15004824546597142,0.9555555555555556,0.9878787878787879,False,0.9555555555555556,0.9878787878787879,False,0.8666666666666667,0.9515151515151515,False
10,4,0.634304200120728,0.09060096844091871,7.001075275783166,0.8451647472250778,0.2003056376992659,0.8222222222222222,0.9393939393939394,False,0.6888888888888889,0.8666666666666667,False,1.0,1.0,True
8,3,0.8458529935095627,0.030999145180781458,27.28633285045163,1.4359451725394923,0.3971451631425983,0.5714285714285714,0.6428571428571428,False,0.5714285714285714,0.6428571428571428,False,1.0,1.0,True
8,3,0.5598960682449389,0.2360197370724957,2.37224257253786,0.37515909553890286,0.09114096002548638,0.7857142857142857,0.8571428571428572,False,0.6428571428571429,0.8095238095238095,False,1.0,1.0,True
6,4,0.5888637883621609,0.14318745883582323,4.112537460653111,0.6141098669168972,0.10778760408032366,0.7333333333333333,0.8285714285714285,False,0.6,0.7714285714285715,False,0.6,0.7714285714285715,False
6,3,0.20892146629109384,0.0003935738654788496,530.8316534332728,2.724956811896867,0.14008392889898377,0.7333333333333333,0.8285714285714285,False,0.6,0.7142857142857143,False,0.8666666666666667,0.9428571428571428,False
4,3,0.7652025841699632,0.27191703301534564,2.8141031684615543,0.44934001515709127,0.11238271569636502,1.0,1.0,True,1.0,1.0,True,1.0,1.0,True
6,4,0.3289399200696462,0.12939251332508156,2.54218665063477,0.4052074338516783,0.14494772818789106,0.7333333333333333,0.8285714285714285,False,0.7333333333333333,0.8285714285714285,False,1.0,1.0,True
5,4,0.4288024325567286,0.061836130934156484,6.9344964840440255,0.8410149322961041,0.25730465427641713,0.8,0.9,False,0.8,0.9,False,1.0,1.0,True
6,5,0.29332058301688707,0.07565388034995592,3.877138643202203,0.5885113312886371,0.15424441936713218,0.7333333333333333,0.8285714285714285,False,0.8666666666666667,0.9428571428571428,False,1.0,1.0,True
4,4,0.5811784694896196,0.03086974604683332,18.826797881300074,1.2747764601792186,0.22756762612836814,1.0,1.0,True,1.0,1.0,True,1.0,1.0,True
8,5,0.5480789179433769,0.06039217485763748,9.075330027876765,0.9578624272816608,0.230308259162612,0.7857142857142857,0.9047619047619048,False,0.6428571428571429,0.8095238095238095,False,1.0,1.0,True
10,3,0.07742200927502627,0.0011954042279675129,64.76638395523891,1.811349650147526,0.44831255107535467,0.5111111111111111,0.6121212121212121,False,0.5111111111111111,0.6121212121212121,False,0.9555555555555556,0.9878787878787879,False
6,5,0.9193101294922542,0.1720396614104084,5.343594157011589,0.7278334662969307,0.2609793332422676,0.2,0.2571428571428571,False,0.3333333333333333,0.37142857142857144,False,0.7333333333333333,0.8857142857142857,False
6,5,0.6503256543843263,0.2778735385397425,2.3403655411001796,0.36928369505301306,0.15283429965893508,1.0,1.0,True,0.8666666666666667,0.9428571428571428,False,0.8666666666666667,0.9428571428571428,False
10,5,0.12890945679033555,0.03169817853018201,4.066778053619871,0.6092504712198351,0.21281182641644825,0.7333333333333333,0.8787878787878788,False,0.5555555555555556,0.7696969696969697,False,0.9555555555555556,0.9878787878787879,False
8,3,0.2984876251235228,0.10316769943223499,2.8932275001119816,0.46138258441143454,0.061135624872816555,0.9285714285714286,0.9761904761904762,False,0.9285714285714286,0.9761904761904762,False,0.9285714285714286,0.9761904761904762,False
6,3,0.42536833782998434,0.045232214932267464,9.404101445342526,0.9733173053651565,0.18352412317023997,0.7333333333333333,0.8285714285714285,False,0.7333333333333333,0.8285714285714285,False,0.8666666666666667,0.9428571428571428,False
8,3,0.3693253235047618,0.24539538139197173,1.5050214939185467,0.17754270233754485,0.059164167487663614,0.9285714285714286,0.9761904761904762,False,0.9285714285714286,0.9761904761904762,False,0.9285714285714286,0.9761904761904762,False
5,5,0.7047513587968792,0.12937479050006936,5.4473623189446165,0.7361862623458744,0.18878883255688472,0.8,0.9,False,0.8,0.9,False,0.8,0.9,False
10,4,0.4945814379805629,0.03607088780387764,13.711374132401692,1.1370809812821734,0.4631303023145149,0.06666666666666667,0.10303030303030303,False,-0.022222222222222223,-0.05454545454545445,False,0.7333333333333333,0.8787878787878788,False
6,4,0.8194783980772672,0.13685290574854433,5.988023371436493,0.7772834867388329,0.16614440217378718,0.8666666666666667,0.9428571428571428,False,0.8666666666666667,0.9428571428571428,False,1.0,1.0,True
8,3,0.28209288022739115,0.11201649756793196,2.518315483429561,0.40111013567258186,0.16645390204725313,0.8571428571428571,0.9523809523809523,False,0.8571428571428571,0.9523809523809523,False,1.0,1.0,True
6,4,0.3268160215834859,0.028804871551251884,11.345859362387483,1.0548373959643074,0.41849383121355255,0.6,0.6571428571428571,False,0.6,0.6571428571428571,False,1.0,1.0,True
6,3,0.7363196707626858,0.04851666456472047,15.176634200920185,1.181175466549896,0.18567259762841518,0.8666666666666667,0.9428571428571428,False,0.8666666666666667,0.9428571428571428,False,0.8666666666666667,0.9428571428571428,False
6,3,0.4363066227069834,0.045996462925617994,9.485655960178066,0.9770673689658861,0.08720681537301644,1.0,1.0,True,0.8666666666666667,0.9428571428571428,False,1.0,1.0,True
6,4,0.24569389906687492,0.08731850398291342,2.813766703013359,0.44928808606455234,0.20287454467209515,0.7333333333333333,0.8285714285714285,False,0.7333333333333333,0.8285714285714285,False,0.7333333333333333,0.8857142857142857,False
8,3,0.5387731466240832,0.18483029643555082,2.914961221246729,0.46463278156138493,0.08923079611312576,0.8571428571428571,0.9523809523809523,False,0.8571428571428571,0.9523809523809523,False,0.8571428571428571,0.9523809523809523,False
4,5,0.07427681965640612,0.014508402111522198,5.119572719334668,0.7092337161753158,0.19558358335214798,0.6666666666666666,0.8,False,1.0,1.0,True,1.0,1.0,True
6,4,0.33230208162033725,0.030790939846284796,10.792203267210121,1.0331101165189591,0.20135500391128935,0.8666666666666667,0.9428571428571428,False,0.8666666666666667,0.9428571428571428,False,1.0,1.0,True
8,5,0.13132044420054653,0.04091374767928613,3.2096899366620955,0.5064630805978142,0.17608898900539155,0.7857142857142857,0.9047619047619048,False,0.6428571428571429,0.7619047619047619,False,1.0,1.0,True
10,3,0.6295811196968375,0.23019072921947653,2.7350411627299946,0.4369638669078307,0.12709904413734513,0.8666666666666667,0.9515151515151515,False,0.8666666666666667,0.9515151515151515,False,0.9555555555555556,0.9878787878787879,False
4,4,0.667730516776429,0.014685201486012085,45.46961901523684,1.657721315316313,0.36776150085549275,0.3333333333333333,0.4,False,0.3333333333333333,0.4,False,1.0,1.0,True
8,3,0.45810444305323755,0.13712996430793642,3.340658953437677,0.5238321409478247,0.23477563758850367,0.7857142857142857,0.9047619047619048,False,1.0,1.0,True,0.9285714285714286,0.9761904761904762,False
6,3,0.730283396862689,0.29744258190620154,2.455207967131379,0.39008828470837864,0.04343418587203002,1.0,1.0,True,1.0,1.0,True,1.0,1.0,True
4,4,0.45183970793876965,0.2343262385001204,1.928250591265345,0.2851634732036193,0.07237425265150645,1.0,1.0,True,1.0,1.0,True,1.0,1.0,True
5,4,0.522538938650417,0.13100420915294858,3.988718698621045,0.6008334090989043,0.29329125250029553,0.2,0.5,False,0.0,0.09999999999999998,False,1.0,1.0,True
6,5,0.6495538008547024,0.03896555564924947,16.6699483688883,1.2219342547085315,0.2803004894535019,0.7333333333333333,0.8857142857142857,False,0.6,0.7714285714285715,False,0.8666666666666667,0.9428571428571428,False
6,3,0.6282328118697612,0.0335960209724268,18.699619587887206,1.2718327716401412,0.09892866719965193,1.0,1.0,True,1.0,1.0,True,1.0,1.0,True
8,4,0.2050899385441308,0.005878433794748137,34.88853420318726,1.5426827235083036,0.5250753366224142,-0.07142857142857142,0.0,False,-0.14285714285714285,-0.04761904761904767,False,0.9285714285714286,0.9761904761904762,False
8,3,0.31689836243051417,0.07168583721986363,4.420655107286425,0.6454866332399161,0.2533781810733833,0.7857142857142857,0.9047619047619048,False,0.7857142857142857,0.9047619047619048,False,1.0,1.0,True
8,5,0.2329051517457941,0.02184802161938668,10.660239896891499,1.0277669781168106,0.259392989336447,0.7857142857142857,0.9047619047619048,False,0.7142857142857143,0.8095238095238095,False,1.0,1.0,True
5,3,0.9545325530176507,0.21447369797289403,4.450580943187902,0.648416704004179,0.1450091396136286,1.0,1.0,True,1.0,1.0,True,1.0,1.0,True
4,4,0.1680730799176253,0.03165104826637959,5.310189997430381,0.7251100603205258,0.35351098409338627,0.6666666666666666,0.8,False,0.3333333333333333,0.4,False,1.0,1.0,True
8,5,0.9098324951156708,0.5338011876649005,1.7044407471141179,0.23158190808842855,0.0748684549530497,0.9285714285714286,0.9761904761904762,False,0.9285714285714286,0.9761904761904762,False,0.8571428571428571,0.9285714285714286,False
10,4,0.4080704469758874,0.0646374138295991,6.313223608316897,0.8002511718932197,0.22106728029613237,0.6888888888888889,0.8303030303030303,False,0.7333333333333333,0.8424242424242424,False,0.9111111111111111,0.9757575757575757,False
8,3,0.7983685612274007,0.004139547974469502,192.86370539934393,2.2852505064004722,0.5923862314681878,-0.07142857142857142,-0.09523809523809534,False,-0.07142857142857142,-0.09523809523809534,False,0.9285714285714286,0.9761904761904762,False
4,5,0.4081439709971382,0.02077360590256726,19.647237600047635,1.2933014972360928,0.4869791078135923,0.6666666666666666,0.8,False,0.6666666666666666,0.8,False,1.0,1.0,True
8,5,0.6412581827617911,0.05185283509493138,12.36688758821805,1.0922604131827458,0.39248609620472535,0.35714285714285715,0.5238095238095238,False,0.5,0.7380952380952381,False,0.8571428571428571,0.9285714285714286,False
5,5,0.5324555752183985,0.03528174722532623,15.091530807779705,1.17873329462333,0.22267911081120928,0.8,0.9,False,0.8,0.9,False,0.8,0.9,False
4,5,0.15158141080839208,0.00743293834614462,20.3932016826996,1.3094854143006065,0.3220233719782382,0.0,0.19999999999999996,False,0.3333333333333333,0.4,False,1.0,1.0,True
6,5,0.5143985484384515,0.17338330510410951,2.9668286005195803,0.47229245700146744,0.22735770143751616,0.4666666666666667,0.6,False,0.4666666666666667,0.6,False,1.0,1.0,True
6,5,0.9665961707832937,0.3783482256617124,2.554779182828755,0.4073533687277534,0.06969148462591632,1.0,1.0,True,0.6,0.7714285714285715,False,0.6,0.7714285714285715,False
5,4,0.6521466985104183,0.11620718914274354,5.6119307533008085,0.7491123035457575,0.3162197586825705,0.6,0.7,False,0.6,0.7,False,1.0,1.0,True
8,3,0.1595136228462803,0.011630506554155583,13.715105364483968,1.1371991483633122,0.07294379304792235,1.0,1.0,True,0.9285714285714286,0.9761904761904762,False,0.9285714285714286,0.9761904761904762,False
4,3,0.17866910317675164,0.02581389250901226,6.921432058627054,0.8401959601815002,0.1500534833356283,0.6666666666666666,0.8,False,0.6666666666666666,0.8,False,1.0,1.0,True
4,5,0.3264438333458091,0.057083161443249514,5.7187413080586245,0.7573004513248326,0.16956216000914545,1.0,1.0,True,1.0,1.0,True,1.0,1.0,True
10,3,0.3206370534175546,0.15621670954542888,2.052514448348809,0.3122862229491276,0.13288276746044156,0.7333333333333333,0.8545454545454545,False,0.6444444444444445,0.806060606060606,False,0.7777777777777778,0.8909090909090909,False
5,3,0.19417031727414208,0.019229209857689115,10.097675291967455,1.0042214011015855,0.4592555261591549,0.2,0.19999999999999996,False,0.2,0.19999999999999996,False,0.8,0.9,False
4,5,0.8083268793110401,0.24530542102674366,3.2951855524612297,0.5178798748150399,0.19690665123599857,0.6666666666666666,0.8,False,1.0,1.0,True,1.0,1.0,True
5,3,0.14762567438078647,0.08260204052191478,1.7871916171348499,0.2521711187076264,0.1224092839511422,1.0,1.0,True,1.0,1.0,True,1.0,1.0,True
4,3,0.33971178281314457,0.09516096267906751,3.5698649240787983,0.5526517836648439,0.29758520964205626,0.6666666666666666,0.8,False,0.6666666666666666,0.8,False,1.0,1.0,True
8,4,0.5205092610436161,0.16354774974958017,3.1826134070167456,0.502783887946766,0.25753215505694765,0.9285714285714286,0.9761904761904762,False,0.9285714285714286,0.9761904761904762,False,0.8571428571428571,0.9523809523809523,False
8,5,0.05628241234159535,0.0019248791399893665,29.23945256774242,1.4659692373338986,0.4333194620228551,0.14285714285714285,0.2142857142857143,False,-0.07142857142857142,-0.1428571428571428,False,0.8571428571428571,0.9523809523809523,False
6,5,0.5880052755503578,0.15806531725745085,3.720014521521611,0.5705446352056597,0.20689177277145976,0.7333333333333333,0.8857142857142857,False,0.6,0.7142857142857143,False,0.8666666666666667,0.9428571428571428,False
4,5,0.9035972632151128,0.2683324080013251,3.367454829411747,0.5273017788660569,0.15988457820469415,1.0,1.0,True,0.6666666666666666,0.8,False,1.0,1.0,True
5,3,0.6170147131514068,0.042467315312001,14.529166927642189,1.1622407134652466,0.5326944240412125,-0.2,-0.30000000000000004,False,-0.2,-0.30000000000000004,False,1.0,1.0,True
5,3,0.5015214324517743,0.07885369918636186,6.360150983660571,0.8034674254899764,0.25913495011826926,1.0,1.0,True,1.0,1.0,True,1.0,1.0,True
6,3,0.5956850258264046,0.10807082228302393,5.51198753962349,0.7413082271363478,0.21482055662838667,0.7333333333333333,0.8857142857142857,False,0.7333333333333333,0.8857142857142857,False,0.8666666666666667,0.9428571428571428,False
8,3,0.5082244296317727,0.04233023309022405,12.006180748792955,1.0794048772184646,0.38071416928204904,0.21428571428571427,0.4285714285714286,False,0.07142857142857142,0.16666666666666663,False,0.9285714285714286,0.9761904761904762,False
4,4,0.6919964620397555,0.0017879469917683496,387.03410382894504,2.587749234921126,0.5484847830436015,0.3333333333333333,0.6,False,0.3333333333333333,0.6,False,0.6666666666666666,0.8,False
6,3,0.54688722829327,0.19802080924001406,2.7617664546943925,0.44118695022888305,0.18946119701274608,0.2,0.3142857142857143,False,0.06666666666666667,0.1428571428571429,False,0.7333333333333333,0.8285714285714285,False
4,4,0.7551540407224367,0.05542349614915849,13.625160684134816,1.1343416326970535,0.49009683942910315,0.3333333333333333,0.4,False,0.3333333333333333,0.4,False,1.0,1.0,True
4,3,0.29396181608516553,0.1337393274692872,2.198020744126105,0.3420317868213148,0.08407759072757688,1.0,1.0,True,0.6666666666666666,0.8,False,1.0,1.0,True
8,3,0.31836450498245317,0.07136884569870783,4.4608330408201695,0.6494159688575276,0.17737061413556804,0.8571428571428571,0.9523809523809523,False,0.7142857142857143,0.8571428571428572,False,0.9285714285714286,0.9761904761904762,False
4,4,0.19717905590349488,0.0025421992556910193,77.56239224149067,1.8896511954718656,0.39394184170391455,0.6666666666666666,0.8,False,0.3333333333333333,0.4,False,0.6666666666666666,0.8,False
6,4,0.22110511269033759,0.09137038990869098,2.419877083909506,0.38379330683350477,0.15677505505156428,0.6,0.8285714285714285,False,0.6,0.8285714285714285,False,0.8666666666666667,0.9428571428571428,False
8,4,0.5144083732653213,0.185985592237607,2.7658506611919162,0.4418287271936851,0.12221655276982851,0.6428571428571429,0.8333333333333334,False,0.5,0.6904761904761905,False,0.7857142857142857,0.9285714285714286,False
8,5,0.6862631648313509,0.27262409526688985,2.5172505906237124,0.40092645142755695,0.1553059294979625,1.0,1.0,True,0.7857142857142857,0.8571428571428572,False,0.7857142857142857,0.9047619047619048,False
6,3,0.8316399953587537,0.1975157161990484,4.210500366038973,0.6243337094454224,0.16405751517161227,0.8666666666666667,0.9428571428571428,False,0.8666666666666667,0.9428571428571428,False,0.8666666666666667,0.9428571428571428,False
10,4,0.4626318085980962,0.08297051517187842,5.575857973572306,0.7463117030240657,0.273231190449018,0.15555555555555556,0.3090909090909091,False,0.37777777777777777,0.4181818181818182,False,0.7777777777777778,0.8909090909090909,False
10,4,0.5673802025222585,0.3953673668578447,1.4350708988201002,0.15687335765936708,0.07784004834218206,0.8666666666666667,0.9393939393939394,False,0.7333333333333333,0.8909090909090909,False,0.6888888888888889,0.806060606060606,False
10,5,0.5717178107973448,0.19195503848509146,2.9783943954082246,0.4739822059777373,0.1492324845915867,0.9111111111111111,0.9757575757575757,False,0.8666666666666667,0.9636363636363636,False,0.9555555555555556,0.9878787878787879,False
10,5,0.5798114348873029,0.15522015440745068,3.735413336605572,0.5723386650202013,0.1661005663548194,0.7333333333333333,0.8545454545454545,False,0.6,0.7090909090909091,False,0.7777777777777778,0.9030303030303031,False
4,5,0.5714224814178913,0.010215910995982241,55.93455949123757,1.7476802221742411,0.2667902628761392,0.3333333333333333,0.4,False,0.6666666666666666,0.8,False,1.0,1.0,True
5,3,0.2152309092804518,0.18104071967349453,1.188853588670163,0.07512837308137604,0.030784881217902155,1.0,1.0,True,1.0,1.0,True,1.0,1.0,True
10,5,0.5685882353829592,0.03661388738387845,15.529305298999375,1.1911520280685841,0.2404977494032987,0.7777777777777778,0.9272727272727272,False,0.7777777777777778,0.9272727272727272,False,0.9111111111111111,0.9757575757575757,False
10,4,0.13803870503292254,0.01895186334474886,7.2836481835379185,0.8623489602368086,0.41529637676053077,0.7777777777777778,0.8909090909090909,False,0.7777777777777778,0.8909090909090909,False,0.9111111111111111,0.9757575757575757,False
4,4,0.830756299895516,0.15841706002263348,5.244108808556222,0.7196716941670375,0.2834079677955985,1.0,1.0,True,0.6666666666666666,0.8,False,0.6666666666666666,0.8,False
10,4,0.6569441689355464,0.14793667387582612,4.440712040629804,0.6474526121243287,0.18244038900388665,0.8666666666666667,0.9515151515151515,False,0.6888888888888889,0.793939393939394,False,1.0,1.0,True
4,5,0.8688789487044843,0.38674579037526485,2.2466409986238047,0.3515336799967895,0.14677651965669986,1.0,1.0,True,1.0,1.0,True,1.0,1.0,True
6,4,0.5473245871556071,0.14460883616962328,3.7848626795517624,0.5780501272720816,0.13113674437881145,0.7333333333333333,0.8285714285714285,False,1.0,1.0,True,1.0,1.0,True
8,5,0.896678816664066,0.22980665281233198,3.9018836299418314,0.5912743128217613,0.09663328404820562,0.7857142857142857,0.9047619047619048,False,0.8571428571428571,0.9285714285714286,False,0.8571428571428571,0.9285714285714286,False
4,3,0.35336019768451693,0.1787156679558595,1.9772200262252058,0.29605500055216977,0.09168545526388644,0.3333333333333333,0.6,False,0.3333333333333333,0.6,False,0.6666666666666666,0.8,False
6,4,0.17944057947212702,0.0020663150216370958,86.84086284342034,1.93872412991682,0.49124468167818486,0.8666666666666667,0.9428571428571428,False,0.8666666666666667,0.9428571428571428,False,1.0,1.0,True
4,3,0.49855153047931433,0.08035086045857577,6.204681911653377,0.7927195219258572,0.27165223193878274,0.6666666666666666,0.8,False,1.0,1.0,True,1.0,1.0,True
6,5,0.6188725237264786,0.30153181782594013,2.052428590078914,0.3122680556944312,0.15912480056471495,1.0,1.0,True,1.0,1.0,True,1.0,1.0,True
5,3,0.45836498456943336,0.13546851694802556,3.3835535731295274,0.5293730572286314,0.17429837859972824,0.8,0.9,False,0.8,0.9,False,1.0,1.0,True
4,4,0.34969031645049414,0.012961074060345155,26.980041530154004,1.4310426138422916,0.3354534776102151,0.3333333333333333,0.4,False,0.0,0.19999999999999996,False,0.6666666666666666,0.8,False
6,4,0.22428773304295793,0.008437844443163799,26.581164718921897,1.4245740067014638,0.10569053232451321,1.0,1.0,True,1.0,1.0,True,1.0,1.0,True
6,4,0.3049869646367764,0.0025685253079661425,118.74010490460643,2.074597428281059,0.2394241924879707,0.7333333333333333,0.8285714285714285,False,0.8666666666666667,0.9428571428571428,False,1.0,1.0,True
6,5,0.2714739427820349,0.0007407126024396361,366.5037445311385,2.5640784161419576,0.1409186282547568,0.8666666666666667,0.9428571428571428,False,1.0,1.0,True,1.0,1.0,True
10,5,0.26695130561998726,0.005914738480284895,45.133239020568794,1.6544965021060656,0.3276762285724379,0.9111111111111111,0.9757575757575757,False,0.8666666666666667,0.9515151515151515,False,0.8666666666666667,0.9515151515151515,False
8,5,0.5267594411199292,0.10751969454709041,4.899190267735788,0.6901243062910194,0.24143698756844706,0.7142857142857143,0.8333333333333334,False,0.5714285714285714,0.6904761904761905,False,0.6428571428571429,0.8333333333333334,False
8,5,0.2642721765192549,0.004215693047542325,62.6877178855878,1.7971824598575186,0.2674597363578864,0.8571428571428571,0.9285714285714286,False,0.8571428571428571,0.9285714285714286,False,0.9285714285714286,0.9761904761904762,False
5,3,0.7468190470788809,0.20695495817493775,3.6086066923025384,0.5573395502027993,0.05780278505237591,1.0,1.0,True,1.0,1.0,True,1.0,1.0,True
5,5,0.7179958661260109,0.1287049416837742,5.578619256784527,0.7465267216326064,0.19293530216818622,0.8,0.9,False,0.8,0.9,False,1.0,1.0,True
8,5,0.6084142559980544,0.05630584690445741,10.805525348364563,1.0336458864760318,0.2012212965478855,0.42857142857142855,0.5714285714285714,False,0.42857142857142855,0.5714285714285714,False,0.8571428571428571,0.9285714285714286,False
4,5,0.8047889655154352,0.12161117097723081,6.617722360879969,0.8207085428680932,0.07720005013116556,1.0,1.0,True,1.0,1.0,True,1.0,1.0,True
6,4,0.5687953775007233,0.11265121000647126,5.049172374295843,0.7032201973795117,0.3760945895402896,0.4666666666666667,0.7142857142857143,False,0.4666666666666667,0.7142857142857143,False,1.0,1.0,True
6,3,0.6575142949085713,0.0609563113583557,10.786648342816017,1.0328865204621682,0.15470105193085068,0.8666666666666667,0.9428571428571428,False,0.8666666666666667,0.9428571428571428,False,0.8666666666666667,0.9428571428571428,False
4,4,0.8570007870897413,0.16374231407860568,5.233838253153659,0.7188202970489406,0.2527931048792673,1.0,1.0,True,0.6666666666666666,0.8,False,1.0,1.0,True
8,3,0.0758483394147005,0.04574861141814129,1.657937521202347,0.21956816028643714,0.01025516937837722,1.0,1.0,True,1.0,1.0,True,1.0,1.0,True
6,4,0.18716673887512966,0.01782525108525015,10.500089898846044,1.0211930173942838,0.4097950005948089,0.3333333333333333,0.37142857142857144,False,0.3333333333333333,0.37142857142857144,False,0.6,0.7714285714285715,False
8,4,0.7464246649459697,0.0816015716017652,9.147184916726234,0.9612874587398005,0.4007724111364822,0.9285714285714286,0.9761904761904762,False,1.0,1.0,True,0.9285714285714286,0.9761904761904762,False
5,5,0.8860748687426246,0.15814855015169346,5.602801087250648,0.7484052042553834,0.16427008131889753,1.0,1.0,True,0.6,0.7,False,0.8,0.9,False
6,4,0.8255865893455228,0.2676023050788218,3.085125104207389,0.4892727797032357,0.22372396970209402,0.4666666666666667,0.7142857142857143,False,0.4666666666666667,0.7142857142857143,False,1.0,1.0,True
8,4,0.20898545109706815,0.0018018378744944442,115.98460324279743,2.0644003412053804,0.45358900912237166,0.14285714285714285,0.19047619047619047,False,0.07142857142857142,0.1428571428571429,False,0.8571428571428571,0.9523809523809523,False
6,5,0.7193081989484446,0.11557760642216908,6.223594874553913,0.7940413144649027,0.3153600000080679,0.8666666666666667,0.9428571428571428,False,0.8666666666666667,0.9428571428571428,False,1.0,1.0,True
6,3,0.07147832097869372,0.03368545458190893,2.121934284804334,0.32673192990048633,0.10200849702666867,0.8666666666666667,0.9428571428571428,False,0.6,0.6571428571428571,False,0.7333333333333333,0.8285714285714285,False
8,4,0.7859182245713183,0.2640195381712976,2.976742668409763,0.47374129265139403,0.1196949506891309,0.8571428571428571,0.9523809523809523,False,0.9285714285714286,0.9761904761904762,False,1.0,1.0,True
4,3,0.40407878872816416,0.05086520663331459,7.944109843752513,0.9000452405484752,0.26748321315041773,0.3333333333333333,0.4,False,0.3333333333333333,0.4,False,1.0,1.0,True
6,5,0.41571608318818526,0.11310327721111146,3.6755440994743256,0.5653216378170747,0.2324538196295684,0.7333333333333333,0.8285714285714285,False,0.7333333333333333,0.8285714285714285,False,0.7333333333333333,0.8285714285714285,False
8,5,0.28411179086301536,0.027689966430980626,10.26045992366677,1.0111668284009239,0.12682949246378206,0.9285714285714286,0.9761904761904762,False,0.8571428571428571,0.9523809523809523,False,1.0,1.0,True
4,4,0.415717641082361,0.10577524440195782,3.9301978778574784,0.5944144168126201,0.07667449899130369,0.6666666666666666,0.8,False,0.6666666666666666,0.8,False,0.6666666666666666,0.8,False
10,4,0.19951390171092165,0.02035941150411002,9.799590801573295,0.9912079413732077,0.1287206020088129,1.0,1.0,True,0.9111111111111111,0.9757575757575757,False,0.9555555555555556,0.9878787878787879,False
5,3,0.3611343315277312,0.07332839307228102,4.9248908423075655,0.6923966090247272,0.17958310502615324,0.8,0.9,False,1.0,1.0,True,0.8,0.9,False
5,3,0.5636898096156692,0.3436488413316144,1.6403076100293883,0.21492529976175334,0.04170590083611313,1.0,1.0,True,1.0,1.0,True,1.0,1.0,True
6,5,0.9073157628767876,0.3152486970259138,2.878095203671301,0.459105155738617,0.09301152788551995,0.8666666666666667,0.9428571428571428,False,0.7333333333333333,0.8285714285714285,False,0.8666666666666667,0.9428571428571428,False
4,5,0.060090953552016206,0.01284588563482029,4.677836566165181,0.670045044396494,0.2618489611953718,0.6666666666666666,0.8,False,0.6666666666666666,0.8,False,1.0,1.0,True
6,5,0.0785695302705716,0.008619940309464379,9.11485781116028,0.959749898190103,0.12736518354401166,0.7333333333333333,0.8857142857142857,False,0.8666666666666667,0.9428571428571428,False,1.0,1.0,True
10,3,0.5093261038013581,0.22829855150993233,2.230965113140319,0.34849277902919257,0.04528178199628856,0.9555555555555556,0.9878787878787879,False,0.8222222222222222,0.9393939393939394,False,0.8666666666666667,0.9515151515151515,False
8,3,0.046704451834725325,0.020073546272929402,2.326666708382411,0.36673417569013933,0.1488945988794258,0.8571428571428571,0.9285714285714286,False,1.0,1.0,True,0.7857142857142857,0.9047619047619048,False
5,5,0.1847875089184121,0.018938440169968124,9.757271837080017,0.9893284045799152,0.1225751223941673,1.0,1.0,True,1.0,1.0,True,1.0,1.0,True
6,3,0.6747202079960277,0.39052117152283417,1.7277429681039673,0.23747913407054835,0.10290430847195622,0.7333333333333333,0.8285714285714285,False,0.6,0.7714285714285715,False,0.8666666666666667,0.9428571428571428,False
10,5,0.4460947728269405,0.2562425229192637,1.7409084477588996,0.24077593270344325,0.0873163318821719,0.9555555555555556,0.9878787878787879,False,0.9111111111111111,0.9757575757575757,False,0.9555555555555556,0.9878787878787879,False
8,4,0.5081279595040407,0.2011720918411241,2.5258372314526083,0.4024053605662731,0.19522079847664273,0.9285714285714286,0.9761904761904762,False,0.8571428571428571,0.9523809523809523,False,0.8571428571428571,0.9523809523809523,False
6,5,0.508586534056123,0.14082436128636291,3.611495407519109,0.5576870669353725,0.16924538968399833,0.7333333333333333,0.8285714285714285,False,0.7333333333333333,0.8857142857142857,False,0.7333333333333333,0.8857142857142857,False
5,5,0.5269459390844514,0.06967710661201283,7.562683996210018,0.8786759539503273,0.15619790432412625,0.8,0.9,False,0.8,0.9,False,1.0,1.0,True
4,3,0.2773058092535717,0.14506345662552372,1.911617272208778,0.28140094588677383,0.12801851429530015,1.0,1.0,True,0.6666666666666666,0.8,False,0.6666666666666666,0.8,False
6,5,0.2502632536696226,0.12128392610142702,2.0634494752278187,0.314593839388189,0.050504101344412765,1.0,1.0,True,0.8666666666666667,0.9428571428571428,False,0.8666666666666667,0.9428571428571428,False
4,3,0.26855390695105613,0.25915748037977687,1.0362575934774225,0.015467725988496644,0.003288890856696841,1.0,1.0,True,1.0,1.0,True,1.0,1.0,True
10,4,0.043850329208064844,0.0042411871789932816,10.339163858392665,1.014485418219314,0.29422104896944745,0.6888888888888889,0.8181818181818181,False,0.7333333333333333,0.8666666666666667,False,0.8222222222222222,0.9272727272727272,False
6,4,0.988869174640821,0.573702838932698,1.7236609400064398,0.23645184016259815,0.08747898416500505,1.0,1.0,True,0.8666666666666667,0.9428571428571428,False,0.8666666666666667,0.9428571428571428,False
10,3,0.3073649871742315,0.11981040016820906,2.5654282661616836,0.40915987553176725,0.20029884359087313,0.6888888888888889,0.8666666666666667,False,0.6444444444444445,0.8424242424242424,False,0.6888888888888889,0.8303030303030303,False
10,4,0.6708929981403281,0.20830675648112262,3.220697251833527,0.5079499027030776,0.19850027479023655,0.6444444444444445,0.7818181818181819,False,0.6,0.7575757575757576,False,0.8222222222222222,0.9151515151515152,False
6,3,0.36999754234475735,0.22641062739330517,1.6341880529326414,0.21330203117540233,0.10064729031297484,0.7333333333333333,0.8857142857142857,False,0.8666666666666667,0.9428571428571428,False,0.8666666666666667,0.9428571428571428,False
4,3,0.2829169717231029,0.18728302705698616,1.510638610275702,0.1791605805964138,0.025800771796692108,1.0,1.0,True,1.0,1.0,True,1.0,1.0,True
5,3,0.9546175233582144,0.3646121926940451,2.618172245700623,0.41799821474972204,0.07671597910950631,1.0,1.0,True,1.0,1.0,True,1.0,1.0,True
4,3,0.2073156617249505,0.02894785794593694,7.161692658053381,0.8550156794550667,0.38211923275094406,0.3333333333333333,0.4,False,0.0,0.0,False,1.0,1.0,True
4,5,0.7799339312999681,0.07840566323426967,9.947418325633471,0.9977103820107039,0.3705218053039141,1.0,1.0,True,1.0,1.0,True,1.0,1.0,True
6,4,0.19185006946695388,0.01818259591500916,10.55130248470387,1.023306073567807,0.17745671671671726,1.0,1.0,True,1.0,1.0,True,0.8666666666666667,0.9428571428571428,False
8,5,0.49626821426442536,0.006603024487856774,75.15771221232401,1.8759735517812635,0.2378104696926137,0.7142857142857143,0.8809523809523809,False,0.7857142857142857,0.9047619047619048,False,1.0,1.0,True
5,4,0.7820145759608075,0.11445602829491698,6.832445504215564,0.8345761764330697,0.13431709829466312,0.8,0.9,False,0.6,0.8,False,1.0,1.0,True
10,4,0.1968993376106119,0.03425712739610721,5.747689680111321,0.7594933123756606,0.20280643984619023,0.8666666666666667,0.9515151515151515,False,0.8666666666666667,0.9515151515151515,False,0.9111111111111111,0.9636363636363636,False
6,4,0.2787487792374581,0.12050612341396008,2.313150330772761,0.36420385832336855,0.15831394979587482,0.8666666666666667,0.9428571428571428,False,0.7333333333333333,0.8285714285714285,False,0.6,0.7142857142857143,False
6,4,0.0950064611821977,0.01605473810291814,5.917658735212347,0.772149916267737,0.1509099447388925,0.8666666666666667,0.9428571428571428,False,0.8666666666666667,0.9428571428571428,False,0.7333333333333333,0.8857142857142857,False
8,3,0.11715856576711287,0.05341409392038436,2.1934017253863476,0.3411181807612328,0.16411044491520976,0.6428571428571429,0.8095238095238095,False,0.5714285714285714,0.7857142857142857,False,0.9285714285714286,0.9761904761904762,False
5,4,0.22030882517381692,0.026166057354008156,8.419641606099669,0.925293605536952,0.3056736821390741,0.0,-0.10000000000000009,False,-0.2,-0.5,False,0.8,0.9,False
8,4,0.745872639677518,0.27438297829156505,2.718363377782932,0.43430751068111983,0.13212076534756523,0.8571428571428571,0.9523809523809523,False,0.8571428571428571,0.9523809523809523,False,1.0,1.0,True
10,5,0.44965163261873753,0.21264280025068374,2.114586678159479,0.3252254918356413,0.102114009346302,0.7333333333333333,0.8424242424242424,False,0.5555555555555556,0.6242424242424243,False,0.9111111111111111,0.9757575757575757,False
10,3,0.39279149330234225,0.1761794545965856,2.229496590277929,0.34820681248979174,0.13723127550079656,0.8222222222222222,0.9393939393939394,False,0.8666666666666667,0.9515151515151515,False,0.9111111111111111,0.9636363636363636,False
4,5,0.1016210066389227,0.00272140533889321,37.34137107370797,1.57219026001943,0.19181942036771224,1.0,1.0,True,0.3333333333333333,0.4,False,1.0,1.0,True
4,5,0.6788415604149453,0.01140630485885583,59.51459028629939,1.7746234481496663,0.21678086081841685,0.3333333333333333,0.4,False,0.3333333333333333,0.4,False,0.6666666666666666,0.8,False
4,5,0.13907128246381623,0.01721721829484168,8.077453632414294,0.9072744736851123,0.3052738880636232,0.6666666666666666,0.8,False,0.6666666666666666,0.8,False,1.0,1.0,True
4,3,0.31370456282374976,0.06366262865619372,4.92760932811878,0.6926362686839976,0.1432363285018223,1.0,1.0,True,1.0,1.0,True,1.0,1.0,True
4,3,0.6211124650538599,0.05202171048626693,11.939485634673359,1.0769856173431975,0.26468487371653454,0.6666666666666666,0.8,False,0.6666666666666666,0.8,False,1.0,1.0,True
5,4,0.1522216351241592,0.008036640700229367,18.940953164781128,1.2774018301999321,0.5231680084616874,0.0,0.09999999999999998,False,-0.2,0.0,False,1.0,1.0,True
4,3,0.7089682684326127,0.33860373572724584,2.093799310594764,0.3209350524726361,0.1461607480413611,0.6666666666666666,0.8,False,0.6666666666666666,0.8,False,1.0,1.0,True
6,3,0.22216222398973215,0.0028142008632738975,78.94327189294395,1.897315122257163,0.262163895297152,0.6,0.7714285714285715,False,0.6,0.7714285714285715,False,0.8666666666666667,0.9428571428571428,False
6,5,0.16489873156089374,0.0030989997462119896,53.21030816773852,1.7259957741504466,0.28631391447125737,0.7333333333333333,0.8285714285714285,False,0.4666666666666667,0.7142857142857143,False,0.8666666666666667,0.9428571428571428,False
8,4,0.07263392499089129,0.024848732629414425,2.9230434433500485,0.46583527005021613,0.1053135406593776,0.8571428571428571,0.9523809523809523,False,0.7857142857142857,0.9047619047619048,False,0.9285714285714286,0.9761904761904762,False
10,5,0.12240625363866105,0.002564907707129579,47.72345346021203,1.678731863423405,0.6251579349374534,0.3333333333333333,0.47878787878787876,False,0.28888888888888886,0.4181818181818182,False,0.8222222222222222,0.9393939393939394,False
4,4,0.3335242279741703,0.03289263619115315,10.139784054576193,1.0060287059929192,0.35530605047590114,0.6666666666666666,0.8,False,0.6666666666666666,0.8,False,0.6666666666666666,0.8,False
5,4,0.2795727728287158,0.169338387202071,1.650971037615065,0.21773945465934919,0.03028082123142624,0.8,0.9,False,1.0,1.0,True,0.8,0.9,False
8,3,0.08193010661161033,0.014487225029939868,5.655334712937434,0.7524583138909977,0.0849242238030091,0.9285714285714286,0.9761904761904762,False,0.9285714285714286,0.9761904761904762,False,0.9285714285714286,0.9761904761904762,False
8,5,0.3253072969565598,0.016163745612926123,20.125737234832894,1.3037517981656426,0.4432143804578901,0.8571428571428571,0.9523809523809523,False,0.5714285714285714,0.7142857142857143,False,0.8571428571428571,0.9285714285714286,False
6,4,0.35442767739438574,0.044896954701404625,7.894247610860855,0.8973107443478199,0.19184278339775324,0.8666666666666667,0.9428571428571428,False,0.6,0.6571428571428571,False,1.0,1.0,True
6,3,0.2833099725289386,0.013905642259063667,20.37374234360905,1.3090708095549133,0.34668434277234617,0.7333333333333333,0.8857142857142857,False,0.7333333333333333,0.8857142857142857,False,1.0,1.0,True
4,4,0.2654110101980329,0.05303442029381501,5.0045047861865894,0.6993611089348012,0.3329830155418628,0.6666666666666666,0.8,False,0.6666666666666666,0.8,False,1.0,1.0,True
8,4,0.8395380132551288,0.3487770723100737,2.40709060286608,0.38149243742261557,0.16192157783435138,0.9285714285714286,0.9761904761904762,False,0.7857142857142857,0.9047619047619048,False,1.0,1.0,True
6,3,0.47683449516093596,0.27215364593115693,1.7520782921269493,0.24355350884062826,0.11087145696154685,1.0,1.0,True,1.0,1.0,True,0.8666666666666667,0.9428571428571428,False
4,4,0.7196768049676018,0.11421080720715268,6.301302149594029,0.7994303046834141,0.07883565969470062,1.0,1.0,True,1.0,1.0,True,1.0,1.0,True
6,3,0.1964714409447363,0.0517767027579342,3.7945915918880067,0.5791650400644093,0.2983528692393924,0.3333333333333333,0.37142857142857144,False,0.3333333333333333,0.37142857142857144,False,0.8666666666666667,0.9428571428571428,False
5,3,0.9287694776121194,0.29482417160052526,3.1502487484893673,0.4983448477042324,0.21977000606429073,0.6,0.7,False,0.6,0.7,False,1.0,1.0,True
5,5,0.29538970109681645,0.052952253080180714,5.578416099574775,0.7465109055932473,0.2672537538821029,1.0,1.0,True,0.8,0.9,False,0.8,0.9,False
8,3,0.7217300869692925,0.16798547891585397,4.296383780448783,0.6331030683820872,0.33036050815598333,0.9285714285714286,0.9761904761904762,False,0.8571428571428571,0.9285714285714286,False,0.9285714285714286,0.9761904761904762,False
6,4,0.7836420413490923,0.10153011279567926,7.7183213902104795,0.8875228585951732,0.2705787345068347,0.3333333333333333,0.48571428571428577,False,0.2,0.4285714285714286,False,0.7333333333333333,0.8857142857142857,False
6,3,0.5231810513912092,0.2652326950138954,1.972536045610167,0.2950249481382687,0.011273887871518402,1.0,1.0,True,1.0,1.0,True,1.0,1.0,True
10,3,0.7994994291839904,0.021454488138938223,37.26490345372987,1.5713000003934081,0.6580943367248729,0.37777777777777777,0.5151515151515151,False,0.37777777777777777,0.5151515151515151,False,1.0,1.0,True
6,5,0.2809851812120176,0.19566595036017698,1.4360453655495555,0.15716815975073695,0.03898222726275723,1.0,1.0,True,1.0,1.0,True,1.0,1.0,True
4,3,0.7527536131649365,0.39864549195343957,1.8882782531276368,0.27606599149478867,0.1564063143222686,1.0,1.0,True,0.0,0.19999999999999996,False,0.6666666666666666,0.8,False
10,4,0.3135841355408703,0.0519371250214144,6.0377646126068285,0.7808761776770342,0.15904427706823726,0.7333333333333333,0.8909090909090909,False,0.7333333333333333,0.8909090909090909,False,0.9555555555555556,0.9878787878787879,False
10,4,0.16014006383246449,0.032309017759484866,4.956512915979816,0.6951762422265301,0.15381457973755625,1.0,1.0,True,0.9555555555555556,0.9878787878787879,False,0.8222222222222222,0.9151515151515152,False
6,4,0.8093313530385186,0.29416423431938193,2.7512908049761573,0.4395364967225362,0.14123285263403762,0.7333333333333333,0.8285714285714285,False,0.4666666666666667,0.5428571428571429,False,0.7333333333333333,0.8285714285714285,False
10,3,0.7052874450136558,0.15198269621094068,4.640577266968133,0.6665720081981958,0.02053085676608561,1.0,1.0,True,0.9555555555555556,0.9878787878787879,False,0.9555555555555556,0.9878787878787879,False
6,5,0.7965742509505251,0.00994781179563042,80.07532382351114,1.9034987036203381,0.47660867067508705,0.2,0.5428571428571429,False,0.2,0.5428571428571429,False,1.0,1.0,True
5,3,0.10294921543310198,0.012772108393759201,8.060471478252195,0.9063604455786217,0.400112620302318,1.0,1.0,True,0.6,0.7,False,1.0,1.0,True
8,5,0.2804207646685329,0.055119685063404596,5.087488514146538,0.7065034417421886,0.20394856660211688,0.7142857142857143,0.8333333333333334,False,0.7857142857142857,0.8571428571428572,False,1.0,1.0,True
8,3,0.1517715108510088,0.08108242075887172,1.8718177063371746,0.27226355113990136,0.09604855909022843,0.9285714285714286,0.9761904761904762,False,0.9285714285714286,0.9761904761904762,False,0.9285714285714286,0.9761904761904762,False
8,5,0.40889362029330323,0.18840821874647268,2.170253628061478,0.3365104909134941,0.06661501826301545,0.7857142857142857,0.8571428571428572,False,0.9285714285714286,0.9761904761904762,False,1.0,1.0,True
8,4,0.8406022444900423,0.6157293527830549,1.3652138568499488,0.1352006876954734,0.047532821876163985,1.0,1.0,True,0.9285714285714286,0.9761904761904762,False,1.0,1.0,True
10,5,0.19490250196016032,0.06158308681815445,3.1648706167086607,0.5003559602939659,0.14760124602704483,0.8222222222222222,0.9393939393939394,False,0.6444444444444445,0.8181818181818181,False,0.8222222222222222,0.9393939393939394,False
5,4,0.6522440634593286,0.3781190581761377,1.7249700837712638,0.23678156748713458,0.062450621501542236,0.8,0.9,False,0.6,0.7,False,0.2,0.30000000000000004,False
4,4,0.3726021102827983,0.06065066607258687,6.143413327575393,0.7884097355452702,0.30740919211308637,1.0,1.0,True,0.6666666666666666,0.8,False,1.0,1.0,True
4,5,0.7745123791694595,0.04929629051290967,15.711372419612779,1.1962141231832921,0.19945018408387186,1.0,1.0,True,1.0,1.0,True,1.0,1.0,True
6,4,0.48216656602872854,0.016320216045617966,29.544128867622916,1.4704711889827364,0.39862666424348087,0.4666666666666667,0.7142857142857143,False,0.4666666666666667,0.7142857142857143,False,0.8666666666666667,0.9428571428571428,False
10,3,0.6121015097880481,0.1366037258780697,4.4808551585914955,0.6513609057873746,0.2931184715152652,0.7777777777777778,0.9030303030303031,False,0.6888888888888889,0.8424242424242424,False,0.8222222222222222,0.9393939393939394,False
8,4,0.7706266272411286,0.05667912995493536,13.596303045587412,1.1334208359315898,0.23561050505239947,0.7142857142857143,0.8809523809523809,False,0.7142857142857143,0.8809523809523809,False,0.9285714285714286,0.9761904761904762,False
4,4,0.2847648890739682,0.017579608962393502,16.198590632302565,1.209477230145075,0.4989866614608398,-0.3333333333333333,-0.6000000000000001,False,-0.6666666666666666,-0.8,False,1.0,1.0,True
5,5,0.24989422493796898,0.014536709543307276,17.190563254793112,1.2352901067301592,0.38175043179812757,0.4,0.6,False,0.4,0.6,False,0.6,0.8,False
10,4,0.41266385042550097,0.03866881546943389,10.671747903450083,1.0282355574426305,0.03535788369853202,0.9555555555555556,0.9878787878787879,False,0.9555555555555556,0.9878787878787879,False,0.9555555555555556,0.9878787878787879,False
6,3,0.679288898510604,0.08600625959562835,7.898133248631983,0.8975244564019734,0.27260141777288754,1.0,1.0,True,0.8666666666666667,0.9428571428571428,False,1.0,1.0,True
10,5,0.7389268926844611,0.376375045341414,1.963272809471757,0.2929806518241817,0.11929522097762763,0.9111111111111111,0.9757575757575757,False,0.7333333333333333,0.8545454545454545,False,0.9555555555555556,0.9878787878787879,False
6,4,0.3208338462926377,0.13421528229563714,2.3904419884431927,0.378478208644771,0.19474111663153912,0.6,0.7714285714285715,False,0.4666666666666667,0.7142857142857143,False,0.8666666666666667,0.9428571428571428,False
4,3,0.4050730579277405,0.06474658837659393,6.256284200881837,0.7963164689634393,0.09878172359831572,1.0,1.0,True,1.0,1.0,True,1.0,1.0,True
10,4,0.27530297051517927,0.03361854319802181,8.18902142443786,0.9132320073332417,0.29760746685818273,0.7333333333333333,0.8909090909090909,False,0.6444444444444445,0.8181818181818181,False,0.9111111111111111,0.9757575757575757,False
5,4,0.8265913142249578,0.5315746615047421,1.5549862965317978,0.19172656611729588,0.043543807705161905,1.0,1.0,True,1.0,1.0,True,1.0,1.0,True
5,4,0.6267811997070416,0.09894910644828182,6.334379583592397,0.8017040846311259,0.1685627974566201,0.8,0.9,False,0.8,0.9,False,1.0,1.0,True
10,5,0.7203198454946064,0.025360218606695926,28.40353455297167,1.4533723872772197,0.46119592458930897,0.37777777777777777,0.4181818181818182,False,0.37777777777777777,0.36969696969696975,False,0.9555555555555556,0.9878787878787879,False
6,4,0.6908035911023898,0.33687404886259775,2.0506286947086867,0.3118870302184615,0.07726786263194943,0.8666666666666667,0.9428571428571428,False,0.8666666666666667,0.9428571428571428,False,0.4666666666666667,0.6,False
6,3,0.5347886068465028,0.20910773167222665,2.55747887735791,0.40781205548887606,0.21548333880896328,0.7333333333333333,0.8285714285714285,False,0.7333333333333333,0.8285714285714285,False,0.8666666666666667,0.9428571428571428,False
4,3,0.402898217774511,0.040259348812460204,10.007569164650947,1.0003286002982468,0.06249662668277009,1.0,1.0,True,1.0,1.0,True,1.0,1.0,True
8,3,0.8624871329132989,0.26598943918659357,3.242561567660644,0.510888230936976,0.11133679037171838,1.0,1.0,True,0.9285714285714286,0.9761904761904762,False,0.9285714285714286,0.9761904761904762,False
4,5,0.7347330946321815,0.013643818988150634,53.85098521289608,1.7311936531977932,0.2400699379973381,0.6666666666666666,0.8,False,0.6666666666666666,0.8,False,1.0,1.0,True
8,5,0.6357440874001589,0.0688083125110703,9.239350075452542,0.965641422673369,0.21621914421570587,0.9285714285714286,0.9761904761904762,False,0.9285714285714286,0.9761904761904762,False,0.7857142857142857,0.9047619047619048,False
6,4,0.09458389208718167,0.02711576119673165,3.4881518316031643,0.5425953805587831,0.1407637770762898,1.0,1.0,True,1.0,1.0,True,1.0,1.0,True
10,5,0.5834481857628279,0.2569235125176847,2.2709022620901496,0.35619844291707037,0.1255527299280144,0.7333333333333333,0.9030303030303031,False,0.7333333333333333,0.8424242424242424,False,0.8666666666666667,0.9636363636363636,False
10,4,0.7400766314462215,0.003544062030841514,208.82157953134742,2.31977537645248,0.42582804355308784,0.5555555555555556,0.7333333333333334,False,0.5555555555555556,0.7333333333333334,False,1.0,1.0,True
10,3,0.11295151737452847,0.04532409431624221,2.4920854807143806,0.3965629349236761,0.21251382309694034,0.7333333333333333,0.8909090909090909,False,0.5111111111111111,0.6484848484848484,False,0.9555555555555556,0.9878787878787879,False
10,3,0.15145399433732426,0.12365797478907205,1.2247814554171708,0.08805860202808545,0.039527292227559935,1.0,1.0,True,0.9111111111111111,0.9757575757575757,False,0.9111111111111111,0.9757575757575757,False
6,3,0.09306687048180966,0.006224313250201367,14.952150819826851,1.1747036690481578,0.3041169690263701,0.8666666666666667,0.9428571428571428,False,0.8666666666666667,0.9428571428571428,False,0.8666666666666667,0.9428571428571428,False
6,5,0.6492474242327325,0.20540203965839074,3.160861621965153,0.4998054834598239,0.1635791204467819,0.8666666666666667,0.9428571428571428,False,0.8666666666666667,0.9428571428571428,False,1.0,1.0,True
8,5,0.42843315156647843,0.01755506799320224,24.405097816082133,1.3874805526563212,0.19821030994568928,0.7857142857142857,0.9047619047619048,False,0.7857142857142857,0.9047619047619048,False,0.8571428571428571,0.9285714285714286,False
8,3,0.8100475198737311,0.19959365638581983,4.058483293195598,0.6083637625273708,0.09560076276789577,0.8571428571428571,0.9523809523809523,False,0.8571428571428571,0.9285714285714286,False,1.0,1.0,True
6,3,0.036230738266848236,0.0023523132523245653,15.402174100597657,1.1875820281903628,0.26139749117776834,0.4666666666666667,0.6571428571428571,False,0.3333333333333333,0.4285714285714286,False,0.7333333333333333,0.8857142857142857,False
4,3,0.40683459538858635,0.07273968624460657,5.593021036891796,0.7476464528324215,0.044815471499620715,1.0,1.0,True,1.0,1.0,True,0.6666666666666666,0.8,False
6,4,0.22701127385558806,0.029008319878328928,7.825729818201374,0.8935248498910382,0.2082946441771725,0.7333333333333333,0.8857142857142857,False,0.7333333333333333,0.8857142857142857,False,1.0,1.0,True
10,4,0.24375247945383427,0.05282229792907883,4.614575454034408,0.6641317516346507,0.26444515948854797,0.9111111111111111,0.9636363636363636,False,0.8666666666666667,0.9515151515151515,False,0.9555555555555556,0.9878787878787879,False
6,4,0.5335325774544167,0.2168157168831634,2.4607652301307263,0.39107018171486624,0.03498260567389559,0.8666666666666667,0.9428571428571428,False,0.8666666666666667,0.9428571428571428,False,1.0,1.0,True
6,5,0.6203447736840122,0.013097426831051879,47.36386632570539,1.6754471467423875,0.31921637896577976,0.8666666666666667,0.9428571428571428,False,0.7333333333333333,0.8285714285714285,False,0.6,0.7714285714285715,False
10,4,0.5490357217589406,0.11723586350105658,4.683172071738178,0.6705401151669792,0.18187349555619126,0.7333333333333333,0.8787878787878788,False,0.5555555555555556,0.6848484848484848,False,0.9555555555555556,0.9878787878787879,False
4,5,0.20866400374967997,0.004787906355208849,43.58147136254851,1.6393018884583965,0.3903502119806004,-0.6666666666666666,-0.8,False,-1.0,-1.0,False,1.0,1.0,True
8,5,0.22424856503200538,0.08231852113754698,2.7241568717516396,0.4352321129964231,0.09746568055018315,1.0,1.0,True,1.0,1.0,True,0.9285714285714286,0.9761904761904762,False
4,3,0.05873226661885864,0.008930411430770092,6.576658541163915,0.8180052939593121,0.33384488269651863,0.6666666666666666,0.8,False,0.3333333333333333,0.4,False,1.0,1.0,True
5,5,0.38913821648650787,0.0822049300529249,4.733757649708362,0.6752060199452958,0.23496976185137233,0.8,0.9,False,0.8,0.9,False,0.8,0.9,False
10,3,0.5261740635713762,0.3223039148714781,1.6325400942758044,0.21286385610877315,0.03751779040451726,1.0,1.0,True,1.0,1.0,True,1.0,1.0,True
8,5,0.46478943152446645,0.17175719080355123,2.706084265510416,0.4323413160888013,0.05570399379333342,0.9285714285714286,0.9761904761904762,False,0.9285714285714286,0.9761904761904762,False,1.0,1.0,True
10,4,0.5260089628663509,0.07224766443797453,7.280636224727445,0.8621693321722792,0.22014550656031695,0.7333333333333333,0.8787878787878788,False,0.5555555555555556,0.7212121212121212,False,0.8666666666666667,0.9515151515151515,False
10,5,0.4296088256215418,0.0850963641281428,5.0484980177245244,0.7031621900715239,0.2860364415102433,0.5111111111111111,0.6363636363636364,False,0.4666666666666667,0.6121212121212121,False,0.7777777777777778,0.8909090909090909,False
8,5,0.7413947090078453,0.1394347698678981,5.317143706013449,0.7256783981146797,0.2322239591383794,0.7142857142857143,0.8809523809523809,False,0.7142857142857143,0.8809523809523809,False,1.0,1.0,True
8,4,0.4232654693443672,0.03302563521355008,12.816270348613598,1.10776165991937,0.4618256307933667,0.5,0.5952380952380952,False,0.5714285714285714,0.7380952380952381,False,0.8571428571428571,0.9523809523809523,False
8,4,0.6132265606300329,0.11121763317071687,5.513753018671315,0.7414473085542145,0.24411368493931723,0.5714285714285714,0.6904761904761905,False,0.5714285714285714,0.6904761904761905,False,0.6428571428571429,0.8095238095238095,False
6,5,0.7809964603143253,0.0317372017346088,24.608233164994374,1.3910804331160824,0.22366778348583538,0.8666666666666667,0.9428571428571428,False,0.8666666666666667,0.9428571428571428,False,0.6,0.7714285714285715,False
8,4,0.6969876600132575,0.090620829421247,7.691252270111646,0.8859970562802966,0.1400477382979215,0.9285714285714286,0.9761904761904762,False,0.9285714285714286,0.9761904761904762,False,0.9285714285714286,0.9761904761904762,False
6,5,0.6804285019176197,0.2860608821847394,2.3786142890932473,0.376324023500327,0.1429459081871305,1.0,1.0,True,0.7333333333333333,0.8285714285714285,False,0.8666666666666667,0.9428571428571428,False
5,5,0.5408904930144209,0.00014021795740110568,3857.49799228396,3.5863057086975387,0.24322975435104227,1.0,1.0,True,1.0,1.0,True,1.0,1.0,True
6,4,0.061030589935868976,0.005881857248617392,10.376074655643665,1.0160330878271269,0.41326388843764694,0.3333333333333333,0.48571428571428577,False,0.06666666666666667,-0.02857142857142847,False,0.8666666666666667,0.9428571428571428,False
6,4,0.27701273338353344,0.078030973867323,3.5500355775514407,0.5502327054654733,0.1776027497709343,0.8666666666666667,0.9428571428571428,False,0.7333333333333333,0.8285714285714285,False,0.6,0.7714285714285715,False
6,5,0.3354128179871621,0.03281397702042936,10.22164481215181,1.009520785756122,0.3454784742440404,0.4666666666666667,0.5428571428571429,False,0.2,0.4285714285714286,False,0.8666666666666667,0.9428571428571428,False
6,4,0.7765176481285472,0.34351139068718534,2.2605295462630335,0.35421018785566455,0.018398713657362297,0.8666666666666667,0.9428571428571428,False,0.7333333333333333,0.8857142857142857,False,0.7333333333333333,0.8857142857142857,False
8,3,0.4332728783610623,0.039283381217707726,11.029419182346935,1.0425526427626446,0.25634761523966887,0.5714285714285714,0.7142857142857143,False,0.5,0.6190476190476191,False,0.6428571428571429,0.7857142857142857,False
10,5,0.728757172959816,0.010163511661849957,71.70328496041344,1.8555390525646038,0.36546991763209985,0.7333333333333333,0.8909090909090909,False,0.7777777777777778,0.9030303030303031,False,0.8222222222222222,0.9151515151515152,False
6,4,0.5056764798113516,0.0523184230919027,9.665361643515391,0.9852181084261139,0.4579821900672522,1.0,1.0,True,1.0,1.0,True,0.8666666666666667,0.9428571428571428,False
5,5,0.3824131099149782,0.018067189205888772,21.16616511489066,1.3256421796865137,0.5458716534135578,0.0,0.09999999999999998,False,-0.2,0.0,False,1.0,1.0,True
5,3,0.5500418686968893,0.011099658169984674,49.55484756591328,1.6950861445559515,0.12209543195437599,0.8,0.9,False,0.8,0.9,False,0.8,0.9,False
4,3,0.25755775183762275,0.09362484226909731,2.750955254958904,0.43948352652836864,0.2107494945028163,1.0,1.0,True,1.0,1.0,True,0.6666666666666666,0.8,False
4,3,0.37761195517404345,0.027958276348795514,13.506267355312314,1.1305353422883273,0.05137766210628797,0.6666666666666666,0.8,False,0.6666666666666666,0.8,False,1.0,1.0,True
4,4,0.15526918756830818,0.028031258198078463,5.539144424612831,0.743442688850366,0.3847026295885712,0.0,-0.19999999999999996,False,0.0,-0.19999999999999996,False,0.6666666666666666,0.8,False
4,3,0.311311126604066,0.05531023728045934,5.628454006080015,0.7503891215244112,0.2191506932088621,0.6666666666666666,0.8,False,0.6666666666666666,0.8,False,0.6666666666666666,0.8,False
4,5,0.23111350406982492,0.004846805282520051,47.683678330476674,1.6783697496057561,0.07548031683226401,1.0,1.0,True,1.0,1.0,True,1.0,1.0,True
10,4,0.23102394189210806,0.0596249747612947,3.8746170176696104,0.5882287815951819,0.15882580018131975,0.9555555555555556,0.9878787878787879,False,0.9555555555555556,0.9878787878787879,False,0.9555555555555556,0.9878787878787879,False
5,4,0.8521685601235057,0.05641494585096096,15.105368750325313,1.1791313316799203,0.2416199142645274,0.2,0.30000000000000004,False,0.2,0.30000000000000004,False,1.0,1.0,True
6,4,0.1771366425511119,0.026126677809196707,6.779914531727378,0.8312242191424121,0.3480641797910665,0.06666666666666667,0.08571428571428574,False,0.06666666666666667,0.08571428571428574,False,0.7333333333333333,0.8285714285714285,False
6,4,0.42312289702066286,0.36579889966823625,1.1567090480678326,0.06322413275547309,0.03181564235288352,1.0,1.0,True,0.8666666666666667,0.9428571428571428,False,1.0,1.0,True
5,4,0.8596668151610194,0.15796782034640588,5.442037582530565,0.7357615366773443,0.09450937618790888,1.0,1.0,True,1.0,1.0,True,1.0,1.0,True
6,5,0.8162147473905382,0.024932277686942,32.73727164467145,1.515042482069257,0.2289591555294586,0.8666666666666667,0.9428571428571428,False,0.7333333333333333,0.8285714285714285,False,1.0,1.0,True
4,5,0.34456153545380197,0.10143640853699516,3.3968230975443015,0.5310729299254124,0.12371781109368175,1.0,1.0,True,1.0,1.0,True,1.0,1.0,True
4,3,0.1268470021290471,0.020817948332283745,6.0931557758861405,0.784842281315502,0.32185207672405935,1.0,1.0,True,1.0,1.0,True,1.0,1.0,True
10,4,0.6940780031776487,0.3717120170061764,1.8672466087214195,0.271201679349264,0.1480053564580974,0.8666666666666667,0.9515151515151515,False,0.9111111111111111,0.9636363636363636,False,0.9555555555555556,0.9878787878787879,False
8,4,0.6497143001602154,0.5494209769043216,1.1825436731953842,0.07281718888343655,0.021696215022877385,1.0,1.0,True,1.0,1.0,True,0.9285714285714286,0.9761904761904762,False
5,4,0.15562874026206508,0.002119162531906054,73.43879379022806,1.8659255350974617,0.2638051994874203,1.0,1.0,True,1.0,1.0,True,1.0,1.0,True
5,4,0.5103262354517143,0.016222137125077498,31.458631589998824,1.4977398274469058,0.11237149105201653,1.0,1.0,True,1.0,1.0,True,1.0,1.0,True
6,4,0.8974970323311384,0.00565358926465547,158.7481845883765,2.2007087674899433,0.27145277957235636,0.7333333333333333,0.8857142857142857,False,0.7333333333333333,0.8857142857142857,False,1.0,1.0,True
5,4,0.16571065439205196,0.0143949134529549,11.51175065568207,1.0611413742195381,0.4855044674198493,0.2,0.30000000000000004,False,0.2,0.30000000000000004,False,0.6,0.7,False
6,5,0.16414242153546343,0.0010300566301088793,159.35281282424287,2.202359733848444,0.5098023533694673,0.6,0.7714285714285715,False,0.6,0.7714285714285715,False,0.8666666666666667,0.9428571428571428,False
8,3,0.4577425204611439,0.05780435034587785,7.918824754785392,0.8986607320459918,0.39990340108220096,0.6428571428571429,0.8333333333333334,False,0.6428571428571429,0.8333333333333334,False,0.8571428571428571,0.9523809523809523,False
6,5,0.7328678196624941,0.01792578726284896,40.883438416145495,1.6115474140924562,0.4033738854266756,0.2,0.4285714285714286,False,0.2,0.4285714285714286,False,1.0,1.0,True
4,3,0.06232031472239092,0.008694372092573613,7.167891372909444,0.8553914151106143,0.34303805536709325,0.6666666666666666,0.8,False,0.3333333333333333,0.6,False,1.0,1.0,True
6,5,0.759386266308427,0.0681369029788025,11.14500708277757,1.0470803488153806,0.31048376741183115,1.0,1.0,True,0.8666666666666667,0.9428571428571428,False,1.0,1.0,True
5,5,0.2305646919503645,0.02539413488564167,9.079446611573712,0.9580593792629517,0.17491049397472247,0.8,0.9,False,0.8,0.9,False,0.8,0.9,False
10,5,0.25531239594481714,0.0037327313818556695,68.39827722869634,1.8350451631310352,0.2968803309874062,0.7777777777777778,0.9272727272727272,False,0.6888888888888889,0.8909090909090909,False,0.9555555555555556,0.9878787878787879,False
10,5,0.4747106066562641,0.17187988937859958,2.7618740526872103,0.4412038699449609,0.1575932781645603,0.7333333333333333,0.8909090909090909,False,0.7333333333333333,0.8909090909090909,False,0.8222222222222222,0.9393939393939394,False
8,3,0.12899657546565513,0.03073754240746137,4.196710776400432,0.6229090400855709,0.26238146686105274,0.8571428571428571,0.9523809523809523,False,0.7857142857142857,0.9285714285714286,False,0.8571428571428571,0.9523809523809523,False
6,4,0.5433970686666437,0.031800924731349295,17.08746123705882,1.2326775423790652,0.2074327213484446,0.6,0.7714285714285715,False,0.6,0.7714285714285715,False,0.7333333333333333,0.8857142857142857,False
8,3,0.40878904190089616,0.22325250704263558,1.831061372229055,0.26270290092307114,0.056713613973929586,1.0,1.0,True,0.9285714285714286,0.9761904761904762,False,0.9285714285714286,0.9761904761904762,False
6,4,0.711058213005704,0.3180227315271365,2.2358722899743237,0.34944699360463055,0.010541708407001575,0.8666666666666667,0.9428571428571428,False,1.0,1.0,True,1.0,1.0,True
4,4,0.5020098595989342,0.015147467550364363,33.1415042083201,1.520372216049151,0.36582472479459394,1.0,1.0,True,1.0,1.0,True,1.0,1.0,True
5,5,0.48207146574015747,0.05498427964826136,8.767441690883977,0.9428728862260191,0.19390547849730144,1.0,1.0,True,1.0,1.0,True,0.8,0.9,False
10,4,0.5912997994869269,0.23024126632933548,2.568174719116458,0.40962456650233275,0.18869744559030577,0.7777777777777778,0.9030303030303031,False,0.7777777777777778,0.9030303030303031,False,0.9111111111111111,0.9636363636363636,False
6,4,0.6878295511333804,0.11170205950424039,6.157715929141947,0.7894196499371418,0.2676662317495673,0.6,0.6571428571428571,False,0.3333333333333333,0.4285714285714286,False,0.7333333333333333,0.8857142857142857,False
8,5,0.05358406681733448,0.011997313827230004,4.466338680851185,0.6499516523780231,0.14996931553539844,0.6428571428571429,0.8095238095238095,False,0.5714285714285714,0.7619047619047619,False,0.7142857142857143,0.8809523809523809,False
8,5,0.48407318338226557,0.16922115111926855,2.860595027144248,0.45645637932730926,0.19610631377113288,0.7142857142857143,0.8809523809523809,False,0.7142857142857143,0.8809523809523809,False,0.9285714285714286,0.9761904761904762,False
10,4,0.24101546168125793,0.007912630622496987,30.45958710186084,1.4837240119153616,0.10831277618876953,1.0,1.0,True,0.8666666666666667,0.9515151515151515,False,0.9111111111111111,0.9757575757575757,False
5,4,0.2165532482727515,0.03312710174248913,6.537041783780959,0.8153812609193384,0.36595627938409486,1.0,1.0,True,1.0,1.0,True,1.0,1.0,True
4,4,0.6194482485628611,0.07401404066968123,8.369334290490096,0.9226909149269902,0.2515551703490063,0.6666666666666666,0.8,False,0.6666666666666666,0.8,False,1.0,1.0,True
8,4,0.47082241440226663,0.11988583265590726,3.927256490345109,0.5940892661046246,0.16662508556262812,0.8571428571428571,0.9523809523809523,False,0.7857142857142857,0.9047619047619048,False,0.9285714285714286,0.9761904761904762,False
8,4,0.7071911816619049,0.08505027087617646,8.314978592874558,0.9198611354547057,0.07991482601415195,0.8571428571428571,0.9523809523809523,False,0.9285714285714286,0.9761904761904762,False,0.9285714285714286,0.9761904761904762,False
6,5,0.5611172482477499,0.03775678675812302,14.861361265393416,1.1720585915895725,0.14652772626996635,0.8666666666666667,0.9428571428571428,False,0.8666666666666667,0.9428571428571428,False,0.8666666666666667,0.9428571428571428,False
4,3,0.6570910532593132,0.0819819348368345,8.015071302709325,0.903907390225468,0.39196622513787527,1.0,1.0,True,1.0,1.0,True,0.6666666666666666,0.8,False
10,5,0.7444137529130178,0.033604812749946845,22.151998239955773,1.3454129082314903,0.42204622977482886,0.5555555555555556,0.7090909090909091,False,0.5555555555555556,0.6606060606060606,False,0.9111111111111111,0.9636363636363636,False
8,4,0.41159483562737953,0.0188262061541427,21.86286669951,1.3397071068429653,0.18071660269278667,0.6428571428571429,0.7857142857142857,False,0.7142857142857143,0.8333333333333334,False,0.9285714285714286,0.9761904761904762,False
10,3,0.36272760241909713,0.0033763949083274905,107.4304434641341,2.031127368467569,0.4507881375253512,0.6,0.7333333333333334,False,0.6,0.7333333333333334,False,1.0,1.0,True
8,3,0.21864074098863015,0.11627793047681954,1.8803287957583377,0.27423379697550987,0.10298887326876359,0.8571428571428571,0.9285714285714286,False,0.9285714285714286,0.9761904761904762,False,0.7142857142857143,0.8809523809523809,False
4,4,0.5826782131732088,0.07878004031968046,7.396267008767328,0.8690125810081105,0.37727446970903533,1.0,1.0,True,1.0,1.0,True,1.0,1.0,True
5,5,0.8119568602761207,0.04074683796993786,19.926867965932427,1.2994390432060197,0.08644658895606995,1.0,1.0,True,1.0,1.0,True,1.0,1.0,True
10,3,0.05749149883593105,0.007015652629377645,8.194747069858323,0.9135355536527027,0.23501281292799736,0.6444444444444445,0.8181818181818181,False,0.6,0.7818181818181819,False,1.0,1.0,True
5,4,0.48731952564955683,0.1861593654406721,2.6177545486006983,0.4179289228924767,0.19418816069939668,1.0,1.0,True,1.0,1.0,True,1.0,1.0,True
4,3,0.145409588043387,0.05625191038355697,2.5849715511760962,0.41245576784186655,0.0971753265515419,0.6666666666666666,0.8,False,0.6666666666666666,0.8,False,1.0,1.0,True
10,4,0.2221267343808531,0.10302128866245529,2.156124595824902,0.3336738537854481,0.04192862485080238,0.9555555555555556,0.9878787878787879,False,0.9111111111111111,0.9757575757575757,False,0.8666666666666667,0.9636363636363636,False
8,5,0.10211650282693431,0.04789466221701015,2.1321061282802987,0.32880881844992466,0.08202692217564342,1.0,1.0,True,0.7142857142857143,0.8809523809523809,False,0.7142857142857143,0.8809523809523809,False
4,5,0.6791428358283285,0.29937687140891234,2.2685213878744612,0.3557428781984961,0.15640757625319485,0.6666666666666666,0.8,False,1.0,1.0,True,1.0,1.0,True
8,5,0.17662972686825984,0.051655419887804276,3.4193842049581775,0.5339479012408022,0.0841256148782539,0.8571428571428571,0.9523809523809523,False,0.7142857142857143,0.8333333333333334,False,0.5714285714285714,0.7619047619047619,False
4,4,0.7106657862559574,0.19986158346334162,3.555789831830043,0.5509360836891004,0.1775961850681244,1.0,1.0,True,1.0,1.0,True,1.0,1.0,True
8,5,0.5959450237500971,0.11285671753998569,5.280545427290761,0.7226787831074443,0.23317094572236471,0.42857142857142855,0.6190476190476191,False,0.2857142857142857,0.4285714285714286,False,0.8571428571428571,0.9523809523809523,False
6,4,0.49774757134310077,0.015576360578137766,31.955319011410154,1.5045431574878774,0.605304329330058,0.4666666666666667,0.7142857142857143,False,0.4666666666666667,0.7142857142857143,False,0.7333333333333333,0.8857142857142857,False
5,3,0.2753911329046489,0.16198102690355778,1.7001443821375106,0.23048580473297697,0.020433859383077027,1.0,1.0,True,1.0,1.0,True,1.0,1.0,True
5,4,0.19444146180721553,0.030955407174001814,6.2813407915447375,0.7980523565106391,0.34193923314947566,0.0,0.0,False,-0.2,-0.19999999999999996,False,1.0,1.0,True
10,3,0.15654890088855244,0.018061663451072744,8.667468602986677,0.9378922771442023,0.17601083571186257,0.7777777777777778,0.9151515151515152,False,0.7777777777777778,0.9151515151515152,False,0.8222222222222222,0.9272727272727272,False
10,3,0.5449235742270508,0.26041562469701707,2.092514897517976,0.3206685586064302,0.14744072584453263,0.9555555555555556,0.9878787878787879,False,0.9111111111111111,0.9757575757575757,False,0.9111111111111111,0.9757575757575757,False
4,4,0.397264037474594,0.07651443645586034,5.192014159296274,0.7153358681713295,0.3327853996915092,1.0,1.0,True,1.0,1.0,True,1.0,1.0,True
8,5,0.8184671005991031,0.2520896557651852,3.24673020839156,0.5114462018151495,0.18716211771926095,0.7857142857142857,0.9047619047619048,False,0.5714285714285714,0.7142857142857143,False,0.7857142857142857,0.9047619047619048,False
8,4,0.4611582425262759,0.23482459378991793,1.9638413297411255,0.2931063956700742,0.14121093216495742,0.6428571428571429,0.7857142857142857,False,0.7142857142857143,0.8095238095238095,False,1.0,1.0,True
10,3,0.11345558566137696,0.01642639275562583,6.90690812902991,0.8392836793562684,0.3814070582983497,0.5555555555555556,0.6848484848484848,False,0.5555555555555556,0.6848484848484848,False,1.0,1.0,True
6,4,0.529666437548463,0.005991355248382096,88.40511295054466,1.9464773833614213,0.1615150232884267,1.0,1.0,True,1.0,1.0,True,0.8666666666666667,0.9428571428571428,False
10,4,0.6439815716220272,0.4531079261810283,1.4212542628603648,0.15267178030543563,0.07795257071545436,0.9555555555555556,0.9878787878787879,False,0.9555555555555556,0.9878787878787879,False,1.0,1.0,True
5,4,0.47774009083122143,0.04710857776282799,10.141254809820454,1.0060916949642638,0.12021068539278155,1.0,1.0,True,1.0,1.0,True,1.0,1.0,True
4,4,0.43981765127824235,0.06379524424550599,6.894207498897235,0.8384843504774881,0.21441795235410677,0.6666666666666666,0.8,False,0.6666666666666666,0.8,False,0.6666666666666666,0.8,False
5,5,0.7352941792042235,0.19276755182727134,3.814408453240443,0.581427196179978,0.10810757674391915,0.6,0.8,False,0.6,0.8,False,1.0,1.0,True
10,4,0.5659591007265362,0.06781546500442028,8.345575757407264,0.9214563038240533,0.19952017666562305,0.6888888888888889,0.8303030303030303,False,0.5555555555555556,0.7696969696969697,False,1.0,1.0,True
10,3,0.22758493125570792,0.06464196203576696,3.520699621188207,0.5466289735435531,0.20232364512625173,0.6888888888888889,0.8666666666666667,False,0.6,0.793939393939394,False,1.0,1.0,True
4,3,0.3014295917331145,0.08361769823476255,3.6048539734163088,0.5568876768712647,0.14169171188733115,1.0,1.0,True,0.6666666666666666,0.8,False,1.0,1.0,True
6,3,0.27594507717567784,0.2006543234354348,1.3752261723037051,0.13837412893417184,0.02022820480009587,1.0,1.0,True,0.8666666666666667,0.9428571428571428,False,0.8666666666666667,0.9428571428571428,False
10,4,0.3932666286762902,0.1950130066479247,2.0166174320068544,0.3046235169896203,0.1274456393057698,0.9111111111111111,0.9757575757575757,False,0.7777777777777778,0.8666666666666667,False,0.7777777777777778,0.9151515151515152,False
5,5,0.6851329378477113,0.3592618107360167,1.9070575200914845,0.280363792302218,0.016722557393890163,1.0,1.0,True,1.0,1.0,True,1.0,1.0,True
6,4,0.23728448259554302,0.009708513462873448,24.440866614493274,1.3881166008839279,0.5016939064197845,0.06666666666666667,0.1428571428571429,False,0.06666666666666667,0.1428571428571429,False,0.6,0.7142857142857143,False
6,3,0.1524843467880342,0.06777793108788682,2.2497639620787453,0.35213695573623405,0.15068848995368303,0.7333333333333333,0.8857142857142857,False,1.0,1.0,True,0.7333333333333333,0.8285714285714285,False
5,3,0.358883713662477,0.07598655020158754,4.722989959481751,0.67421702231896,0.3439629193770767,1.0,1.0,True,1.0,1.0,True,0.8,0.9,False
5,3,0.08128187392216646,0.049682026254494645,1.6360418454788161,0.2137944075432072,0.07556185011614801,1.0,1.0,True,1.0,1.0,True,1.0,1.0,True
10,5,0.3540169604735333,0.0352310995099889,10.048422143711758,1.0020978718980473,0.14866455791230446,0.8666666666666667,0.9515151515151515,False,0.8222222222222222,0.9151515151515152,False,0.8666666666666667,0.9272727272727272,False
6,5,0.11730302002933944,0.003717932999331353,31.550600836240204,1.4990076341785372,0.40031155972768373,0.8666666666666667,0.9428571428571428,False,0.8666666666666667,0.9428571428571428,False,0.8666666666666667,0.9428571428571428,False
5,3,0.7679136870848001,0.31465352715871975,2.4405055745489967,0.3874798039995482,0.13522109814019506,1.0,1.0,True,1.0,1.0,True,0.8,0.9,False
8,3,0.8697589376543489,0.4053800353875352,2.1455396460773684,0.3315365439973545,0.17868271292651558,0.7857142857142857,0.9047619047619048,False,0.9285714285714286,0.9761904761904762,False,0.9285714285714286,0.9761904761904762,False
4,4,0.8694944282038725,0.05349508884143584,16.25372435149845,1.2109528902366549,0.3566455694732378,0.6666666666666666,0.8,False,0.3333333333333333,0.4,False,1.0,1.0,True
5,4,0.17398768247130028,0.031650781015103414,5.497105502160535,0.7401340721606477,0.1894490076642233,0.8,0.9,False,0.8,0.9,False,0.8,0.9,False
10,5,0.5380827032863885,0.026084880061930285,20.62814557660428,1.314460187641253,0.1740272912064411,0.9111111111111111,0.9757575757575757,False,0.8666666666666667,0.9636363636363636,False,0.9111111111111111,0.9757575757575757,False
5,3,0.8197881580980996,0.11968400682022691,6.849604887665773,0.8356655203894279,0.37043903740149975,1.0,1.0,True,0.8,0.9,False,0.8,0.9,False
10,5,0.1632175550414827,0.023121570962929067,7.05910317668774,0.8487495296416361,0.14028642024584304,0.7777777777777778,0.8909090909090909,False,0.8222222222222222,0.9151515151515152,False,0.8666666666666667,0.9515151515151515,False
8,5,0.4590614971212747,0.055171526420508876,8.320623460987068,0.9201558690217252,0.3615598178869657,0.5714285714285714,0.7142857142857143,False,0.42857142857142855,0.5476190476190477,False,0.8571428571428571,0.9523809523809523,False
8,4,0.6914998515570812,0.12994770990644067,5.321370049919492,0.7260234609638123,0.34913840909879823,0.5,0.6666666666666667,False,0.42857142857142855,0.6428571428571428,False,0.8571428571428571,0.9285714285714286,False
4,3,0.840198896980019,0.20740441526863734,4.051017409092827,0.6075641095515724,0.19507603977509444,0.6666666666666666,0.8,False,0.6666666666666666,0.8,False,1.0,1.0,True
8,4,0.29335994279002725,0.03587294821487733,8.177748341860188,0.9126337416520288,0.3363452430650211,0.7142857142857143,0.8809523809523809,False,0.6428571428571429,0.8095238095238095,False,0.9285714285714286,0.9761904761904762,False
8,3,0.5052455617646938,0.05392409637752037,9.369569370585666,0.9717196309863819,0.04808349823840967,0.9285714285714286,0.9761904761904762,False,0.9285714285714286,0.9761904761904762,False,0.9285714285714286,0.9761904761904762,False
8,4,0.5812817772018193,0.3410122017885402,1.7045776489856055,0.23161678952377035,0.11290206642468227,0.5714285714285714,0.6904761904761905,False,0.7142857142857143,0.8809523809523809,False,0.9285714285714286,0.9761904761904762,False
5,5,0.5199364539886447,0.1770739895847966,2.9362666713776338,0.46779549560661,0.036840965704811546,0.8,0.9,False,1.0,1.0,True,0.8,0.9,False
5,5,0.8578468992982029,0.0191875229647991,44.70857967582771,1.6503908732062456,0.4817385840443204,0.8,0.9,False,0.6,0.8,False,1.0,1.0,True
5,4,0.7537836181478218,0.27946161738863645,2.6972706491455924,0.43092452655415286,0.09172444695803703,0.8,0.9,False,0.8,0.9,False,1.0,1.0,True
6,4,0.25188995285468835,0.16030647720940655,1.5713024029844784,0.19625977467014435,0.047341817618084855,1.0,1.0,True,1.0,1.0,True,0.8666666666666667,0.9428571428571428,False
6,3,0.46801138080436017,0.03518744049365339,13.300523545481317,1.1238687363384008,0.2601524375212081,0.7333333333333333,0.8857142857142857,False,0.7333333333333333,0.8857142857142857,False,0.8666666666666667,0.9428571428571428,False
8,4,0.30988403619761656,0.059516674826830644,5.2066758953528,0.7165605445970181,0.35000522849329035,0.14285714285714285,0.2142857142857143,False,0.07142857142857142,0.0714285714285714,False,0.8571428571428571,0.9523809523809523,False
8,5,0.45429213411557146,0.006834031853332585,66.47498047987045,1.822658218474672,0.2279319769126893,0.8571428571428571,0.9523809523809523,False,0.9285714285714286,0.9761904761904762,False,0.9285714285714286,0.9761904761904762,False
5,4,0.3350884930162968,0.10247879002642954,3.269832644653657,0.5145255253320351,0.12562045868211064,1.0,1.0,True,1.0,1.0,True,1.0,1.0,True
10,3,0.06552198907035987,0.020499267055228768,3.1963088675626974,0.5046487396647285,0.19452881240290543,0.7777777777777778,0.8909090909090909,False,0.6888888888888889,0.8303030303030303,False,0.9555555555555556,0.9878787878787879,False
8,4,0.6148389244171285,0.01168216015887627,52.63058509751166,1.721238198123077,0.013810730865727903,1.0,1.0,True,1.0,1.0,True,1.0,1.0,True
5,4,0.4086177116471972,0.11888052852994128,3.4372131138434954,0.5362064600676645,0.13740494636003822,0.8,0.9,False,0.8,0.9,False,1.0,1.0,True
6,5,0.8959449578145937,0.1538892811737571,5.822010155451672,0.765072958652221,0.22578830317643198,0.6,0.7142857142857143,False,0.6,0.7142857142857143,False,1.0,1.0,True
5,4,0.5707319920928556,0.04944189427193134,11.543489594922791,1.0623371158150747,0.4257915388090728,0.8,0.9,False,0.8,0.9,False,1.0,1.0,True
4,5,0.260630126718283,0.01104111175644449,23.605424204003068,1.3730118093765669,0.3623082461508286,0.6666666666666666,0.8,False,0.6666666666666666,0.8,False,0.6666666666666666,0.8,False
8,4,0.11893988787599158,0.012925476187448956,9.20197338511087,0.9638809728196488,0.4564647181921873,0.2857142857142857,0.3571428571428571,False,0.14285714285714285,0.16666666666666663,False,0.9285714285714286,0.9761904761904762,False
4,5,0.2301249781478278,0.011349531635417421,20.276165177549895,1.3069858204980134,0.4885220875748499,0.6666666666666666,0.8,False,0.3333333333333333,0.4,False,1.0,1.0,True
10,5,0.22089901439643309,0.06616873757367724,3.33841965999622,0.5235409292769605,0.09340173331776562,0.9555555555555556,0.9878787878787879,False,0.7777777777777778,0.8666666666666667,False,0.8666666666666667,0.9272727272727272,False
10,5,0.05835204380647267,0.004598193700666147,12.69021002428169,1.1034688097725465,0.28329322406595264,0.7777777777777778,0.9151515151515152,False,0.6888888888888889,0.8181818181818181,False,0.9111111111111111,0.9636363636363636,False
6,4,0.5091278287166777,0.011582481484882619,43.95671422719142,1.6430252213690093,0.43369443997677104,1.0,1.0,True,1.0,1.0,True,1.0,1.0,True
4,4,0.4911821049359399,0.23122984645457045,2.1242158504409066,0.3271986451271572,0.07291489857254138,1.0,1.0,True,1.0,1.0,True,1.0,1.0,True
6,4,0.3881481065817216,0.10780695744283925,3.600399415630691,0.5563506825401474,0.24228134985138217,0.7333333333333333,0.8857142857142857,False,0.6,0.7714285714285715,False,0.7333333333333333,0.8285714285714285,False
4,3,0.4118870976719469,0.06008768310342303,6.854767506281634,0.8359927293733418,0.29850782428892136,1.0,1.0,True,1.0,1.0,True,1.0,1.0,True
8,5,0.4622602091368541,0.2515945233668848,1.8373222236675288,0.26418532815606344,0.043875225023612685,1.0,1.0,True,0.7857142857142857,0.9047619047619048,False,0.8571428571428571,0.9523809523809523,False
5,3,0.34978344385219245,0.21441503205705792,1.6313382531756464,0.21254402005733383,0.07522658777103297,0.8,0.9,False,1.0,1.0,True,1.0,1.0,True
6,5,0.7478415930485612,0.34885979063558825,2.1436737999639446,0.33115870002551767,0.01690101477761579,0.8666666666666667,0.9428571428571428,False,1.0,1.0,True,1.0,1.0,True
6,5,0.5796013476560782,0.19152007921219,3.026321574412554,0.4809150739094612,0.13044199954878377,0.8666666666666667,0.9428571428571428,False,0.7333333333333333,0.8857142857142857,False,1.0,1.0,True
6,4,0.6750578024278562,0.024522386607076088,27.528226074273533,1.439778226250709,0.46531733796525554,0.3333333333333333,0.48571428571428577,False,0.3333333333333333,0.48571428571428577,False,1.0,1.0,True
10,3,0.01411972634189213,0.009252945722812959,1.52597094626355,0.18354626494419768,0.10392069755219217,0.9111111111111111,0.9757575757575757,False,0.9555555555555556,0.9878787878787879,False,0.7777777777777778,0.8909090909090909,False
8,3,0.25878141860757964,0.09329642525003835,2.773754920526277,0.4430680856611606,0.2481730937609772,0.7142857142857143,0.8333333333333334,False,0.9285714285714286,0.9761904761904762,False,0.8571428571428571,0.9285714285714286,False
4,5,0.7976553741711592,0.05991425597991029,13.313281807677056,1.1242851249924248,0.2367663026299448,1.0,1.0,True,1.0,1.0,True,1.0,1.0,True
5,4,0.5003132744611093,0.05768834952523425,8.672691775201296,0.9381539119722513,0.2760227755743684,0.8,0.9,False,0.8,0.9,False,0.8,0.9,False
4,4,0.5854362635115814,0.11404728178614362,5.1332767808024755,0.7103946815867919,0.21341813126700687,1.0,1.0,True,0.6666666666666666,0.8,False,0.6666666666666666,0.8,False
8,3,0.25555763463227865,0.07512306901166735,3.4018529592978446,0.5317155378639541,0.16540138922608724,0.6428571428571429,0.8333333333333334,False,0.5,0.7142857142857143,False,0.8571428571428571,0.9523809523809523,False
6,3,0.36274528304808895,0.10739498499592814,3.3776743211842217,0.528617772135148,0.06839547167933958,1.0,1.0,True,1.0,1.0,True,1.0,1.0,True
10,5,0.21883897912237724,0.06052311206481146,3.6157919124254003,0.5582034290251815,0.23261881615529945,0.37777777777777777,0.3939393939393939,False,0.28888888888888886,0.34545454545454546,False,0.7333333333333333,0.8787878787878788,False
5,4,0.815282408420666,0.0015826230059049328,515.146313975985,2.7119305966676355,0.390795623385923,0.8,0.9,False,0.8,0.9,False,0.8,0.9,False
8,5,0.4137437283889999,0.1285971158553746,3.217363979228703,0.5075001952596879,0.17115017001210547,0.7857142857142857,0.9047619047619048,False,0.9285714285714286,0.9761904761904762,False,0.9285714285714286,0.9761904761904762,False
8,3,0.4988972712534319,0.20535331869096682,2.4294580405675625,0.38550940271685424,0.07990863502049582,1.0,1.0,True,1.0,1.0,True,1.0,1.0,True
5,5,0.9662300727514795,0.12067762687856089,8.006704289236644,0.9034537890511567,0.21755477799192843,0.6,0.7,False,0.6,0.7,False,1.0,1.0,True
8,4,0.21655912819449644,0.07739799656241271,2.7979939767183515,0.446846775244873,0.13865587842278349,1.0,1.0,True,0.9285714285714286,0.9761904761904762,False,0.9285714285714286,0.9761904761904762,False
6,3,0.7162629490556754,0.1608330194918372,4.4534570781193015,0.6486972709942052,0.2073097692407868,0.7333333333333333,0.8857142857142857,False,0.8666666666666667,0.9428571428571428,False,1.0,1.0,True
5,4,0.2851512642347252,0.014367175191558345,19.847413316322807,1.2977039138372382,0.16100058526945776,0.8,0.9,False,1.0,1.0,True,1.0,1.0,True
8,3,0.698834737981283,0.136584340218565,5.11650703776053,0.7089735758359821,0.30356802756856494,0.9285714285714286,0.9761904761904762,False,1.0,1.0,True,1.0,1.0,True
5,4,0.2270437324324137,0.08302162141723284,2.734754255022913,0.43691830672702,0.21176186739321745,0.6,0.8,False,0.2,0.30000000000000004,False,1.0,1.0,True
5,4,0.6805415102925415,0.028747623116014972,23.672966196977402,1.3742526779658777,0.18471843399030705,0.6,0.8,False,0.6,0.8,False,0.8,0.9,False
6,3,0.5147091646886973,0.3134693126960195,1.641976244054818,0.21536686950051223,0.06968400910953551,1.0,1.0,True,0.8666666666666667,0.9428571428571428,False,0.8666666666666667,0.9428571428571428,False
8,5,0.28008835810587274,0.07492777277952886,3.738111353266569,0.572652234279013,0.19956553964038493,0.8571428571428571,0.9523809523809523,False,0.6428571428571429,0.8095238095238095,False,0.7857142857142857,0.9047619047619048,False
4,5,0.07385344256164893,0.0030183006738441634,24.468550524861815,1.3886082432504805,0.356006724493244,0.6666666666666666,0.8,False,0.6666666666666666,0.8,False,0.6666666666666666,0.8,False
4,5,0.17703676784905106,0.023557909777804774,7.5149607716187266,0.8759267178951177,0.286838473370497,0.6666666666666666,0.8,False,0.6666666666666666,0.8,False,1.0,1.0,True
6,3,0.7293731651773332,0.42548258620387686,1.7142256553506237,0.23406799052944258,0.1081909839535959,1.0,1.0,True,1.0,1.0,True,1.0,1.0,True
4,4,0.13736869805402382,0.052827304509907254,2.60033517374829,0.4150293305583625,0.17914222058265517,1.0,1.0,True,1.0,1.0,True,0.6666666666666666,0.8,False
6,5,0.28467354864794603,0.10007605274977122,2.8445721111412663,0.45401694779750684,0.13188692371290642,0.8666666666666667,0.9428571428571428,False,1.0,1.0,True,0.8666666666666667,0.9428571428571428,False
10,5,0.4251630232020532,0.005227393886509525,81.33364968305699,1.9102702608240525,0.38610170130965427,0.4666666666666667,0.5636363636363637,False,0.5111111111111111,0.5757575757575757,False,0.9111111111111111,0.9636363636363636,False
4,4,0.2740791052751191,0.17168929700306368,1.596366867694915,0.2031327055022434,0.09130727042604399,1.0,1.0,True,0.6666666666666666,0.8,False,0.6666666666666666,0.8,False
8,3,0.5272100330508493,0.25192636587258116,2.0927147947484306,0.3207100446277879,0.10253894011884808,0.7142857142857143,0.8571428571428572,False,0.7142857142857143,0.8333333333333334,False,0.9285714285714286,0.9761904761904762,False
4,3,0.5531947246635962,0.09236257407026646,5.9893818489375805,0.777382002114106,0.29337742398389655,0.6666666666666666,0.8,False,0.6666666666666666,0.8,False,1.0,1.0,True
6,3,0.11020724167090154,0.029605867043831266,3.7224797876724254,0.570832348297642,0.249271154644544,0.7333333333333333,0.8285714285714285,False,0.6,0.7714285714285715,False,1.0,1.0,True
4,3,0.772666647723431,0.15345819585063317,5.035030181577675,0.7020020781971549,0.3289677401007165,1.0,1.0,True,1.0,1.0,True,0.6666666666666666,0.8,False
4,5,0.30226572064901064,0.17282853908527315,1.7489340721564774,0.24277343861629982,0.08083065989035053,1.0,1.0,True,1.0,1.0,True,1.0,1.0,True
6,3,0.2903900796417716,0.16002190811253522,1.8146895201108364,0.2588023311699366,0.0871671957348871,0.8666666666666667,0.9428571428571428,False,0.8666666666666667,0.9428571428571428,False,0.8666666666666667,0.9428571428571428,False
6,5,0.4770551248452856,0.08505466678802963,5.608805993309897,0.7488704181710176,0.28078989414324584,0.06666666666666667,0.37142857142857144,False,-0.2,-0.1428571428571428,False,0.7333333333333333,0.8857142857142857,False
10,3,0.1509433165041544,0.04244335846783804,3.556347140035517,0.5510041464611786,0.10552723320518005,0.9111111111111111,0.9757575757575757,False,0.8222222222222222,0.9272727272727272,False,0.9111111111111111,0.9636363636363636,False
6,5,0.1487628369104257,0.02051620969846312,7.2509902701140065,0.8603973223609865,0.18254626399717158,1.0,1.0,True,1.0,1.0,True,1.0,1.0,True
4,4,0.29499705854282565,0.024441548618014716,12.069491305200183,1.0816889662033877,0.05334422785385609,1.0,1.0,True,1.0,1.0,True,1.0,1.0,True
10,3,0.2871208395409663,0.04506088617746686,6.37184183204484,0.8042649867896878,0.2580857986368388,0.7333333333333333,0.8666666666666667,False,0.7333333333333333,0.8666666666666667,False,0.9555555555555556,0.9878787878787879,False
6,3,0.373527324274924,0.17869040886335424,2.0903602305732734,0.32022113427817056,0.017607288286624407,1.0,1.0,True,1.0,1.0,True,1.0,1.0,True
4,4,0.9423726564047902,0.3216298714569827,2.929991086129264,0.46686629910811567,0.15190296257746239,0.6666666666666666,0.8,False,0.6666666666666666,0.8,False,1.0,1.0,True
4,4,0.25884251812694875,0.029425687628129638,8.796481543245584,0.9443089957967604,0.4543958134072501,0.6666666666666666,0.8,False,0.6666666666666666,0.8,False,1.0,1.0,True
10,3,0.22277637778871412,0.050441550343117446,4.416525191412848,0.6450807119517744,0.266245943353653,0.6888888888888889,0.8303030303030303,False,0.5555555555555556,0.7696969696969697,False,1.0,1.0,True
4,4,0.2994019231821924,0.024887740666269653,12.030096551750944,1.080269112936219,0.31719729394131957,0.0,0.19999999999999996,False,0.0,0.19999999999999996,False,1.0,1.0,True
6,4,0.15759721453846123,0.022671235292631202,6.951417181168483,0.8420733529669363,0.19361455713126854,0.7333333333333333,0.8285714285714285,False,0.7333333333333333,0.8285714285714285,False,1.0,1.0,True
4,4,0.41607262179616883,0.07171275168597709,5.801933575388474,0.7635727523867792,0.23292991128437168,1.0,1.0,True,0.0,0.19999999999999996,False,0.6666666666666666,0.8,False
6,4,0.7818719518645922,0.2944126328588892,2.6557010963476038,0.424179192867714,0.15683522055521085,1.0,1.0,True,1.0,1.0,True,0.8666666666666667,0.9428571428571428,False
5,3,0.20166173476520952,0.10002754025227924,2.0160621190382453,0.3045039094897097,0.16678649884289248,1.0,1.0,True,1.0,1.0,True,1.0,1.0,True
5,5,0.7290972061230513,0.008498394986990903,85.7923416307832,1.9334485216956028,0.35777470609482415,0.8,0.9,False,0.6,0.8,False,0.8,0.9,False
4,3,0.644895407587398,0.18427042404796978,3.499722817243951,0.5440336490050207,0.14082988364513502,1.0,1.0,True,1.0,1.0,True,1.0,1.0,True
10,4,0.29074919479248423,0.08395287079193595,3.4632430320292125,0.539482969102376,0.2701480015613948,0.7333333333333333,0.8303030303030303,False,0.6888888888888889,0.8181818181818181,False,0.8666666666666667,0.9515151515151515,False
4,5,0.7698490072496568,0.02455615655992989,31.350549722203933,1.4962451604530704,0.14064930631560701,0.0,0.19999999999999996,False,0.0,0.19999999999999996,False,1.0,1.0,True
10,3,0.28526275300629117,0.2121635148084914,1.3445419833963346,0.12857436763978974,0.06235477284735899,0.8666666666666667,0.9515151515151515,False,0.8222222222222222,0.9393939393939394,False,0.8222222222222222,0.9393939393939394,False
4,4,0.9314661382584963,0.11634848590198177,8.00582947882285,0.9034063355573745,0.21270073900809297,0.0,0.19999999999999996,False,0.0,0.19999999999999996,False,0.6666666666666666,0.8,False
10,3,0.32928721721309395,0.013726216012827688,23.989657228282905,1.3800240426769266,0.26213571882600195,0.7333333333333333,0.8666666666666667,False,0.7777777777777778,0.8909090909090909,False,0.9555555555555556,0.9878787878787879,False
10,5,0.6649068311242872,0.11225115864783303,5.923385015600457,0.7725699623752572,0.29256523323571776,0.7333333333333333,0.8787878787878788,False,0.7333333333333333,0.8666666666666667,False,0.8666666666666667,0.9272727272727272,False
5,4,0.9471126344111304,0.31466410614284007,3.0099163391015558,0.47855442450697067,0.1350716755895456,1.0,1.0,True,1.0,1.0,True,1.0,1.0,True
6,4,0.9006512445187327,0.050007159545514025,18.01044595786318,1.2555244665475342,0.24810835451092286,0.8666666666666667,0.9428571428571428,False,0.8666666666666667,0.9428571428571428,False,1.0,1.0,True
4,3,0.6986206954543046,0.11411142867893731,6.122267537406914,0.7869123039416148,0.3586951170781112,0.6666666666666666,0.8,False,0.6666666666666666,0.8,False,1.0,1.0,True
8,5,0.7098220460702602,0.04660351545420282,15.231083731281386,1.1827308056190817,0.2784163917373846,0.2857142857142857,0.38095238095238093,False,0.2857142857142857,0.33333333333333337,False,0.6428571428571429,0.7857142857142857,False
6,3,0.7865681478683909,0.05874485683008485,13.389566173087994,1.1267665059376097,0.20072139420956758,0.7333333333333333,0.8857142857142857,False,0.7333333333333333,0.8857142857142857,False,1.0,1.0,True
4,3,0.7579631740464657,0.35636689558419943,2.1269180258783424,0.32775075196444126,0.17307176801626317,1.0,1.0,True,1.0,1.0,True,1.0,1.0,True
6,5,0.637439207653294,0.06003267583759399,10.61820414880616,1.0260510709625397,0.31372591406219447,0.4666666666666667,0.6,False,0.6,0.6571428571428571,False,1.0,1.0,True
6,5,0.512676553238364,0.05107666834061427,10.037392216137663,1.001620894756179,0.47558569649424076,0.06666666666666667,0.08571428571428574,False,0.2,0.1428571428571429,False,1.0,1.0,True
6,5,0.45482202048269244,0.2216865307131039,2.051644811336101,0.312102176211351,0.1092163098246412,0.7333333333333333,0.8285714285714285,False,1.0,1.0,True,0.7333333333333333,0.8857142857142857,False
4,4,0.20155685129600198,0.11296436250756005,1.784251659727896,0.25145610941401964,0.07746530023148777,1.0,1.0,True,1.0,1.0,True,1.0,1.0,True
10,5,0.19913603081920214,0.07638565962408929,2.6069818837277516,0.4161380132072981,0.17933561873283105,0.9111111111111111,0.9757575757575757,False,0.8666666666666667,0.9515151515151515,False,1.0,1.0,True
10,4,0.5214140068587364,0.1888790371058801,2.760571076840498,0.4409989334657354,0.18003108174931143,0.9111111111111111,0.9757575757575757,False,0.9111111111111111,0.9757575757575757,False,0.8222222222222222,0.9151515151515152,False
5,5,0.6723361897033029,0.08313189001955433,8.087584554339712,0.9078188341764413,0.07584706555037457,1.0,1.0,True,1.0,1.0,True,1.0,1.0,True
10,4,0.5365095600992775,0.1852550835797606,2.8960585033845514,0.46180733081255776,0.09584271103505244,0.9555555555555556,0.9878787878787879,False,0.8666666666666667,0.9636363636363636,False,0.8666666666666667,0.9515151515151515,False
5,5,0.6944628678722123,0.060529219413979075,11.473183936357763,1.0596839561843254,0.1705920931114735,0.8,0.9,False,0.8,0.9,False,1.0,1.0,True
10,5,0.6411981419577272,0.11274447993275563,5.68717991634243,0.7548969675591423,0.15895668717423872,0.9111111111111111,0.9757575757575757,False,0.8222222222222222,0.9393939393939394,False,0.8222222222222222,0.9393939393939394,False
4,3,0.48963847087392265,0.0879283813836901,5.568605530582159,0.745746454384794,0.39298786052415813,0.3333333333333333,0.4,False,0.3333333333333333,0.4,False,0.6666666666666666,0.8,False
4,4,0.1819538275325505,0.004475774837768879,40.653034186724035,1.6090929652160626,0.5143495137362841,0.6666666666666666,0.8,False,0.6666666666666666,0.8,False,1.0,1.0,True
8,5,0.6999405885801862,0.04146464528296318,16.880419060304718,1.2273832238843556,0.1918575743810515,0.7142857142857143,0.7619047619047619,False,0.6428571428571429,0.7380952380952381,False,0.8571428571428571,0.9523809523809523,False
6,4,0.7187378324502046,0.05738897511394678,12.523970518912641,1.0977420366286343,0.42477819664797173,0.2,0.2571428571428571,False,0.2,0.2571428571428571,False,0.8666666666666667,0.9428571428571428,False
6,3,0.06978871558716576,0.05767339816411667,1.2100676881803187,0.08280966435033495,0.04155894596850941,1.0,1.0,True,0.7333333333333333,0.8857142857142857,False,0.8666666666666667,0.9428571428571428,False
6,5,0.5238262910872771,0.1980559864179687,2.6448394747289896,0.42239931820296134,0.16305966483356482,0.7333333333333333,0.8857142857142857,False,0.4666666666666667,0.7142857142857143,False,1.0,1.0,True
4,4,0.2739587719406023,0.08581365749582447,3.1924845057529465,0.5041287981571206,0.1767511062820832,1.0,1.0,True,0.6666666666666666,0.8,False,1.0,1.0,True
8,4,0.3930374856665704,0.09235734744270731,4.255616868015081,0.6289625216373717,0.06273297061030994,1.0,1.0,True,1.0,1.0,True,1.0,1.0,True
6,3,0.3982101573972229,0.17227847607313831,2.311433015148434,0.36388131219204134,0.15497496305223238,1.0,1.0,True,0.8666666666666667,0.9428571428571428,False,0.7333333333333333,0.8857142857142857,False
8,3,0.861598837435837,0.4383054010026804,1.9657499895343573,0.29352828202611897,0.07316621445144805,0.9285714285714286,0.9761904761904762,False,0.9285714285714286,0.9761904761904762,False,1.0,1.0,True
5,3,0.45670766221578957,0.08093201471913497,5.6431025941352955,0.7515179460102163,0.22484159653910188,0.6,0.8,False,0.6,0.8,False,1.0,1.0,True
8,5,0.3451359498123949,0.047653283657743635,7.2426477949346495,0.8598973662671926,0.3011951767920326,0.35714285714285715,0.40476190476190477,False,0.35714285714285715,0.40476190476190477,False,0.7142857142857143,0.8809523809523809,False
8,3,0.4361876982732906,0.2721569902587932,1.602706209592186,0.204853919580238,0.10791934285060965,0.8571428571428571,0.9523809523809523,False,0.8571428571428571,0.9523809523809523,False,0.9285714285714286,0.9761904761904762,False
6,5,0.4995197308135516,0.2511658049697631,1.9888046896817748,0.29859213538270396,0.02134971183149405,1.0,1.0,True,1.0,1.0,True,1.0,1.0,True
5,4,0.09326077316456233,0.029035798044512073,3.211923881629877,0.5067652445207698,0.08096084002402856,0.8,0.9,False,0.8,0.9,False,0.8,0.9,False
5,4,0.09662675174865629,0.014136447599899253,6.835292322132586,0.8347570925943151,0.19094494645766502,0.8,0.9,False,0.8,0.9,False,1.0,1.0,True
6,5,0.2210259554089526,0.008373346454138758,26.396370506478686,1.421544215605751,0.2282681922894726,0.6,0.7142857142857143,False,0.4666666666666667,0.5428571428571429,False,0.6,0.6571428571428571,False
5,3,0.49684033402536526,0.2619161947719406,1.896943923059375,0.278054492582999,0.034380996179242757,1.0,1.0,True,1.0,1.0,True,1.0,1.0,True
10,5,0.3199774012311715,0.06534136432606075,4.897011326998795,0.689931108561282,0.10491999634918205,0.9555555555555556,0.9878787878787879,False,0.8666666666666667,0.9515151515151515,False,0.9111111111111111,0.9757575757575757,False
8,3,0.6509369753049524,0.15561403707628174,4.183022222999594,0.6214901718482511,0.3356919370167619,0.9285714285714286,0.9761904761904762,False,0.8571428571428571,0.9523809523809523,False,1.0,1.0,True
4,3,0.8599891619173446,0.3982649475921479,2.1593393220130346,0.3343208934220512,0.1843746105364479,0.6666666666666666,0.8,False,0.3333333333333333,0.6,False,1.0,1.0,True
8,3,0.4414414140332508,0.13435990444613227,3.2855144981659947,0.5166033879653096,0.015937234748406245,1.0,1.0,True,1.0,1.0,True,1.0,1.0,True
5,3,0.321291045925995,0.25282985337410774,1.2707797027802556,0.10407026954751614,0.03203712167650037,1.0,1.0,True,1.0,1.0,True,1.0,1.0,True
8,3,0.7398802566498062,0.03698212280431666,20.006430148553797,1.301169602124663,0.60080617300003,0.14285714285714285,0.1428571428571429,False,0.0,-0.04761904761904767,False,0.9285714285714286,0.9761904761904762,False
5,4,0.6731805653546521,0.19272796390832203,3.4929055010998904,0.5431868361655534,0.21256047052891913,1.0,1.0,True,1.0,1.0,True,1.0,1.0,True
10,5,0.5500212203884945,0.03473964743764787,15.832665583606234,1.1995540387281225,0.3400288990542965,0.8666666666666667,0.9515151515151515,False,0.8666666666666667,0.9515151515151515,False,0.9555555555555556,0.9878787878787879,False
5,4,0.6168825524934134,0.1811104434857084,3.4061125389419415,0.532258993078741,0.12963034286995867,1.0,1.0,True,0.8,0.9,False,1.0,1.0,True
4,3,0.15831560796298302,0.0264032019549239,5.996076090591841,0.7778671354361625,0.3903784669188512,0.6666666666666666,0.8,False,0.6666666666666666,0.8,False,1.0,1.0,True
4,3,0.5001609765038062,0.022340834417464574,22.387748243209124,1.3500104144934104,0.17096557652554967,1.0,1.0,True,1.0,1.0,True,1.0,1.0,True
8,4,0.5299061962759362,0.3302265878221093,1.6046745350492135,0.20538696074993265,0.08277375860864351,0.7857142857142857,0.9047619047619048,False,0.8571428571428571,0.9523809523809523,False,0.9285714285714286,0.9761904761904762,False
6,5,0.8863952811433111,0.15964741616581793,5.5522056192698015,0.7444655413193996,0.2037571761458046,0.8666666666666667,0.9428571428571428,False,0.7333333333333333,0.8285714285714285,False,1.0,1.0,True
6,4,0.567691434570108,0.30204118471397656,1.879516646399776,0.2740461765023726,0.09832573299047126,0.7333333333333333,0.8285714285714285,False,0.7333333333333333,0.8285714285714285,False,0.8666666666666667,0.9428571428571428,False
8,3,0.263303688182973,0.06558692532722595,4.0145758756838354,0.6036396705164324,0.2856609311619584,0.8571428571428571,0.9523809523809523,False,0.7857142857142857,0.9047619047619048,False,1.0,1.0,True
10,4,0.14343971334352015,0.0034755379939317528,41.2712257937312,1.6156473680183805,0.0842283282235185,0.9555555555555556,0.9878787878787879,False,0.9555555555555556,0.9878787878787879,False,0.9555555555555556,0.9878787878787879,False
4,3,0.22792404334124733,0.017717153313116508,12.86459733684441,1.1093961972993152,0.31568503360870614,0.3333333333333333,0.4,False,0.3333333333333333,0.4,False,1.0,1.0,True
10,4,0.3323206405576407,0.0466836009780938,7.1185734088178645,0.8523929679689587,0.07124250366389336,1.0,1.0,True,0.9555555555555556,0.9878787878787879,False,0.9111111111111111,0.9636363636363636,False
4,4,0.2601036245014781,0.17485970204242904,1.4874989575178246,0.17245667003459395,0.055406631995870426,1.0,1.0,True,1.0,1.0,True,0.6666666666666666,0.8,False
4,3,0.20447107763860084,0.013430626229738996,15.22424004106547,1.182535622867529,0.3625887658291661,0.6666666666666666,0.8,False,0.6666666666666666,0.8,False,1.0,1.0,True
8,4,0.3223685837880206,0.1276161922397164,2.526079003986829,0.4024469291405227,0.11739381292523329,0.8571428571428571,0.9285714285714286,False,0.7857142857142857,0.8809523809523809,False,0.8571428571428571,0.9285714285714286,False
10,4,0.7663622326267242,0.1806405798222978,4.242469955401925,0.6276187753858578,0.16378008486976925,0.9555555555555556,0.9878787878787879,False,0.9555555555555556,0.9878787878787879,False,0.9111111111111111,0.9757575757575757,False
6,4,0.34226747885283815,0.11625529404817271,2.944102302197684,0.4689528968706289,0.11935030259886867,0.8666666666666667,0.9428571428571428,False,0.8666666666666667,0.9428571428571428,False,1.0,1.0,True
4,3,0.8615210867162042,0.014332329452620467,60.11033234367751,1.7789491291435666,0.21067106422428178,0.6666666666666666,0.8,False,0.6666666666666666,0.8,False,1.0,1.0,True
6,3,0.2117519168734877,0.00024787322065961473,854.2750824623984,2.9315977390249035,0.383503781999556,-0.2,-0.1428571428571428,False,-0.3333333333333333,-0.3142857142857143,False,1.0,1.0,True
4,4,0.5052465060874785,0.11165754550837188,4.524965185134497,0.6556152421131245,0.35161736590263004,0.6666666666666666,0.8,False,0.6666666666666666,0.8,False,1.0,1.0,True
6,3,0.4160825175404698,0.29304383695460184,1.4198644198188997,0.15224687640019002,0.04283571868872646,1.0,1.0,True,1.0,1.0,True,1.0,1.0,True
6,4,0.0685746188966003,0.004627210859626349,14.819860378551645,1.1708441120704205,0.21229586343598927,1.0,1.0,True,1.0,1.0,True,1.0,1.0,True
6,5,0.41397093732254425,0.07023666618845605,5.893943431282758,0.7704059632750799,0.08315603310524598,0.8666666666666667,0.9428571428571428,False,0.8666666666666667,0.9428571428571428,False,0.8666666666666667,0.9428571428571428,False
5,3,0.3573274520282938,0.15099568527957288,2.3664745874315893,0.3741018451245326,0.09211247720771126,0.8,0.9,False,0.6,0.7,False,1.0,1.0,True
6,3,0.28813028010229297,0.10619628289357755,2.7131861139464144,0.4334795856847876,0.11198130663038358,0.8666666666666667,0.9428571428571428,False,0.8666666666666667,0.9428571428571428,False,0.8666666666666667,0.9428571428571428,False
5,5,0.6870059535244158,0.2793636414574217,2.4591816957206456,0.39079061760967787,0.1419258919639071,1.0,1.0,True,1.0,1.0,True,0.8,0.9,False
6,4,0.32543201793592547,0.058320277470180294,5.580083498346554,0.7466406976113857,0.32792374128236607,0.8666666666666667,0.9428571428571428,False,0.8666666666666667,0.9428571428571428,False,0.8666666666666667,0.9428571428571428,False
10,5,0.531706282721037,0.22828697982606885,2.3291134830545888,0.3671906494894691,0.06586405503248766,1.0,1.0,True,1.0,1.0,True,1.0,1.0,True
6,4,0.7690584746616841,0.11527388689387534,6.671575804180449,0.824228424955772,0.23603883201346249,0.6,0.7714285714285715,False,0.6,0.7714285714285715,False,1.0,1.0,True
5,4,0.7570775861463939,0.16757249285777956,4.5179108649079724,0.6549376583549334,0.12917202310754977,1.0,1.0,True,0.8,0.9,False,0.8,0.9,False
4,5,0.6718001522456136,0.0993011936494448,6.765277712677368,0.8302856289614049,0.2696809093084146,1.0,1.0,True,1.0,1.0,True,1.0,1.0,True
10,4,0.19087913098861153,0.03149698437149648,6.06023512381996,0.7824894741657362,0.26199819572872174,0.8222222222222222,0.9393939393939394,False,0.8222222222222222,0.9393939393939394,False,0.9111111111111111,0.9757575757575757,False
10,4,0.7404586104317228,0.3219651416991975,2.2998098692348865,0.3616919333413853,0.12610687746996857,0.6888888888888889,0.8303030303030303,False,0.7333333333333333,0.8424242424242424,False,1.0,1.0,True
4,5,0.06333939388859541,0.0190674765306318,3.32185508572774,0.5213806826483269,0.15134748725299121,0.3333333333333333,0.4,False,0.3333333333333333,0.4,False,1.0,1.0,True
8,5,0.2678580606916359,0.004341697391570754,61.69431825211451,1.790245169456653,0.4598390314424059,0.5714285714285714,0.6428571428571428,False,0.6428571428571429,0.7380952380952381,False,0.8571428571428571,0.9285714285714286,False
6,5,0.4251364950639719,0.09562219658221625,4.446002186260093,0.64796967192133,0.1246557445467727,0.8666666666666667,0.9428571428571428,False,1.0,1.0,True,1.0,1.0,True
8,4,0.2956569851801952,0.07955433880098549,3.7164155925687394,0.5701242735312969,0.14484508970064217,0.8571428571428571,0.9285714285714286,False,0.7857142857142857,0.8809523809523809,False,0.8571428571428571,0.9285714285714286,False
4,4,0.4824609063328022,0.01482063774033885,32.55331617660997,1.5125952363402921,0.3588511072928042,0.3333333333333333,0.4,False,0.6666666666666666,0.8,False,1.0,1.0,True
5,3,0.25390635369641107,0.1569348974577577,1.6179088131952126,0.2089540407360058,0.053836284790400604,0.8,0.9,False,1.0,1.0,True,1.0,1.0,True
6,3,0.5179102231118352,0.39091632427889395,1.3248621020518303,0.12217067719012611,0.06221896508202203,1.0,1.0,True,1.0,1.0,True,1.0,1.0,True
5,3,0.48266706985575786,0.17794532677148375,2.71244588779161,0.4333610829421454,0.1725496328988426,0.8,0.9,False,0.8,0.9,False,1.0,1.0,True
5,3,0.5960284736695082,0.07132323583247577,8.356722275768655,0.9220359692240885,0.2806183920598914,0.4,0.5,False,0.4,0.5,False,0.8,0.9,False
10,5,0.3803722146940292,0.03151642287390374,12.069016087384599,1.0816718661837652,0.2781891818464769,0.7333333333333333,0.8424242424242424,False,0.7333333333333333,0.8545454545454545,False,0.9111111111111111,0.9636363636363636,False
10,5,0.7800778889409001,0.10013805757983449,7.790024170492797,0.8915388051815968,0.25705113260387974,0.4666666666666667,0.6484848484848484,False,0.4222222222222222,0.6,False,0.9111111111111111,0.9757575757575757,False
5,3,0.7079510074958554,0.31988539543605843,2.213139510569353,0.3450087915868697,0.1643537500756508,1.0,1.0,True,1.0,1.0,True,1.0,1.0,True
6,5,0.9480867688467046,0.4245578367828179,2.233115695210837,0.34891122396263263,0.046851100820290974,0.8666666666666667,0.9428571428571428,False,1.0,1.0,True,1.0,1.0,True
8,3,0.9050658783293569,0.3678538291264009,2.4603954252054296,0.39100491083671873,0.049390717344950374,1.0,1.0,True,0.7857142857142857,0.9285714285714286,False,0.9285714285714286,0.9761904761904762,False
10,5,0.14639074880612687,0.08702901207115205,1.6820913546020784,0.2258495786926828,0.09812048318686846,0.7333333333333333,0.9030303030303031,False,0.7333333333333333,0.8787878787878788,False,0.9555555555555556,0.9878787878787879,False
6,4,0.422781335138826,0.08217211088153423,5.145070883516619,0.7113913624041984,0.1439186448583434,1.0,1.0,True,1.0,1.0,True,1.0,1.0,True
8,3,0.16707169213995374,0.10298637802518772,1.6222698122024466,0.2101230867467452,0.11549536105665566,0.9285714285714286,0.9761904761904762,False,0.7857142857142857,0.9285714285714286,False,0.9285714285714286,0.9761904761904762,False
6,3,0.31492154866846933,0.13652154883040776,2.306753412659931,0.36300117178818053,0.06471693990387636,1.0,1.0,True,1.0,1.0,True,1.0,1.0,True
5,3,0.36134282360677533,0.07265764657546744,4.973224989148052,0.6966381071982846,0.27925390572733044,0.8,0.9,False,0.6,0.7,False,1.0,1.0,True
10,4,0.4381549055800627,0.09082729648901983,4.824044340328983,0.683411290979463,0.09162461894827402,0.8666666666666667,0.9636363636363636,False,0.8222222222222222,0.9393939393939394,False,0.9111111111111111,0.9757575757575757,False
4,4,0.03662372764174672,0.010645065187393912,3.44044183793978,0.5366142203206705,0.1868438489113456,1.0,1.0,True,1.0,1.0,True,1.0,1.0,True
10,5,0.6278138956990335,0.02965907041914367,21.167686202081324,1.3256733887427716,0.27527303079917337,0.5555555555555556,0.7333333333333334,False,0.5111111111111111,0.7575757575757576,False,0.8222222222222222,0.9272727272727272,False
10,4,0.3136188752769175,0.08292139249359401,3.7821226325566544,0.5777356064178552,0.24307708397319466,0.6444444444444445,0.806060606060606,False,0.6888888888888889,0.8424242424242424,False,0.8666666666666667,0.9636363636363636,False
10,3,0.03331980853167392,0.0037504667774868297,8.884176423798957,0.9486171742710324,0.30171292323134064,0.6888888888888889,0.8666666666666667,False,0.6444444444444445,0.8424242424242424,False,0.8666666666666667,0.9636363636363636,False
4,5,0.3975609362864106,0.1068379727946987,3.721157617307546,0.5706780658498543,0.052946020186694656,1.0,1.0,True,1.0,1.0,True,1.0,1.0,True
5,5,0.4977711018179145,0.21519440120700328,2.3131229205948407,0.3641987120259615,0.027684133086425106,0.8,0.9,False,1.0,1.0,True,1.0,1.0,True
5,4,0.8363064609502667,0.002154427459100832,388.1803757324583,2.589033576063854,0.2739026394683458,1.0,1.0,True,0.8,0.9,False,1.0,1.0,True
5,4,0.31276545509597886,0.162994395975537,1.9188724447986627,0.2830461063867205,0.06690380689608152,1.0,1.0,True,1.0,1.0,True,1.0,1.0,True
6,3,0.12520085027177497,0.07588412596189831,1.649895135288095,0.21745634202421546,0.044454609037580174,1.0,1.0,True,1.0,1.0,True,1.0,1.0,True
8,4,0.5536763120372744,0.22062822339780963,2.5095443525212273,0.3995948756048509,0.22281776253416302,0.8571428571428571,0.9285714285714286,False,0.9285714285714286,0.9761904761904762,False,1.0,1.0,True
4,4,0.20060761255071724,0.03501595735561904,5.729034066029799,0.7580814046627345,0.2866997270286033,1.0,1.0,True,1.0,1.0,True,1.0,1.0,True
10,3,0.42764633545712966,0.2211631273744172,1.9336240201162191,0.286372032382597,0.10006368525584976,0.8222222222222222,0.9393939393939394,False,0.7333333333333333,0.8909090909090909,False,0.7777777777777778,0.9151515151515152,False
4,3,0.7929581240831861,0.2930861708446006,2.7055460235308098,0.43225492603258625,0.14846763225801107,0.6666666666666666,0.8,False,0.6666666666666666,0.8,False,1.0,1.0,True
4,4,0.46160303358185756,0.0031273239230388498,147.60320478273655,2.1690957870557788,0.3449701659086248,0.6666666666666666,0.8,False,0.6666666666666666,0.8,False,0.6666666666666666,0.8,False
5,4,0.4236027460800197,0.15412906308254007,2.7483638556241736,0.439074228398127,0.19246674351775725,1.0,1.0,True,1.0,1.0,True,1.0,1.0,True
5,5,0.3672698011619521,0.10084657598772502,3.6418668413988997,0.5613240625179646,0.16546770772871255,1.0,1.0,True,0.8,0.9,False,0.8,0.9,False
8,5,0.4690636239362535,0.03966291377569169,11.826252266214073,1.0728471387131666,0.15089565436264862,0.9285714285714286,0.9761904761904762,False,1.0,1.0,True,0.9285714285714286,0.9761904761904762,False
8,5,0.16427135478143545,0.015571614059672811,10.549410879397154,1.0232282075985697,0.3532734057563257,0.5714285714285714,0.6904761904761905,False,0.5714285714285714,0.6904761904761905,False,0.9285714285714286,0.9761904761904762,False
4,4,0.38743251899150105,0.018796504920742852,20.61194464633362,1.314118967486682,0.42165904898264006,0.0,0.19999999999999996,False,-0.6666666666666666,-0.8,False,1.0,1.0,True
6,4,0.7594696765498676,0.08540437538298899,8.892631942276902,0.949030317645019,0.31755846793207354,0.6,0.7714285714285715,False,0.6,0.7714285714285715,False,1.0,1.0,True
10,3,0.49791837024995156,0.43599388714701826,1.1420306222800556,0.05767774918911973,0.023189531597089353,1.0,1.0,True,0.9555555555555556,0.9878787878787879,False,1.0,1.0,True
8,5,0.3539945673456479,0.13209883424610608,2.6797705624219232,0.4280976120363881,0.15779356663708033,0.7857142857142857,0.8571428571428572,False,0.8571428571428571,0.9523809523809523,False,0.9285714285714286,0.9761904761904762,False
8,3,0.38006143655889707,0.08673760740109747,4.381737610042798,0.6416463673090317,0.13859880576467645,0.9285714285714286,0.9761904761904762,False,0.5714285714285714,0.6904761904761905,False,0.9285714285714286,0.9761904761904762,False
6,4,0.04176666875847624,0.01390521204304922,3.003670035823036,0.4776522221097282,0.10449569628824482,0.8666666666666667,0.9428571428571428,False,0.7333333333333333,0.8285714285714285,False,0.8666666666666667,0.9428571428571428,False
4,3,0.0570667167326551,0.0313376835566997,1.821025367991303,0.2603159958234217,0.117361740168597,0.6666666666666666,0.8,False,1.0,1.0,True,1.0,1.0,True
4,4,0.8242000148197052,0.25634711895470974,3.2151717490614984,0.5072041771599044,0.23933575274502716,1.0,1.0,True,1.0,1.0,True,1.0,1.0,True
6,5,0.44361038427723737,0.019338489609708628,22.93924671508935,1.3605791523249955,0.419132082131465,0.6,0.7142857142857143,False,0.6,0.7142857142857143,False,0.8666666666666667,0.9428571428571428,False
5,5,0.10753658669418159,0.030950911115084835,3.474423944770274,0.5408828094021138,0.1953461624358254,1.0,1.0,True,1.0,1.0,True,1.0,1.0,True
8,3,0.8708736914125644,0.5493034484434718,1.5854145716338057,0.20014284550054434,0.10181192324840982,0.9285714285714286,0.9761904761904762,False,0.8571428571428571,0.9285714285714286,False,0.7142857142857143,0.8571428571428572,False
10,3,0.4260869986187505,0.06404054726758825,6.6533940884628455,0.8230432479877557,0.3307357742805435,0.7333333333333333,0.8787878787878788,False,0.6444444444444445,0.806060606060606,False,0.9111111111111111,0.9757575757575757,False
4,3,0.4715012807923511,0.03141158409107614,15.01042670787468,1.1763930382953218,0.1394659150761716,1.0,1.0,True,0.6666666666666666,0.8,False,1.0,1.0,True
6,4,0.29747942014322015,0.04205407205775189,7.073736396504595,0.8496488717529027,0.2352351958731604,0.4666666666666667,0.6,False,0.4666666666666667,0.6,False,0.7333333333333333,0.8285714285714285,False
8,4,0.34656787733004973,0.07066952520795587,4.904064040409451,0.690556132842913,0.28961108823966064,1.0,1.0,True,0.8571428571428571,0.9523809523809523,False,0.9285714285714286,0.9761904761904762,False
4,3,0.5780471680687768,0.27127015096077495,2.1308911652068576,0.32856126878640307,0.17601510033623352,0.3333333333333333,0.4,False,-0.3333333333333333,-0.3999999999999999,False,0.6666666666666666,0.8,False
4,5,0.4332536356328357,0.022708974885326128,19.07852017986567,1.2805446857432092,0.38928544664589715,0.6666666666666666,0.8,False,1.0,1.0,True,1.0,1.0,True
6,5,0.2641169268223102,0.07128635067097251,3.705013994020491,0.5687898526701112,0.16530234847936717,0.6,0.7714285714285715,False,0.4666666666666667,0.6,False,0.8666666666666667,0.9428571428571428,False
4,3,0.5301200490589305,0.2395086610964186,2.213364838790976,0.3450530065229136,0.10326676023222427,0.6666666666666666,0.8,False,0.6666666666666666,0.8,False,1.0,1.0,True
6,5,0.1553590409295176,0.011787410897701118,13.180081891150241,1.1199181086467755,0.21604166246216228,0.4666666666666667,0.6571428571428571,False,0.6,0.7714285714285715,False,0.8666666666666667,0.9428571428571428,False
5,3,0.604321535804525,0.09460347717021672,6.387942112432109,0.805360971905203,0.40949202403083973,0.8,0.9,False,0.6,0.8,False,1.0,1.0,True
8,5,0.32456230523169993,0.012735662788535551,25.48452409547004,1.4062765278740663,0.526461064431311,-0.07142857142857142,0.04761904761904767,False,-0.14285714285714285,-0.11904761904761907,False,0.9285714285714286,0.9761904761904762,False
4,3,0.45755923839649115,0.22658607705481731,2.019361667503409,0.30521410801473614,0.11617397548927036,1.0,1.0,True,1.0,1.0,True,1.0,1.0,True
4,4,0.5053266101618403,0.013571825021173997,37.23350465661211,1.570933916728536,0.5422195086586422,0.0,0.19999999999999996,False,0.0,0.19999999999999996,False,0.3333333333333333,0.4,False
6,4,0.3485204494390155,0.014465815033777812,24.092693609113923,1.3818853576645167,0.6245200889302076,0.6,0.6571428571428571,False,0.6,0.6571428571428571,False,1.0,1.0,True
4,5,0.8201569854933247,0.19224170385528544,4.266280255747479,0.6300493812415932,0.07474184474098876,1.0,1.0,True,1.0,1.0,True,1.0,1.0,True
10,5,0.27748999208926584,0.020765050074132537,13.363319187059304,1.1259143417913728,0.21163041908924837,0.8222222222222222,0.9151515151515152,False,0.8222222222222222,0.9151515151515152,False,0.8666666666666667,0.9515151515151515,False
10,4,0.24649025725145474,0.05651132497158879,4.36178513547535,0.6396642681258218,0.09668012286305935,0.8666666666666667,0.9515151515151515,False,0.7777777777777778,0.8909090909090909,False,0.8222222222222222,0.9272727272727272,False
8,5,0.5447642847747063,0.0009146420596471508,595.6037976093738,2.774957458179429,0.35290860237209176,0.6428571428571429,0.7857142857142857,False,0.35714285714285715,0.40476190476190477,False,1.0,1.0,True
6,5,0.22213145137335988,0.12531647785693134,1.7725637934477032,0.24860187411957121,0.0951611711591436,1.0,1.0,True,1.0,1.0,True,0.7333333333333333,0.8857142857142857,False
6,3,0.3852909379857451,0.000804810049962363,478.73524631685206,2.680095403077128,0.4508804007392294,0.4666666666666667,0.6,False,0.4666666666666667,0.6,False,1.0,1.0,True
4,4,0.7046312410519243,0.5191304347770481,1.3573298613347264,0.13268540370155119,0.05839900583707695,1.0,1.0,True,0.6666666666666666,0.8,False,1.0,1.0,True
5,3,0.2517728358770447,0.01885204293508328,13.355201700455774,1.125650451453869,0.5507497113693592,1.0,1.0,True,0.8,0.9,False,0.8,0.9,False
6,5,0.6527920751202332,0.17668219192087,3.6947247938202055,0.5675820949699575,0.05739557274624913,1.0,1.0,True,1.0,1.0,True,1.0,1.0,True
5,3,0.48001295467921534,0.1879247442280987,2.5542828681146554,0.40726899052285015,0.05032972503312988,1.0,1.0,True,1.0,1.0,True,1.0,1.0,True
4,5,0.2756109179957579,0.12063401281688473,2.2846866448174463,0.35882664302345935,0.13677447578829427,0.6666666666666666,0.8,False,0.6666666666666666,0.8,False,0.6666666666666666,0.8,False
4,4,0.4065998933694457,0.2230550514136621,1.8228679009540627,0.2607551974726412,0.10007923773191435,0.6666666666666666,0.8,False,0.6666666666666666,0.8,False,0.6666666666666666,0.8,False
6,3,0.3302275977797559,0.028782227092983115,11.473316387278091,1.0596889698206544,0.29248029132873304,0.4666666666666667,0.6,False,0.3333333333333333,0.48571428571428577,False,0.8666666666666667,0.9428571428571428,False
4,5,0.12551383005999964,0.004388972662520052,28.597541995017753,1.4563287064201076,0.32241768968880463,0.0,0.19999999999999996,False,0.0,0.19999999999999996,False,0.6666666666666666,0.8,False
5,4,0.6767265191071008,0.02001468838598438,33.811494139832746,1.5290643627902254,0.5405938903367165,0.2,0.0,False,0.2,0.0,False,1.0,1.0,True
10,3,0.17313152388396874,0.09731678849480227,1.7790509382811857,0.2501883831023224,0.050693938161903755,0.9555555555555556,0.9878787878787879,False,0.9111111111111111,0.9757575757575757,False,0.9111111111111111,0.9636363636363636,False
5,4,0.562820264882808,0.060478296848042706,9.306152689577877,0.968770173890039,0.45754380879696543,0.2,0.19999999999999996,False,0.2,0.19999999999999996,False,1.0,1.0,True
4,3,0.1956165983008331,0.031884496898524184,6.135163396721255,0.7878261337051471,0.1215162856237032,1.0,1.0,True,1.0,1.0,True,1.0,1.0,True
8,3,0.6017862083830637,0.3012799524884657,1.997431967877469,0.30047199625708454,0.0956930278310194,1.0,1.0,True,0.9285714285714286,0.9761904761904762,False,0.8571428571428571,0.9285714285714286,False
4,3,0.6249836275590153,0.29412525775226694,2.124889349296536,0.3273363196846314,0.12549000230240315,1.0,1.0,True,1.0,1.0,True,0.6666666666666666,0.8,False
5,4,0.6781693728809641,0.18259854358902555,3.7139911389633293,0.569840863242232,0.1929524921390809,0.4,0.6,False,0.4,0.6,False,1.0,1.0,True
4,5,0.4373130410341761,0.27767849901452596,1.5748898189258955,0.19725017545494572,0.060291006307394146,0.6666666666666666,0.8,False,0.6666666666666666,0.8,False,0.6666666666666666,0.8,False
10,4,0.044005668510443616,0.008322786742168808,5.287371870553174,0.7232398562060856,0.11122917176909669,0.9111111111111111,0.9757575757575757,False,0.9555555555555556,0.9878787878787879,False,0.8666666666666667,0.9515151515151515,False
4,5,0.754016876659532,0.0012752933136305575,591.2497681978085,2.771770983478752,0.4890356933371617,1.0,1.0,True,1.0,1.0,True,1.0,1.0,True
10,5,0.2178377837111637,0.023808231968038315,9.149683352987038,0.9614060645112585,0.39031125968623925,0.5111111111111111,0.6727272727272727,False,0.4222222222222222,0.5515151515151515,False,0.8666666666666667,0.9515151515151515,False
4,4,0.21671867086196706,0.022649666544925874,9.56829410369176,0.980834515896783,0.2462069151583793,0.3333333333333333,0.4,False,0.3333333333333333,0.4,False,1.0,1.0,True
5,4,0.30097399709414324,0.11426750327167755,2.6339421836838977,0.4206062377546086,0.02627485211407962,1.0,1.0,True,1.0,1.0,True,1.0,1.0,True
4,3,0.823722542965055,0.39562142435660336,2.0820979154568984,0.31850114935449353,0.09733673440134243,0.6666666666666666,0.8,False,0.6666666666666666,0.8,False,0.6666666666666666,0.8,False
8,4,0.282440527502997,0.025542462310304912,11.057685984251833,1.0436642526995676,0.22858097805696093,0.7857142857142857,0.9047619047619048,False,0.7142857142857143,0.8809523809523809,False,1.0,1.0,True
4,5,0.8807795248424533,0.14454691797480085,6.093381562033082,0.7848583741029772,0.19878516009804714,0.0,0.19999999999999996,False,-0.3333333333333333,-0.3999999999999999,False,0.6666666666666666,0.8,False
5,5,0.8199064397134509,0.11982860843964342,6.842326305738482,0.8352037815418955,0.11828150495951267,1.0,1.0,True,1.0,1.0,True,1.0,1.0,True
10,3,0.33535549933847203,0.14970586026480623,2.2400960038774738,0.3502666313077234,0.08696301776254903,0.8666666666666667,0.9636363636363636,False,0.8222222222222222,0.9393939393939394,False,0.9111111111111111,0.9636363636363636,False
10,3,0.8280557805562959,0.1539836365507603,5.377556986569491,0.7305850213508137,0.04445537106905213,0.9111111111111111,0.9636363636363636,False,0.8666666666666667,0.9515151515151515,False,0.9111111111111111,0.9636363636363636,False
10,3,0.4836295362379869,0.1064438458853363,4.543518060728658,0.6573922587358917,0.2641084283949928,0.9555555555555556,0.9878787878787879,False,0.9555555555555556,0.9878787878787879,False,0.9111111111111111,0.9636363636363636,False
5,5,0.07205416684112245,0.004450256107985036,16.191015770001545,1.209274095786625,0.34124928976645785,0.0,0.09999999999999998,False,-0.2,0.0,False,1.0,1.0,True
5,5,0.4036524976374207,0.007842679682273736,51.468696152196515,1.7115431664806213,0.17179757660587833,0.8,0.9,False,1.0,1.0,True,1.0,1.0,True
8,5,0.5108119576301501,0.12651240970856947,4.037643096063104,0.6061279272225861,0.2643915990949592,0.8571428571428571,0.9523809523809523,False,0.8571428571428571,0.9523809523809523,False,0.9285714285714286,0.9761904761904762,False
8,5,0.8497815402339322,0.0024782196313625215,342.9000114182065,2.53516749957649,0.4839119859543104,0.0,0.023809523809523836,False,0.0,0.023809523809523836,False,0.6428571428571429,0.7857142857142857,False
10,5,0.45902656538445413,0.12330721189546985,3.722625451703977,0.5708493423046005,0.2421685646185114,1.0,1.0,True,0.8222222222222222,0.9151515151515152,False,0.9111111111111111,0.9757575757575757,False
10,3,0.1785693078620975,0.01366108464496893,13.071385800598868,1.1163216330012624,0.07881912122349606,0.8222222222222222,0.9151515151515152,False,0.8222222222222222,0.9151515151515152,False,0.9555555555555556,0.9878787878787879,False
8,5,0.44593448430450355,0.10908085550244591,4.088109524319016,0.6115225224422656,0.29332921500821435,0.07142857142857142,0.0714285714285714,False,0.0,0.0,False,0.7857142857142857,0.9285714285714286,False
8,3,0.364700227472991,0.19324206607040498,1.8872714150045904,0.27583436204222717,0.14322519712009152,0.5714285714285714,0.7142857142857143,False,0.5,0.6666666666666667,False,0.6428571428571429,0.7857142857142857,False
4,5,0.6718429161684006,0.21285007304725928,3.1564138388436183,0.49919393881607754,0.08479383311746283,0.6666666666666666,0.8,False,0.3333333333333333,0.4,False,0.3333333333333333,0.4,False
10,3,0.557390814466869,0.14377777323409413,3.876752309659625,0.5884680542998647,0.15622295180829643,0.8222222222222222,0.9393939393939394,False,0.7333333333333333,0.8787878787878788,False,0.8666666666666667,0.9515151515151515,False
4,3,0.6226249275323965,0.034479044773886476,18.058067779937403,1.256671278790099,0.2366774096758997,1.0,1.0,True,1.0,1.0,True,1.0,1.0,True
4,4,0.05262092565334467,0.0172552011450562,3.049568950714409,0.4842384571973307,0.1665714572112854,0.6666666666666666,0.8,False,0.6666666666666666,0.8,False,1.0,1.0,True
8,5,0.25912843664907786,0.021388696451998326,12.115204739966869,1.083330757861598,0.10324355035865099,1.0,1.0,True,0.8571428571428571,0.9523809523809523,False,0.9285714285714286,0.9761904761904762,False
5,4,0.5524771128711445,0.02830665400200389,19.51757042045718,1.2904257549976983,0.16649716027556682,1.0,1.0,True,1.0,1.0,True,1.0,1.0,True
6,3,0.18851540195814434,0.08388772416792646,2.247234667834437,0.3516484260569343,0.18091474924023843,1.0,1.0,True,1.0,1.0,True,1.0,1.0,True
5,3,0.02473381062454439,0.008397615972757677,2.945337188773204,0.46913502097062393,0.23880991693874695,0.6,0.7,False,0.6,0.7,False,1.0,1.0,True
10,3,0.7015652338054795,0.1601814551716091,4.379815585078083,0.6414558246435804,0.18965533970953236,0.8222222222222222,0.9393939393939394,False,0.8222222222222222,0.9393939393939394,False,0.9555555555555556,0.9878787878787879,False
8,3,0.5300233818961858,0.1935898801138849,2.7378671942027455,0.4374123779748319,0.2164136058282079,0.7142857142857143,0.8809523809523809,False,0.6428571428571429,0.7857142857142857,False,0.7142857142857143,0.8571428571428572,False
6,5,0.30749932060817253,0.04399419376637647,6.989543261870073,0.8444487973007127,0.35344038218524476,0.8666666666666667,0.9428571428571428,False,0.8666666666666667,0.9428571428571428,False,1.0,1.0,True
8,3,0.45337459673982755,0.12278478580711319,3.69243301404098,0.5673126253390994,0.27852090730618495,0.35714285714285715,0.5238095238095238,False,0.6428571428571429,0.7857142857142857,False,0.9285714285714286,0.9761904761904762,False
5,4,0.2549326222446726,0.05050447545028737,5.047723394148712,0.7030955483584586,0.1813691196314708,0.8,0.9,False,1.0,1.0,True,1.0,1.0,True
6,3,0.7121163294245513,0.02367762779841102,30.075493012111,1.4782127552366335,0.3412171368951095,0.3333333333333333,0.48571428571428577,False,0.3333333333333333,0.48571428571428577,False,1.0,1.0,True
5,4,0.3052211450896506,0.006595040406260942,46.28040561413562,1.66539715657204,0.3773567126561475,0.8,0.9,False,0.8,0.9,False,1.0,1.0,True
4,3,0.5758684545458348,0.3036763110678088,1.8963232677551562,0.2779123738433309,0.15118901514827243,0.0,0.19999999999999996,False,0.3333333333333333,0.4,False,0.6666666666666666,0.8,False
8,5,0.4395867058211034,0.04116674384291453,10.678199555636832,1.028498032751717,0.3610435157786425,0.42857142857142855,0.5476190476190477,False,0.2857142857142857,0.33333333333333337,False,0.8571428571428571,0.9523809523809523,False
8,3,0.0803240279749293,0.01361760489716681,5.89854299457186,0.7707447493435617,0.3006049608900426,0.5714285714285714,0.7619047619047619,False,0.5,0.6666666666666667,False,1.0,1.0,True
8,5,0.4166039285278579,0.03429359503289015,12.148155599206063,1.0845103459268177,0.19134868736712693,0.7857142857142857,0.8571428571428572,False,0.7857142857142857,0.9047619047619048,False,0.8571428571428571,0.9285714285714286,False
10,5,0.31290186311586626,0.026837638317903693,11.659068484258796,1.0666638533126285,0.2040066120168081,0.7777777777777778,0.8909090909090909,False,0.7333333333333333,0.8545454545454545,False,0.9111111111111111,0.9636363636363636,False
8,5,0.5221491043902873,0.0414273993490844,12.603955656927413,1.1005068665754616,0.36643093348131367,0.42857142857142855,0.5238095238095238,False,0.35714285714285715,0.45238095238095233,False,0.8571428571428571,0.9285714285714286,False
6,4,0.38265455085700234,0.018396773233671615,20.80009064501755,1.3180652275851248,0.38568534098834945,0.7333333333333333,0.8857142857142857,False,0.7333333333333333,0.8857142857142857,False,1.0,1.0,True
6,3,0.04916792085559786,0.024581284227405086,2.0002177428460595,0.30107727534858336,0.02579891251324702,1.0,1.0,True,1.0,1.0,True,1.0,1.0,True
10,5,0.24037123971756982,0.06569165349967818,3.659083413315031,0.5633723098772947,0.20106836104161857,0.8222222222222222,0.9272727272727272,False,0.7333333333333333,0.8787878787878788,False,1.0,1.0,True
10,4,0.08715013901031848,0.03701022145379969,2.3547586473308275,0.3719464004229042,0.1941868989445016,0.9111111111111111,0.9757575757575757,False,0.7777777777777778,0.8666666666666667,False,0.7777777777777778,0.9030303030303031,False
10,3,0.7030919443720168,0.0184156421007566,38.17906215200346,1.5818252559797983,0.12148117624432668,0.7777777777777778,0.9272727272727272,False,0.7333333333333333,0.8545454545454545,False,0.9555555555555556,0.9878787878787879,False
4,3,0.33958093167961734,0.13774388496674644,2.4653067666788417,0.39187096774572555,0.17185130703733945,1.0,1.0,True,0.3333333333333333,0.4,False,1.0,1.0,True
8,3,0.07451354387492029,0.009302016510810949,8.010472114332307,0.9036581129140869,0.33264672483205354,0.42857142857142855,0.6190476190476191,False,0.21428571428571427,0.33333333333333337,False,0.8571428571428571,0.9285714285714286,False
6,5,0.6526603382759264,0.07646811766212323,8.53506478544681,0.9312068219774394,0.35630319539743915,0.7333333333333333,0.8857142857142857,False,0.7333333333333333,0.8857142857142857,False,1.0,1.0,True
5,4,0.1601401181975454,0.01100407870845343,14.552796506260133,1.1629464565891665,0.30822280685652503,0.6,0.8,False,0.4,0.6,False,1.0,1.0,True
5,5,0.46438784624755636,0.0900588657587986,5.156492282349558,0.7123543720836663,0.3078737005197631,0.0,0.09999999999999998,False,0.0,0.09999999999999998,False,1.0,1.0,True
10,5,0.5547390123054013,0.07554368660890322,7.343287535992175,0.8658905339071052,0.2958979505574217,0.6444444444444445,0.806060606060606,False,0.6,0.7454545454545455,False,0.8666666666666667,0.9515151515151515,False
10,3,0.3025626652661968,0.0224318699642727,13.48807146861145,1.1299498584625585,0.34266529877332974,0.6444444444444445,0.8181818181818181,False,0.4666666666666667,0.6363636363636364,False,0.9111111111111111,0.9757575757575757,False
4,4,0.8098404935200305,0.10707123923500142,7.56356701667586,0.8787266592990395,0.15287475795424266,1.0,1.0,True,1.0,1.0,True,1.0,1.0,True
8,3,0.651090928799242,0.06905542625111553,9.428526679745106,0.9744438343230477,0.33258179251544545,0.8571428571428571,0.9285714285714286,False,0.8571428571428571,0.9285714285714286,False,0.8571428571428571,0.9285714285714286,False
4,5,0.48697637068072375,0.05250765096512356,9.274388812306745,0.9672852989675609,0.25373447591237885,0.3333333333333333,0.4,False,0.3333333333333333,0.4,False,1.0,1.0,True
4,4,0.17787365549324477,0.0656675217595757,2.70870059847505,0.43276100369831105,0.18935185819824,1.0,1.0,True,1.0,1.0,True,1.0,1.0,True
10,4,0.7542204811162165,0.12356871979825608,6.103652140618496,0.7855897743382441,0.34351142810561514,0.5111111111111111,0.6484848484848484,False,0.4222222222222222,0.5636363636363637,False,0.8222222222222222,0.9393939393939394,False
10,5,0.5631839876243243,0.05823453559608333,9.67096211637912,0.9854696820508609,0.3444017531309432,0.4222222222222222,0.6606060606060606,False,0.3333333333333333,0.5757575757575757,False,0.9111111111111111,0.9636363636363636,False
10,3,0.17644617132267848,0.08910842957652688,1.9801288403266635,0.29669344926278707,0.11224294340352345,1.0,1.0,True,0.9555555555555556,0.9878787878787879,False,0.9111111111111111,0.9757575757575757,False
5,3,0.6759070182518502,0.4475905752935774,1.5101010958664816,0.17900602272844718,0.07574393759858018,0.8,0.9,False,0.8,0.9,False,0.8,0.9,False
4,5,0.6639417788710835,0.09542233308738682,6.957928583197544,0.8424799667969688,0.15063789345057282,1.0,1.0,True,1.0,1.0,True,0.6666666666666666,0.8,False
6,3,0.414153758999277,0.004362156293967256,94.94243924205512,1.9774603853321637,0.6446372012373351,-0.2,-0.08571428571428563,False,-0.2,-0.08571428571428563,False,0.8666666666666667,0.9428571428571428,False
6,3,0.0614801349693959,0.033841195021747705,1.8167247027792484,0.2592891215170821,0.09570372607165513,0.7333333333333333,0.8857142857142857,False,0.6,0.7142857142857143,False,1.0,1.0,True
5,5,0.24642903118686513,0.09229636491832882,2.669975479557133,0.42650727292190477,0.12118954615614455,0.8,0.9,False,1.0,1.0,True,1.0,1.0,True
10,5,0.2338828216586184,0.034422487126261316,6.794477714348305,0.8321560785086549,0.1871548398742123,0.6,0.7818181818181819,False,0.6444444444444445,0.806060606060606,False,0.9111111111111111,0.9757575757575757,False
6,4,0.918774377637342,0.21081725445584878,4.358155502994665,0.6393027222130474,0.16242291892633198,0.7333333333333333,0.8857142857142857,False,0.8666666666666667,0.9428571428571428,False,0.8666666666666667,0.9428571428571428,False
8,4,0.5136688135638523,0.22504490063603405,2.282517009315969,0.35841402258072513,0.136966197101201,0.7857142857142857,0.9047619047619048,False,0.7857142857142857,0.9047619047619048,False,0.7857142857142857,0.8571428571428572,False
6,4,0.40147520408614695,0.15091306048415445,2.6603078805471623,0.42493190094879796,0.11722130030730904,1.0,1.0,True,1.0,1.0,True,1.0,1.0,True
6,3,0.5072468952283796,0.008979983144125413,56.486397249389874,1.7519438759470531,0.2882947285856129,0.7333333333333333,0.8285714285714285,False,0.8666666666666667,0.9428571428571428,False,1.0,1.0,True
8,3,0.4935240506685185,0.12517705068610468,3.942608073600824,0.5957836069153797,0.26205595180327435,0.9285714285714286,0.9761904761904762,False,0.9285714285714286,0.9761904761904762,False,0.8571428571428571,0.9285714285714286,False
4,3,0.8878191519488461,0.270410677310116,3.2832252068485532,0.5163006733894441,0.14909833716357213,1.0,1.0,True,1.0,1.0,True,1.0,1.0,True
8,3,0.41395146855713616,0.05945530516755639,6.962397508238828,0.842758815085349,0.4167930401212943,0.35714285714285715,0.5714285714285714,False,0.35714285714285715,0.5714285714285714,False,0.7142857142857143,0.8095238095238095,False
10,5,0.40315905420814196,0.017781896701597074,22.67244383155482,1.355498334654818,0.30340101121798496,0.6888888888888889,0.8424242424242424,False,0.6,0.806060606060606,False,0.9111111111111111,0.9636363636363636,False
6,4,0.15721628699378898,0.1395896100807536,1.1262749921123207,0.051644441115684406,0.014491815676726005,1.0,1.0,True,1.0,1.0,True,1.0,1.0,True
8,5,0.2586242510915827,0.013945995520166225,18.544696267760983,1.2682197246791556,0.387992943602104,0.5714285714285714,0.6904761904761905,False,0.42857142857142855,0.6190476190476191,False,0.9285714285714286,0.9761904761904762,False
6,3,0.48832463239251656,0.16466607739948363,2.9655448171323373,0.4721044917435546,0.14817258276684642,0.7333333333333333,0.8857142857142857,False,0.7333333333333333,0.8857142857142857,False,1.0,1.0,True
5,5,0.8633491491547155,0.530879181702113,1.626262959464724,0.21119077041612552,0.07328431293572073,1.0,1.0,True,0.8,0.9,False,0.8,0.9,False
4,5,0.8832032962435499,0.14904262934657525,5.925843499337852,0.7727501776415886,0.266084122909396,0.3333333333333333,0.4,False,0.6666666666666666,0.8,False,1.0,1.0,True
5,3,0.3055991622008952,0.04475481152884683,6.828297377525368,0.8343124267083655,0.20791824587698662,1.0,1.0,True,0.8,0.9,False,0.8,0.9,False
10,4,0.5824387392461238,0.27347583284849697,2.1297631062217466,0.3283312995034093,0.09823388001334576,0.9555555555555556,0.9878787878787879,False,0.9555555555555556,0.9878787878787879,False,0.9111111111111111,0.9757575757575757,False
8,3,0.3418399003236303,0.017115178024132777,19.97290941535377,1.300441332321894,0.06040587640806726,0.9285714285714286,0.9761904761904762,False,0.8571428571428571,0.9285714285714286,False,0.8571428571428571,0.9285714285714286,False
4,3,0.4586299303111211,0.2929536891356657,1.565537309540983,0.1946634220868802,0.073009123014702,0.6666666666666666,0.8,False,0.6666666666666666,0.8,False,0.6666666666666666,0.8,False
4,5,0.5970597855992035,0.010156016008661851,58.78877948116614,1.7692944438581253,0.24747742380283227,0.3333333333333333,0.4,False,0.3333333333333333,0.4,False,1.0,1.0,True
5,4,0.8933317646123478,0.06192635934009093,14.425711023828619,1.1591372281442427,0.11380450717417315,0.8,0.9,False,1.0,1.0,True,1.0,1.0,True
4,3,0.7183109627534895,0.2444745478781123,2.9381830091723073,0.46807884298533275,0.16711933738289553,0.6666666666666666,0.8,False,0.6666666666666666,0.8,False,1.0,1.0,True
4,3,0.5464004835405537,0.06623333820774663,8.249629239862127,0.916434430646865,0.3947692821380303,0.3333333333333333,0.4,False,0.3333333333333333,0.4,False,1.0,1.0,True
6,4,0.8826682783673285,0.24191065490870076,3.6487366738633593,0.5621425218424081,0.20441501659747832,0.7333333333333333,0.8285714285714285,False,0.6,0.6571428571428571,False,1.0,1.0,True
8,4,0.16988386082220897,0.09855006734963946,1.7238330260877963,0.23649519689438223,0.08329139731966038,0.9285714285714286,0.9761904761904762,False,1.0,1.0,True,1.0,1.0,True
6,5,0.062342379990637534,0.0035274228254626363,17.67363399787136,1.247325856974606,0.30533983566989265,0.7333333333333333,0.8857142857142857,False,0.7333333333333333,0.8857142857142857,False,1.0,1.0,True
5,4,0.7239793601587297,0.047876829117158744,15.12170654351331,1.1796008057557288,0.18734629485387505,1.0,1.0,True,1.0,1.0,True,1.0,1.0,True
6,5,0.07038518390115113,0.005725629107828505,12.29300441284649,1.0896580375211906,0.2955198301877569,0.6,0.7714285714285715,False,0.6,0.7714285714285715,False,0.8666666666666667,0.9428571428571428,False
5,3,0.9821321139615636,0.9258446863314056,1.0607957559837948,0.025631773545137924,0.007624811974635354,1.0,1.0,True,1.0,1.0,True,1.0,1.0,True
5,4,0.13102155680681926,0.06721898622489184,1.9491748412645882,0.28985079714262674,0.10586666187457955,1.0,1.0,True,1.0,1.0,True,0.8,0.9,False
8,3,0.0621708179682149,0.0417669352860501,1.4885175927066656,0.1727539719154111,0.05841621776616057,1.0,1.0,True,0.8571428571428571,0.9285714285714286,False,0.9285714285714286,0.9761904761904762,False
5,5,0.9106124841710056,0.2722708085524129,3.344510155198535,0.5243325189730565,0.08148437547604079,1.0,1.0,True,1.0,1.0,True,0.8,0.9,False
5,3,0.28976153600706406,0.1069061546362715,2.7104289457441797,0.4330380266781536,0.12447903145451361,1.0,1.0,True,1.0,1.0,True,1.0,1.0,True
6,4,0.3796361144712044,0.2088312710411696,1.81790836485664,0.25957198799480147,0.1030321279992761,1.0,1.0,True,0.7333333333333333,0.8285714285714285,False,0.8666666666666667,0.9428571428571428,False
6,5,0.9283359502174088,0.07006659345773925,13.249337585736724,1.1221941658161734,0.308556521686431,0.7333333333333333,0.8857142857142857,False,0.7333333333333333,0.8857142857142857,False,1.0,1.0,True
4,3,0.1550013731761495,0.007078597372080655,21.897187395571816,1.340388335067158,0.07539881452227656,1.0,1.0,True,1.0,1.0,True,1.0,1.0,True
4,3,0.22264373214698535,0.01635776709245007,13.610887774293824,1.1338864531168338,0.11905576769866152,1.0,1.0,True,1.0,1.0,True,1.0,1.0,True
5,3,0.5066390499313698,0.005061536312892888,100.09590340007016,2.00041630358171,0.6191321785963824,0.2,0.19999999999999996,False,0.2,0.19999999999999996,False,1.0,1.0,True
10,5,0.4546484030460166,0.02576940142794303,17.642955514495423,1.2465713390792743,0.28720824782728543,0.6,0.7575757575757576,False,0.5111111111111111,0.7090909090909091,False,0.8222222222222222,0.9272727272727272,False
5,5,0.7945506128839529,0.062317094855317355,12.75012281487005,1.1055143681082853,0.19989008973215297,1.0,1.0,True,1.0,1.0,True,1.0,1.0,True
6,4,0.2510669571408259,0.06916607570282639,3.6299147318392158,0.5598964234034267,0.20339589203497688,0.3333333333333333,0.5428571428571429,False,0.4666666666666667,0.6571428571428571,False,0.8666666666666667,0.9428571428571428,False
4,3,0.023257194563148727,0.009404229047058392,2.4730570091708297,0.3932341278788614,0.20447479938571364,0.6666666666666666,0.8,False,1.0,1.0,True,1.0,1.0,True
8,4,0.42922817760759713,0.05802236758776034,7.397632937866259,0.8690927783156714,0.30755131447530687,0.35714285714285715,0.5476190476190477,False,0.2857142857142857,0.4285714285714286,False,0.7857142857142857,0.8809523809523809,False
6,5,0.5345320215136137,0.08886772816581415,6.014917141915008,0.7792296491227555,0.19353315896367784,0.8666666666666667,0.9428571428571428,False,0.8666666666666667,0.9428571428571428,False,1.0,1.0,True
6,3,0.5471300398355916,0.31514395982629967,1.736127324589757,0.23958157241825093,0.09171133306469154,0.8666666666666667,0.9428571428571428,False,0.8666666666666667,0.9428571428571428,False,1.0,1.0,True
10,4,0.3436980626826391,0.1077895544175378,3.1886026854521385,0.5036004075259239,0.16078285895682237,0.5111111111111111,0.696969696969697,False,0.5111111111111111,0.6848484848484848,False,0.6888888888888889,0.793939393939394,False
8,3,0.15946282290895322,0.03638334254285059,4.3828524747764055,0.6417568527053367,0.3485654686395746,0.7857142857142857,0.9047619047619048,False,0.6428571428571429,0.7380952380952381,False,1.0,1.0,True
6,3,0.7225472343762173,0.2691081467695317,2.6849697530425667,0.42893939761073335,0.03698994355868468,1.0,1.0,True,1.0,1.0,True,1.0,1.0,True
6,3,0.500295192918036,0.005382858858157715,92.94228327515908,1.9682133374092783,0.4694405347438527,0.8666666666666667,0.9428571428571428,False,0.8666666666666667,0.9428571428571428,False,1.0,1.0,True
10,5,0.4344999985739317,0.06770838517674477,6.41722583448569,0.8073473232159449,0.19801894527392505,0.8666666666666667,0.9636363636363636,False,0.9111111111111111,0.9757575757575757,False,0.9555555555555556,0.9878787878787879,False
6,3,0.5475333301398552,0.2481746544327351,2.206241936305593,0.34365313541206344,0.15164675082857312,0.8666666666666667,0.9428571428571428,False,0.7333333333333333,0.8285714285714285,False,1.0,1.0,True
6,5,0.4508988741191894,0.17953769614298204,2.5114440243100065,0.3999235029398461,0.06296068051508498,1.0,1.0,True,0.8666666666666667,0.9428571428571428,False,0.8666666666666667,0.9428571428571428,False
8,3,0.1553878261666853,0.11689215861127168,1.3293263467064782,0.12363161237622652,0.058863217239373364,1.0,1.0,True,1.0,1.0,True,1.0,1.0,True
6,3,0.12097402676326706,0.00825476041392624,14.655062131727297,1.1659876640169733,0.12848172962585785,1.0,1.0,True,1.0,1.0,True,0.8666666666666667,0.9428571428571428,False
10,4,0.6940491763136982,0.10850768650113743,6.396313465774855,0.8059297391768228,0.16814911444610225,0.8222222222222222,0.9151515151515152,False,0.7333333333333333,0.8787878787878788,False,0.9555555555555556,0.9878787878787879,False
4,4,0.2511441465539038,0.1039690296259913,2.4155668996328163,0.3830190698660242,0.09503060861466694,1.0,1.0,True,1.0,1.0,True,1.0,1.0,True
5,5,0.8791646574463274,0.28817961845685097,3.05075238197289,0.4844069590331156,0.18079914391769575,0.8,0.9,False,1.0,1.0,True,0.8,0.9,False
6,4,0.44136862250154607,0.17779962902460655,2.4823933824855198,0.3948706048441349,0.17844787731837047,0.8666666666666667,0.9428571428571428,False,0.8666666666666667,0.9428571428571428,False,0.8666666666666667,0.9428571428571428,False
8,4,0.44279551363832137,0.19617012337524725,2.2572015861409,0.35357034677787186,0.12092980616100432,0.5714285714285714,0.7619047619047619,False,0.35714285714285715,0.5,False,0.7142857142857143,0.8809523809523809,False
6,3,0.12734611740635807,0.020646748107214112,6.167853491451016,0.790134049120387,0.08944446505138147,1.0,1.0,True,1.0,1.0,True,1.0,1.0,True
5,3,0.49739828680996223,0.048386974427224456,10.279590585846309,1.0119758179813836,0.3868557391567754,0.8,0.9,False,0.8,0.9,False,1.0,1.0,True
6,3,0.27396791000722087,0.10178688602815228,2.691583569309263,0.43000786850111533,0.18750743132292377,0.8666666666666667,0.9428571428571428,False,0.7333333333333333,0.8285714285714285,False,1.0,1.0,True
6,5,0.8548939521232826,0.3402980473181223,2.5121917650076497,0.4000527876550994,0.19243388669499203,0.7333333333333333,0.8285714285714285,False,0.7333333333333333,0.8285714285714285,False,0.8666666666666667,0.9428571428571428,False
4,4,0.5651797478597601,0.14995767812719585,3.768928373088033,0.576217883942518,0.11754840355148924,0.6666666666666666,0.8,False,1.0,1.0,True,1.0,1.0,True
5,3,0.5421987182423026,0.05928111616897939,9.146229917257834,0.9612421144447645,0.29937689284746366,0.6,0.8,False,0.6,0.8,False,1.0,1.0,True
5,5,0.21710426967031113,0.10531960917752395,2.0613850674503027,0.3141591257182201,0.07963361287253876,0.8,0.9,False,0.8,0.9,False,1.0,1.0,True
8,4,0.8928239107346709,0.621639963790114,1.4362395642804608,0.1572268861232339,0.027339628857537608,0.9285714285714286,0.9761904761904762,False,0.9285714285714286,0.9761904761904762,False,0.9285714285714286,0.9761904761904762,False
10,3,0.22889137244079738,0.05385139154785747,4.250426328038938,0.6284324930218148,0.26352503943217787,0.6888888888888889,0.7818181818181819,False,0.7333333333333333,0.806060606060606,False,0.9111111111111111,0.9757575757575757,False
10,5,0.31649862492133723,0.020441052779885303,15.48347965801934,1.18986856787502,0.2540527202061626,0.9111111111111111,0.9757575757575757,False,0.9111111111111111,0.9636363636363636,False,0.9555555555555556,0.9878787878787879,False
8,5,0.36648666624507553,0.02245097495854412,16.323864193224207,1.2128229729930078,0.3604751731758906,0.42857142857142855,0.5476190476190477,False,0.42857142857142855,0.5476190476190477,False,0.9285714285714286,0.9761904761904762,False
10,5,0.5957537037108427,0.10545754801516836,5.649227721656338,0.7519890815986789,0.14186070126863423,0.9555555555555556,0.9878787878787879,False,0.9111111111111111,0.9757575757575757,False,1.0,1.0,True
5,4,0.8829598551277542,0.39750162369093506,2.2212735810408937,0.34660205130815935,0.08013903706352557,1.0,1.0,True,1.0,1.0,True,1.0,1.0,True
10,4,0.5367951736919075,0.21714791565091054,2.4720254490141804,0.39305293741578196,0.09751267815996989,0.9111111111111111,0.9757575757575757,False,0.8222222222222222,0.9272727272727272,False,0.9555555555555556,0.9878787878787879,False
10,3,0.5143454234232601,0.41973059241167276,1.2254180007864746,0.08828425561468566,0.0267465255564224,1.0,1.0,True,0.9111111111111111,0.9636363636363636,False,0.8666666666666667,0.9393939393939394,False
8,5,0.5417013900336296,0.03916526888333946,13.831167395616507,1.1408588375263673,0.22844972082328613,0.7142857142857143,0.8809523809523809,False,0.5,0.6666666666666667,False,0.9285714285714286,0.9761904761904762,False
4,4,0.47461596612933354,0.13226832365375796,3.5882814041565925,0.5548864944278334,0.24151142332747313,0.6666666666666666,0.8,False,1.0,1.0,True,0.6666666666666666,0.8,False
8,4,0.053874452833045455,0.011375527329609976,4.735996078887413,0.6754113341459731,0.11211584125157889,0.9285714285714286,0.9761904761904762,False,1.0,1.0,True,1.0,1.0,True
4,4,0.360264282048303,0.023609103910742973,15.259549172008624,1.1835417030159028,0.19717359998388928,0.6666666666666666,0.8,False,0.6666666666666666,0.8,False,1.0,1.0,True
8,4,0.21165335231911825,0.02437589035445414,8.682897290426995,0.938664663804596,0.3096130015233352,0.7142857142857143,0.8333333333333334,False,0.5,0.6190476190476191,False,1.0,1.0,True
8,4,0.11515543852539431,0.015033804194019916,7.659767084337881,0.8842155639505256,0.2821251872518719,0.7142857142857143,0.8333333333333334,False,0.6428571428571429,0.7380952380952381,False,1.0,1.0,True
10,3,0.60782774103163,0.39090884097463807,1.5549091688860284,0.19170502448585572,0.038097204929061865,1.0,1.0,True,0.9111111111111111,0.9636363636363636,False,0.9111111111111111,0.9757575757575757,False
10,3,0.66701377744581,0.1770471817242808,3.767435160198126,0.5760457865844182,0.0919901665389135,0.8222222222222222,0.9272727272727272,False,0.8222222222222222,0.9272727272727272,False,0.9555555555555556,0.9878787878787879,False
4,3,0.6219352870967263,0.04281630090885211,14.525666016926227,1.1621360543735328,0.21325492961999465,1.0,1.0,True,0.6666666666666666,0.8,False,1.0,1.0,True
8,4,0.20679509876952337,0.0971001715074313,2.1297088929607826,0.32832024436789553,0.16597887163386896,0.8571428571428571,0.9285714285714286,False,0.9285714285714286,0.9761904761904762,False,1.0,1.0,True
5,4,0.29964038582051805,0.01110536423610339,26.981590105744537,1.4310675403618787,0.404652377659802,0.4,0.4,False,0.2,0.0,False,0.8,0.9,False
5,3,0.8115434886434154,0.24571152395209694,3.30283039064268,0.5188862720567602,0.2699936610603816,0.6,0.7,False,0.6,0.7,False,1.0,1.0,True
10,3,0.7372369941190167,0.4867986974607806,1.5144596687769454,0.18025771222757625,0.09275988095949975,0.9555555555555556,0.9878787878787879,False,0.9111111111111111,0.9757575757575757,False,0.8666666666666667,0.9636363636363636,False
5,3,0.11797762801664992,0.00799976840274687,14.74763043907527,1.168722246083436,0.3030066312909886,0.8,0.9,False,0.8,0.9,False,1.0,1.0,True
8,3,0.4192911329333272,0.06906662341730092,6.070821363220509,0.7832474537411724,0.29639408559505054,0.5714285714285714,0.7857142857142857,False,0.5,0.6666666666666667,False,1.0,1.0,True
10,5,0.5506571699084885,0.15679719624673127,3.511906992510754,0.545543005760768,0.08102754867762206,0.8666666666666667,0.9515151515151515,False,0.8222222222222222,0.9393939393939394,False,0.8666666666666667,0.9515151515151515,False
5,3,0.3428492624435721,0.20303672445340062,1.6886071392496855,0.22752862109152408,0.061635647351721584,1.0,1.0,True,1.0,1.0,True,1.0,1.0,True
4,5,0.4446313066915651,0.14013487687936652,3.17288113130572,0.5014538020137419,0.1158158205465751,1.0,1.0,True,1.0,1.0,True,0.6666666666666666,0.8,False
8,3,0.1904231588531814,0.13842294444705489,1.3756618139606205,0.1385116821680453,0.048572565265927,1.0,1.0,True,1.0,1.0,True,0.8571428571428571,0.9285714285714286,False
5,4,0.5475421198385986,0.3917534312344807,1.3976702593562589,0.1454047240325295,0.06573537666038268,1.0,1.0,True,1.0,1.0,True,0.8,0.9,False
4,4,0.9528741069055188,0.23115107646179028,4.122300105571467,0.61513960545614,0.23673612735780947,0.3333333333333333,0.4,False,0.0,0.19999999999999996,False,0.6666666666666666,0.8,False
10,4,0.017847722969839268,0.000149636820987228,119.27360346748497,2.076544340259966,0.12364038480376623,0.7777777777777778,0.9030303030303031,False,0.6,0.806060606060606,False,0.7333333333333333,0.8666666666666667,False
8,5,0.8028235325166405,0.03643667592999721,22.03339113691397,1.3430813441189207,0.4061041006091846,0.5,0.6666666666666667,False,0.21428571428571427,0.3571428571428571,False,0.8571428571428571,0.9523809523809523,False
8,3,0.34119197220722036,0.1599985443847883,2.132469226623329,0.3288827726395093,0.08612715511684145,0.9285714285714286,0.9761904761904762,False,0.9285714285714286,0.9761904761904762,False,0.9285714285714286,0.9761904761904762,False
10,5,0.5307545783949658,0.03132634949799793,16.94275224797398,1.2289839602461143,0.21543708891364358,0.6888888888888889,0.8303030303030303,False,0.6444444444444445,0.8181818181818181,False,0.9111111111111111,0.9636363636363636,False
6,4,0.22367124758758822,0.009902663326087038,22.586978896452415,1.3538581460889298,0.16480652648392718,1.0,1.0,True,0.7333333333333333,0.8857142857142857,False,0.8666666666666667,0.9428571428571428,False
6,4,0.6236507178994093,0.02918573828493852,21.36833791180399,1.3297707428564223,0.2815616812283565,0.6,0.7714285714285715,False,0.6,0.7714285714285715,False,0.8666666666666667,0.9428571428571428,False
4,4,0.170770013139299,0.006459555293358561,26.43680646072348,1.422208991651257,0.2593600312800296,0.6666666666666666,0.8,False,0.6666666666666666,0.8,False,1.0,1.0,True
6,3,0.33015265653772263,0.12062127851444124,2.737101285951453,0.43729086869836536,0.1061610405338832,0.8666666666666667,0.9428571428571428,False,1.0,1.0,True,1.0,1.0,True
8,5,0.06999227343911282,0.029597172319602072,2.3648297439006507,0.3737998791346768,0.0770872416421979,0.9285714285714286,0.9761904761904762,False,0.9285714285714286,0.9761904761904762,False,1.0,1.0,True
4,5,0.46535560485836,0.21870359283724525,2.1277913125210537,0.327929031393286,0.02557714068514226,1.0,1.0,True,1.0,1.0,True,1.0,1.0,True
10,3,0.27977098069840156,0.03187825173617403,8.776233496272747,0.9433081693517282,0.25176642173355324,0.6444444444444445,0.8181818181818181,False,0.6,0.7696969696969697,False,0.8666666666666667,0.9515151515151515,False
5,5,0.6672174006208882,0.19199796668499525,3.475127430448754,0.5409707344875789,0.1033355777416736,0.8,0.9,False,0.8,0.9,False,1.0,1.0,True
10,4,0.3225680473549721,0.04647532907421031,6.940629658220713,0.8413988717064784,0.37231542732490974,0.6888888888888889,0.8545454545454545,False,0.6444444444444445,0.806060606060606,False,0.6444444444444445,0.7696969696969697,False
10,4,0.11745049361353378,0.057015661193986704,2.0599689831161867,0.3138606812609507,0.10275323169497963,1.0,1.0,True,0.9555555555555556,0.9878787878787879,False,0.8666666666666667,0.9636363636363636,False
6,5,0.08775767768997159,0.006420158411562495,13.669082918305225,1.1357393780001594,0.42296412933303007,0.8666666666666667,0.9428571428571428,False,0.7333333333333333,0.8857142857142857,False,0.6,0.7714285714285715,False
5,5,0.3696336229541162,0.08090982588853435,4.568463952187644,0.6597702024276604,0.1268584502597632,1.0,1.0,True,0.8,0.9,False,1.0,1.0,True
4,4,0.21726178375406074,0.05595833761504438,3.882563224890502,0.5891185366472139,0.12029257416487617,0.6666666666666666,0.8,False,0.6666666666666666,0.8,False,1.0,1.0,True
4,3,0.8702741113053281,0.6845158351337434,1.2713717735018053,0.10427256516547104,0.05772958348501932,1.0,1.0,True,1.0,1.0,True,1.0,1.0,True
8,3,0.4952875353736278,0.3764751371887413,1.3155916193318384,0.11912109824818924,0.026247669307441004,0.9285714285714286,0.9761904761904762,False,1.0,1.0,True,0.9285714285714286,0.9761904761904762,False
6,3,0.2965809050416078,0.14726320444457278,2.013951184603086,0.30404893964637675,0.16515467281931365,1.0,1.0,True,1.0,1.0,True,0.7333333333333333,0.8857142857142857,False
5,3,0.32421531016352306,0.07318983596854184,4.4297859923944385,0.6463827455081226,0.2648740136595262,1.0,1.0,True,1.0,1.0,True,1.0,1.0,True
4,5,0.3084173371989554,0.008994005383217762,34.29143346302093,1.5351856400308932,0.3130031965685857,1.0,1.0,True,1.0,1.0,True,1.0,1.0,True
10,5,0.2387098170082539,0.0979841544853775,2.4362083671543147,0.3867144304449635,0.1894701427556708,0.5555555555555556,0.7575757575757576,False,0.6444444444444445,0.8424242424242424,False,0.9111111111111111,0.9636363636363636,False
6,3,0.5296543444883547,0.3656776600521484,1.4484186548649802,0.16089410966385592,0.01391086058814904,1.0,1.0,True,1.0,1.0,True,1.0,1.0,True
4,3,0.165648660419152,0.0041089225730739625,40.3143786316014,1.6054599703750743,0.2147049363806968,0.6666666666666666,0.8,False,0.3333333333333333,0.4,False,0.6666666666666666,0.8,False
8,3,0.20616454645768578,0.003749323481453742,54.98713232467249,1.740261071054031,0.6526713571854339,0.42857142857142855,0.5952380952380952,False,0.42857142857142855,0.5952380952380952,False,0.9285714285714286,0.9761904761904762,False
5,3,0.22223490094071735,0.019627845798161802,11.322429532751261,1.0539396264508203,0.24209237811329323,0.8,0.9,False,1.0,1.0,True,1.0,1.0,True
10,3,0.5649671640638954,0.10516278096537836,5.372310991324214,0.7301611450813267,0.38267741145710793,0.37777777777777777,0.47878787878787876,False,0.2,0.1636363636363637,False,0.9555555555555556,0.9878787878787879,False
5,4,0.8756870567210765,0.2690579563781108,3.2546410019081797,0.5125030913715751,0.21710882390458652,1.0,1.0,True,0.8,0.9,False,1.0,1.0,True
6,4,0.860413080662767,0.5155712883290787,1.6688537553160134,0.22241828033288788,0.09261962525572368,1.0,1.0,True,0.7333333333333333,0.8857142857142857,False,0.6,0.7714285714285715,False
6,5,0.10368670333258288,0.01301926550368968,7.964097766900429,0.9011365827673197,0.16664976355668265,0.7333333333333333,0.8857142857142857,False,0.6,0.7714285714285715,False,0.6,0.7714285714285715,False
6,4,0.5822495167608768,0.005467959773987674,106.4838698017286,2.027283825740453,0.3646746615908055,0.6,0.7714285714285715,False,0.4666666666666667,0.6571428571428571,False,1.0,1.0,True
5,5,0.9919804425951513,0.05806397847398801,17.084265815895872,1.2325963200410592,0.22340916958933,1.0,1.0,True,1.0,1.0,True,1.0,1.0,True
8,4,0.8449348922712524,0.21418097428373115,3.944957740027833,0.5960423552333932,0.12852814493208453,0.8571428571428571,0.9523809523809523,False,0.8571428571428571,0.9523809523809523,False,1.0,1.0,True
5,3,0.3493256174351456,0.07941634563548637,4.398661442244132,0.6433205363293276,0.18855728930090215,1.0,1.0,True,0.6,0.7,False,1.0,1.0,True
4,4,0.9237860772415062,0.459060180290601,2.0123419910973444,0.303701789617021,0.141800409389664,0.6666666666666666,0.8,False,0.6666666666666666,0.8,False,1.0,1.0,True
8,5,0.32851834047393286,0.07968574407180307,4.122673939943255,0.6151789880434054,0.15967049070299175,0.9285714285714286,0.9761904761904762,False,0.8571428571428571,0.9523809523809523,False,1.0,1.0,True
4,4,0.33184681956000683,0.013970028190753022,23.754198273981093,1.3757403771647494,0.20708111970916837,1.0,1.0,True,1.0,1.0,True,1.0,1.0,True
5,3,0.46737983018576845,0.12018018612506806,3.8889923975944813,0.5898370941667467,0.10235263314324203,1.0,1.0,True,1.0,1.0,True,1.0,1.0,True
5,3,0.47037956960945626,0.022398264640247207,21.000714883207312,1.3222340787600024,0.02782016679985093,1.0,1.0,True,1.0,1.0,True,0.8,0.9,False
4,3,0.3073729837449823,0.12769446732847747,2.40709711370578,0.381493612126188,0.10323523980478516,1.0,1.0,True,1.0,1.0,True,1.0,1.0,True
10,3,0.5166984783600725,0.05266054885973071,9.81187035719215,0.991751801302792,0.2196859525507432,0.7333333333333333,0.8909090909090909,False,0.7333333333333333,0.8909090909090909,False,0.9111111111111111,0.9757575757575757,False
8,3,0.2704967670194714,0.1061166059469237,2.549052192191452,0.4063787277990799,0.21840063196577303,0.5714285714285714,0.6904761904761905,False,0.5,0.7380952380952381,False,0.7857142857142857,0.9047619047619048,False
8,4,0.6978207029614719,0.04415144252176048,15.805162030702368,1.1987989524805167,0.3823618305253962,0.5,0.6190476190476191,False,0.42857142857142855,0.5,False,1.0,1.0,True
5,3,0.6955230393900665,0.14088592989356372,4.936781408268252,0.6934438978728446,0.21282174500660572,0.8,0.9,False,0.8,0.9,False,1.0,1.0,True
8,5,0.8038324186565694,0.10215193795903323,7.86898843731254,0.8959189071584022,0.1666991864999345,0.8571428571428571,0.9523809523809523,False,0.9285714285714286,0.9761904761904762,False,0.8571428571428571,0.9285714285714286,False
5,5,0.8958014491448968,0.149029567038467,6.010897481220385,0.7789393209281976,0.32742189229362073,0.6,0.8,False,0.6,0.8,False,0.6,0.8,False
6,4,0.7259123123297266,0.08385978115976402,8.656262898398351,0.9373304378722314,0.34695204657563866,0.06666666666666667,0.08571428571428574,False,0.06666666666666667,0.08571428571428574,False,0.7333333333333333,0.8285714285714285,False
6,5,0.4541961929399508,0.005691144271092768,79.80753451764669,1.9020438944205416,0.30650076944988563,0.8666666666666667,0.9428571428571428,False,0.8666666666666667,0.9428571428571428,False,1.0,1.0,True
4,5,0.509503550808527,0.03284211757310938,15.513724097077922,1.1907160634919434,0.30555342267609836,1.0,1.0,True,1.0,1.0,True,1.0,1.0,True
6,5,0.13119197400962834,0.008032371052774157,16.33290757253867,1.2130635044124998,0.2227449108444755,1.0,1.0,True,1.0,1.0,True,1.0,1.0,True
5,5,0.1739353629881828,0.017321457219696433,10.041612594831642,1.001803462291033,0.40885915219864,0.6,0.7,False,0.6,0.7,False,0.4,0.6,False
10,4,0.490502012628926,0.026008889911949506,18.859013755320298,1.2755189772760889,0.3226065106067286,0.6,0.793939393939394,False,0.6444444444444445,0.806060606060606,False,0.8222222222222222,0.9393939393939394,False
8,3,0.48376761552911673,0.09934596995002384,4.869524307504444,0.6874865380696132,0.12663383628358302,0.7857142857142857,0.9047619047619048,False,0.7857142857142857,0.9047619047619048,False,0.8571428571428571,0.9285714285714286,False
10,4,0.3902594223927557,0.1825214454907072,2.138156540133729,0.33003949789219345,0.11779063885668908,1.0,1.0,True,0.9555555555555556,0.9878787878787879,False,0.8222222222222222,0.9393939393939394,False
10,4,0.2099414131073332,0.032966654742709774,6.368295926276573,0.804023236287851,0.3112618018073638,0.7777777777777778,0.8909090909090909,False,0.7777777777777778,0.8909090909090909,False,0.8222222222222222,0.9151515151515152,False
6,5,0.5522873355268796,0.05648415097235046,9.777739879412401,0.9902384793955519,0.22199727232105965,0.8666666666666667,0.9428571428571428,False,0.8666666666666667,0.9428571428571428,False,1.0,1.0,True
6,5,0.5878043621572274,0.04659119931330288,12.616210160032933,1.100928914831184,0.17396490329558642,1.0,1.0,True,1.0,1.0,True,1.0,1.0,True
6,5,0.6894670105056302,0.13204209007944032,5.221569956107219,0.717801100849559,0.3072414077577652,0.7333333333333333,0.8285714285714285,False,0.8666666666666667,0.9428571428571428,False,0.8666666666666667,0.9428571428571428,False
6,4,0.2643457036482033,0.091184136075906,2.8990317287784615,0.46225296856575865,0.22372945878054185,1.0,1.0,True,1.0,1.0,True,1.0,1.0,True
10,5,0.5956856999528611,0.16664859052511283,3.5745018789074052,0.5532155296855067,0.11826362427193249,0.9555555555555556,0.9878787878787879,False,0.9111111111111111,0.9757575757575757,False,0.9111111111111111,0.9757575757575757,False
5,3,0.24733309131969303,0.020486170564273407,12.073173487042679,1.0818214413283769,0.23978372757034902,0.6,0.7,False,0.6,0.7,False,0.8,0.9,False
8,3,0.13490856288835495,0.020840486289432494,6.473388432893198,0.8111316674537083,0.4252460802693721,0.7142857142857143,0.8809523809523809,False,0.7142857142857143,0.8809523809523809,False,0.9285714285714286,0.9761904761904762,False
6,3,0.09554338995396294,0.04442788027532927,2.150527762290462,0.33254505346147883,0.1874561858658773,0.8666666666666667,0.9428571428571428,False,0.7333333333333333,0.8285714285714285,False,0.8666666666666667,0.9428571428571428,False
10,3,0.6720912305921714,0.01512834363955188,44.42596272011002,1.6476368478335837,0.6035359849179167,0.8666666666666667,0.9515151515151515,False,0.8666666666666667,0.9515151515151515,False,0.7333333333333333,0.8787878787878788,False
5,4,0.4397409828464949,0.0068731333161246005,63.979696385470675,1.8060421748161162,0.2858359773098108,0.8,0.9,False,1.0,1.0,True,0.6,0.8,False
10,3,0.2544900268711739,0.008908768131995886,28.56624205187308,1.4558531118045046,0.42028441085617796,0.37777777777777777,0.503030303030303,False,0.37777777777777777,0.503030303030303,False,0.9555555555555556,0.9878787878787879,False
5,5,0.49987731411665803,0.0415623871288744,12.02715600898087,1.0801629444116148,0.4911420053629705,0.0,0.09999999999999998,False,0.0,0.09999999999999998,False,1.0,1.0,True
8,5,0.6764811909759416,0.00968350864198407,69.8590992084329,1.8442229813684883,0.27208031684195166,0.7857142857142857,0.8571428571428572,False,0.7142857142857143,0.8333333333333334,False,1.0,1.0,True
6,3,0.7731056267382449,0.42754088402917123,1.8082612812385153,0.2572611832199228,0.10136831364687605,0.8666666666666667,0.9428571428571428,False,1.0,1.0,True,0.8666666666666667,0.9428571428571428,False
8,5,0.1871409360635697,0.05870866060236849,3.1876206021438724,0.5034666250827176,0.18995954141569082,0.7142857142857143,0.8333333333333334,False,0.7857142857142857,0.8571428571428572,False,0.8571428571428571,0.9285714285714286,False
4,4,0.8756944372839517,0.024634455445027244,35.54754596473832,1.5508096244536977,0.6497162995015205,0.6666666666666666,0.8,False,0.6666666666666666,0.8,False,1.0,1.0,True
10,4,0.4913226753347053,0.09207057251331485,5.3363703723935885,0.7272459642939331,0.04612520073665319,0.9111111111111111,0.9636363636363636,False,0.9111111111111111,0.9636363636363636,False,1.0,1.0,True
10,5,0.29972579875435673,0.012362279329761494,24.245188992659184,1.3846255738154987,0.37478536652468447,0.5555555555555556,0.7090909090909091,False,0.3333333333333333,0.4545454545454546,False,0.7777777777777778,0.8909090909090909,False
8,5,0.1855091100954783,0.07070476834235317,2.6237142761661794,0.4189165383862559,0.18492344312536502,0.2857142857142857,0.2857142857142857,False,0.2857142857142857,0.26190476190476186,False,0.8571428571428571,0.9285714285714286,False
6,4,0.5087255396974987,0.14197910511641956,3.58310146606976,0.554259106667439,0.2482858176666271,0.6,0.7714285714285715,False,0.6,0.7714285714285715,False,0.8666666666666667,0.9428571428571428,False
6,3,0.6682359205367625,0.13418422024389473,4.979988849040442,0.6972283703087887,0.15402214426553074,1.0,1.0,True,0.8666666666666667,0.9428571428571428,False,1.0,1.0,True
5,4,0.05011582646009842,0.018872956157298143,2.65543066172298,0.4241349656594122,0.20010883820171158,0.6,0.8,False,0.6,0.8,False,1.0,1.0,True
4,4,0.7625152699602241,0.08845543236966888,8.62033285604139,0.9355240355174176,0.3010745342058945,0.6666666666666666,0.8,False,0.6666666666666666,0.8,False,1.0,1.0,True
5,3,0.8503536057639008,0.15381083691393238,5.52856757573072,0.7426126223463523,0.04316987977452208,1.0,1.0,True,1.0,1.0,True,1.0,1.0,True
5,3,0.4084086779242617,0.1717387733412242,2.3780807908207477,0.37622660487124504,0.1580146747179809,0.8,0.9,False,0.8,0.9,False,0.8,0.9,False
6,4,0.384245340620309,0.10710679414620403,3.5874973542034594,0.5547915894478992,0.17676357026107753,1.0,1.0,True,0.8666666666666667,0.9428571428571428,False,0.8666666666666667,0.9428571428571428,False
4,5,0.94473447148781,0.09589054122886939,9.852217532312041,0.9935339922900647,0.2577290813777918,1.0,1.0,True,1.0,1.0,True,0.6666666666666666,0.8,False
10,5,0.27484942525605477,0.01712326215716639,16.051230350694254,1.2055083273351606,0.39753648367204736,0.3333333333333333,0.49090909090909096,False,0.2,0.2848484848484848,False,0.8666666666666667,0.9515151515151515,False
5,5,0.47715604588221305,0.0035676999706815483,133.74332193559349,2.1262721060657683,0.14735598223117494,1.0,1.0,True,0.8,0.9,False,1.0,1.0,True
4,3,0.7307588607052131,0.4691934441010579,1.5574788392530483,0.1924221548123861,0.05094983939270771,1.0,1.0,True,1.0,1.0,True,1.0,1.0,True
5,4,0.8019542058339412,0.19640633705816765,4.083138140254362,0.6109940731719169,0.038496658620993586,0.6,0.7,False,0.6,0.7,False,1.0,1.0,True
6,4,0.2618301896853955,0.012937965717416306,20.237353799191027,1.306153724297122,0.1870869498859925,1.0,1.0,True,1.0,1.0,True,1.0,1.0,True
5,5,0.6133554405890759,0.22429015898288168,2.7346515931318853,0.4369020031306082,0.11108382433375352,0.8,0.9,False,0.8,0.9,False,1.0,1.0,True
4,3,0.7647496294392978,0.4465846981362531,1.7124402887719634,0.2336154369767518,0.04823838842638145,1.0,1.0,True,1.0,1.0,True,1.0,1.0,True
10,4,0.8920602453189237,0.023086643476382354,38.639668265023545,1.5870333891904491,0.3669624947108757,0.4666666666666667,0.6363636363636364,False,0.4666666666666667,0.6121212121212121,False,0.8222222222222222,0.9393939393939394,False
4,3,0.18453141240844723,0.13131520829004886,1.4052554522051186,0.14775527897333954,0.054355122832378554,1.0,1.0,True,1.0,1.0,True,1.0,1.0,True
6,4,0.8823351791195866,0.348187581519033,2.5340799785785046,0.40382031761418735,0.08047386757037323,0.8666666666666667,0.9428571428571428,False,0.8666666666666667,0.9428571428571428,False,0.8666666666666667,0.9428571428571428,False
8,4,0.03731208074988128,0.014915661740314891,2.501537068686034,0.398206942800686,0.047047243573649165,1.0,1.0,True,1.0,1.0,True,1.0,1.0,True
5,4,0.44580975884318974,0.03706413554415765,12.028063039539415,1.0801956955884704,0.3325380443584798,0.8,0.9,False,0.8,0.9,False,1.0,1.0,True
5,3,0.22725980942235408,0.17044391797596706,1.3333406795604454,0.12494112942113135,0.05118815043312264,1.0,1.0,True,0.8,0.9,False,0.8,0.9,False
8,5,0.47969180022209684,0.012026976384543971,39.88465469996853,1.6008058365139273,0.2777816266684918,0.5,0.7142857142857143,False,0.21428571428571427,0.30952380952380953,False,0.7142857142857143,0.8809523809523809,False
10,3,0.5947889467285776,0.2830908545271518,2.1010532032903564,0.3224370498371151,0.17880256561151084,0.9555555555555556,0.9878787878787879,False,1.0,1.0,True,0.9555555555555556,0.9878787878787879,False
10,5,0.7330806731456623,0.3677578415155439,1.9933787682748405,0.2995898282250212,0.06928053567180417,0.9555555555555556,0.9878787878787879,False,0.8666666666666667,0.9393939393939394,False,0.8666666666666667,0.9636363636363636,False
10,3,0.15091949370959076,0.052025678553673495,2.9008654553345288,0.46252758631358226,0.21159102605725774,0.6,0.696969696969697,False,0.6,0.6484848484848484,False,0.9555555555555556,0.9878787878787879,False
10,3,0.34454303064373526,0.002461980461715014,139.9454771723823,2.1459588672836585,0.1471331674501544,0.8222222222222222,0.9393939393939394,False,0.8666666666666667,0.9515151515151515,False,0.9111111111111111,0.9757575757575757,False
10,4,0.25750807814631554,0.027323094747877207,9.424557522236656,0.974260969470727,0.25250521922975283,0.8222222222222222,0.9272727272727272,False,0.7777777777777778,0.9030303030303031,False,1.0,1.0,True
6,5,0.1450363402509978,0.031124051199000486,4.659944147984037,0.6683807114608805,0.1222485492530313,1.0,1.0,True,0.8666666666666667,0.9428571428571428,False,0.8666666666666667,0.9428571428571428,False
8,3,0.12868139315464422,0.05598371542463286,2.298550429822416,0.36145403654112085,0.07599456114398685,0.9285714285714286,0.9761904761904762,False,0.8571428571428571,0.9523809523809523,False,1.0,1.0,True
6,3,0.3884622929355199,0.04800190873106564,8.092642630188248,0.9080903624407323,0.32270342537770147,0.7333333333333333,0.8285714285714285,False,0.7333333333333333,0.8285714285714285,False,1.0,1.0,True
6,4,0.4209567116877347,0.0950586569973857,4.428389007167263,0.6462457640236696,0.2624134567785936,0.6,0.7714285714285715,False,0.6,0.7714285714285715,False,1.0,1.0,True
8,4,0.42378296568467794,0.08406860921612389,5.040918002939411,0.7025096331333355,0.20666422711097693,0.8571428571428571,0.9523809523809523,False,0.7857142857142857,0.9047619047619048,False,0.9285714285714286,0.9761904761904762,False
10,4,0.3927536670824692,0.021968946151593425,17.87767443893092,1.2523110243018054,0.4560269178863228,0.37777777777777777,0.4545454545454546,False,0.37777777777777777,0.4545454545454546,False,1.0,1.0,True
4,5,0.7913615665572282,0.05009978219899223,15.795708719814575,1.1985391165469337,0.22324911934861635,1.0,1.0,True,1.0,1.0,True,1.0,1.0,True
8,5,0.7415606097892999,0.018384957658408082,40.335181811518794,1.6056840188731667,0.6658041389425077,0.7857142857142857,0.8809523809523809,False,0.7857142857142857,0.8809523809523809,False,1.0,1.0,True
4,3,0.19406549502707807,0.16858521687228548,1.15114182979012,0.061128835446048684,0.026148827921340087,1.0,1.0,True,1.0,1.0,True,1.0,1.0,True
5,4,0.6955077823058731,0.011501141060631508,60.47293730064128,1.7815610637354122,0.4313876729520905,1.0,1.0,True,0.8,0.9,False,1.0,1.0,True
6,5,0.2536174400585658,0.015203882857468152,16.68109669217214,1.2222245997610546,0.38087602414259586,0.3333333333333333,0.5428571428571429,False,0.2,0.4285714285714286,False,0.8666666666666667,0.9428571428571428,False
8,3,0.21712595039284321,0.172967044684786,1.255302423575987,0.09874836730538962,0.023598576170827765,1.0,1.0,True,0.9285714285714286,0.9761904761904762,False,0.8571428571428571,0.9523809523809523,False
5,4,0.626172876539333,0.08060999683235351,7.767930791931816,0.8903053475878978,0.12359933167328713,0.8,0.9,False,0.8,0.9,False,0.8,0.9,False
6,4,0.20310291505886427,0.031712205623240564,6.404566035722661,0.8064897079017794,0.264207434864543,0.3333333333333333,0.48571428571428577,False,0.2,0.4285714285714286,False,1.0,1.0,True
6,5,0.6295828333066487,0.09350146759524522,6.733400549660796,0.8282344501033584,0.3477885864034125,0.6,0.7142857142857143,False,0.6,0.7714285714285715,False,1.0,1.0,True
10,3,0.23843809587736442,0.025486328035976388,9.355529581641997,0.9710683763229503,0.14459801357121532,0.8666666666666667,0.9515151515151515,False,0.9111111111111111,0.9757575757575757,False,0.9111111111111111,0.9757575757575757,False
5,4,0.8169186357263662,0.2906146175279893,2.8110032546620864,0.44886134844663184,0.14271156351349323,0.8,0.9,False,0.8,0.9,False,1.0,1.0,True
5,3,0.4863344140783469,0.2094639067645823,2.3218053247838024,0.36582580286314204,0.12128744138437143,1.0,1.0,True,1.0,1.0,True,1.0,1.0,True
5,4,0.22003992592979388,0.07684231467941839,2.8635254787017277,0.45690105167506434,0.16167436626448944,0.8,0.9,False,1.0,1.0,True,0.8,0.9,False
4,4,0.5541223357876051,0.11166109151858589,4.9625373372819785,0.6957037873408504,0.28454454722364353,0.6666666666666666,0.8,False,0.6666666666666666,0.8,False,0.6666666666666666,0.8,False
8,4,0.0736155207185193,0.04552095119989159,1.6171788764615587,0.20875805995813848,0.01854550300841439,0.9285714285714286,0.9761904761904762,False,0.9285714285714286,0.9761904761904762,False,1.0,1.0,True
4,3,0.3108041046415103,0.022568469337529644,13.77160763450161,1.1389846407681665,0.09168074166246137,1.0,1.0,True,1.0,1.0,True,1.0,1.0,True
5,3,0.357486690226626,0.013781054339253645,25.94044558567834,1.4139774317996912,0.4470229753453109,0.6,0.7,False,0.6,0.7,False,1.0,1.0,True
8,4,0.4902109191713114,0.09503298679564473,5.15832381676358,0.7125086017451827,0.13818383508503693,0.9285714285714286,0.9761904761904762,False,0.7857142857142857,0.9047619047619048,False,0.9285714285714286,0.9761904761904762,False
10,5,0.578315098313115,0.04736129474932277,12.210711327928252,1.086740964255754,0.1815795439532215,0.7333333333333333,0.8545454545454545,False,0.6888888888888889,0.806060606060606,False,0.8666666666666667,0.9515151515151515,False
4,3,0.8131506637641839,0.28856966474162726,2.8178660584071644,0.4499203459496531,0.1097740041009477,1.0,1.0,True,0.6666666666666666,0.8,False,1.0,1.0,True
6,3,0.5872747017246797,0.2170233252168855,2.7060441597006766,0.43233487953353356,0.07560640694364251,1.0,1.0,True,0.8666666666666667,0.9428571428571428,False,1.0,1.0,True
10,3,0.08412986750621583,0.04460311221942141,1.8861882796532123,0.2755850419183934,0.11693626861932545,1.0,1.0,True,0.9555555555555556,0.9878787878787879,False,1.0,1.0,True
8,5,0.6559806986438894,0.06642851339588404,9.874986885897396,0.9945365275505305,0.18826009688322154,0.7142857142857143,0.8809523809523809,False,0.8571428571428571,0.9523809523809523,False,0.8571428571428571,0.9523809523809523,False
6,4,0.6846167339810268,0.22532683771160214,3.0383275287173546,0.48263458856806424,0.1778011855262615,0.8666666666666667,0.9428571428571428,False,0.7333333333333333,0.8285714285714285,False,0.8666666666666667,0.9428571428571428,False
5,3,0.4698520135484603,0.15619866771997898,3.008041108185167,0.4782837670711963,0.10295964689143924,1.0,1.0,True,1.0,1.0,True,1.0,1.0,True
8,3,0.46888986289571505,0.2556525098921362,1.8340905907464509,0.2634207828550756,0.04338609365846191,1.0,1.0,True,0.7142857142857143,0.8095238095238095,False,0.8571428571428571,0.9523809523809523,False
10,5,0.5016284943608503,0.22308429360443777,2.248605162889975,0.35191320348715527,0.07036478670885149,0.9555555555555556,0.9878787878787879,False,1.0,1.0,True,1.0,1.0,True
4,4,0.8743234569635282,0.10152175366900815,8.612178428334452,0.9351130190193471,0.1105001985688907,0.6666666666666666,0.8,False,0.6666666666666666,0.8,False,1.0,1.0,True
4,4,0.3218936337180458,0.1319914519373569,2.438746062649403,0.38716658123557585,0.10875081267242864,1.0,1.0,True,1.0,1.0,True,1.0,1.0,True
10,5,0.777895023576543,0.03888660266621519,20.004190909492245,1.3011209905738603,0.3602417775582234,0.5555555555555556,0.7090909090909091,False,0.6,0.7212121212121212,False,1.0,1.0,True
10,5,0.2772277151847221,0.1829987746358566,1.5149156912927628,0.18038846397683095,0.07337239293587247,0.8222222222222222,0.9393939393939394,False,0.8222222222222222,0.9272727272727272,False,0.8666666666666667,0.9515151515151515,False
4,3,0.06397773688829073,0.001738305179208049,36.804663310405346,1.5659028491536005,0.2619915724045094,1.0,1.0,True,1.0,1.0,True,1.0,1.0,True
10,3,0.09536461065962083,0.005040007706412674,18.921520798343575,1.2769560394540145,0.2651648165523778,0.7777777777777778,0.8666666666666667,False,0.9111111111111111,0.9757575757575757,False,0.9555555555555556,0.9878787878787879,False
8,4,0.6529496165851402,0.46111249871514565,1.416031051865039,0.15107277701602143,0.052168498682630675,1.0,1.0,True,1.0,1.0,True,0.9285714285714286,0.9761904761904762,False
8,3,0.3078922224226785,0.26019945308149317,1.1832931190868603,0.07309233907731472,0.020415375262591157,1.0,1.0,True,0.7857142857142857,0.9047619047619048,False,0.7857142857142857,0.9047619047619048,False
8,5,0.21483145129976985,0.0948923296036326,2.263949596293628,0.3548667536579216,0.10390330743253216,0.5714285714285714,0.7619047619047619,False,0.6428571428571429,0.7857142857142857,False,0.7857142857142857,0.8571428571428572,False
10,4,0.26828774516356,0.07170499759414542,3.7415487645413945,0.5730514098646075,0.09168135236335259,0.9111111111111111,0.9757575757575757,False,0.9111111111111111,0.9757575757575757,False,0.8222222222222222,0.9030303030303031,False
10,4,0.11237961612746808,0.01718786383758853,6.538311984713554,0.8154656397082318,0.3226161463695265,0.5111111111111111,0.7454545454545455,False,0.5555555555555556,0.7575757575757576,False,0.9555555555555556,0.9878787878787879,False
5,3,0.06279639130063384,0.0578426625608189,1.0856414369501177,0.03568641119492357,0.013449738159155539,1.0,1.0,True,1.0,1.0,True,1.0,1.0,True
10,3,0.6481304461479973,0.03135151976642205,20.67301524634483,1.3154038249265672,0.27329565805661493,0.5555555555555556,0.7212121212121212,False,0.5555555555555556,0.696969696969697,False,0.9111111111111111,0.9636363636363636,False
6,5,0.13802918258058777,0.02160147846493593,6.389802568294131,0.8054874395629312,0.09157893161481744,1.0,1.0,True,0.8666666666666667,0.9428571428571428,False,1.0,1.0,True
4,4,0.6192563135529797,0.13101651863237243,4.726551430402939,0.6745443878868643,0.2353922162349945,1.0,1.0,True,1.0,1.0,True,1.0,1.0,True
5,3,0.43965554470879065,0.04788792430524893,9.180927156022499,0.9628865415947133,0.3660846742979955,0.6,0.8,False,0.6,0.8,False,1.0,1.0,True
10,3,0.5015403977950033,0.3513921196778054,1.4272955189019119,0.15451390229542525,0.0638762709265919,1.0,1.0,True,0.9111111111111111,0.9757575757575757,False,0.9111111111111111,0.9636363636363636,False
8,5,0.8393679467947015,0.6144917373564065,1.3659548139806807,0.1354363330472493,0.02787866729650267,1.0,1.0,True,0.9285714285714286,0.9761904761904762,False,0.8571428571428571,0.9523809523809523,False
4,4,0.20204914192600484,0.04278225545498367,4.722732351824747,0.6741933338004383,0.17237190598398838,0.6666666666666666,0.8,False,0.6666666666666666,0.8,False,1.0,1.0,True
4,4,0.07079262049882659,0.010384588325374911,6.817084921799604,0.8335987041259673,0.25183197151106324,0.3333333333333333,0.6,False,0.3333333333333333,0.6,False,0.6666666666666666,0.8,False
5,4,0.26853717846688413,0.02125367743913664,12.634857154638258,1.1015703362992217,0.4034513076724432,0.4,0.6,False,0.4,0.6,False,0.2,0.19999999999999996,False
5,3,0.24690853422422007,0.06275432497843275,3.9345261749710865,0.5948924388588177,0.2911779403608258,1.0,1.0,True,1.0,1.0,True,1.0,1.0,True
4,4,0.19746046086134603,0.003269673527920152,60.3914914179703,1.7809757550031957,0.26256362226871255,0.0,0.19999999999999996,False,0.0,0.19999999999999996,False,0.0,0.19999999999999996,False
8,3,0.20130614008873388,0.018364814731710918,10.96151216435485,1.0398704701460388,0.18437916150906464,0.9285714285714286,0.9761904761904762,False,0.8571428571428571,0.9285714285714286,False,0.9285714285714286,0.9761904761904762,False
4,4,0.23980580726682754,0.0098563252244369,24.33014351514539,1.3861446706920961,0.5244277298187633,0.3333333333333333,0.4,False,0.3333333333333333,0.4,False,1.0,1.0,True
8,4,0.18230863664475747,0.02998604211827384,6.079783251140594,0.7838880966228119,0.20214881288836883,0.7857142857142857,0.9047619047619048,False,0.7857142857142857,0.9047619047619048,False,0.8571428571428571,0.9285714285714286,False
4,5,0.6899557592080506,0.41860934665329746,1.6482091590225307,0.21701232316538305,0.08147180462527293,1.0,1.0,True,1.0,1.0,True,1.0,1.0,True
5,5,0.8974993719470483,0.3053782318995245,2.9389762536820387,0.46819607707753974,0.06627261004811254,1.0,1.0,True,0.8,0.9,False,0.6,0.8,False
4,4,0.8812415082111431,0.0927226708939568,9.50405655602263,0.9779090120116413,0.20057808986624748,1.0,1.0,True,1.0,1.0,True,1.0,1.0,True
10,4,0.7821598424771159,0.05885522523062121,13.28955652448823,1.1235104886792917,0.14752788015868218,0.8222222222222222,0.9151515151515152,False,0.6888888888888889,0.7333333333333334,False,0.8222222222222222,0.9272727272727272,False
8,3,0.7603939481334806,0.3287061710288172,2.3132938020336242,0.3642307942487298,0.1288900892882155,0.8571428571428571,0.9285714285714286,False,0.7857142857142857,0.9047619047619048,False,1.0,1.0,True
5,3,0.9517758160251308,0.7291252936905891,1.3053666142978715,0.11573250110423439,0.054318120901712535,1.0,1.0,True,1.0,1.0,True,1.0,1.0,True
10,3,0.24862694345997727,0.01563836247821128,15.898527981461445,1.201356915570576,0.4524049036516631,0.2,0.24848484848484853,False,0.06666666666666667,0.054545454545454564,False,0.8666666666666667,0.9515151515151515,False
6,5,0.4831556143130087,6.870005054368587e-05,7032.827537338506,3.8471299675484016,0.1310223210227414,0.8666666666666667,0.9428571428571428,False,0.8666666666666667,0.9428571428571428,False,1.0,1.0,True
6,4,0.8908439343069366,0.01747357078129123,50.98236333066917,1.7074199636887366,0.34862839019758773,1.0,1.0,True,1.0,1.0,True,0.8666666666666667,0.9428571428571428,False
6,4,0.3657886511129032,0.029944603822933,12.215511457879078,1.08691165540151,0.1628722894986901,0.8666666666666667,0.9428571428571428,False,0.6,0.7714285714285715,False,1.0,1.0,True
6,4,0.6741609822667846,0.15186566524434203,4.439192895758656,0.6473040167855466,0.2125750035974099,0.8666666666666667,0.9428571428571428,False,1.0,1.0,True,1.0,1.0,True
8,4,0.6668339630771052,0.03195241146673473,20.86959739331313,1.319514070936607,0.29527674672440485,0.6428571428571429,0.7142857142857143,False,0.6428571428571429,0.7142857142857143,False,0.7857142857142857,0.9047619047619048,False
6,5,0.1962119608433609,0.018914306739922945,10.373732621076575,1.0159350500304698,0.2885471153371656,0.2,0.4285714285714286,False,0.4666666666666667,0.5428571428571429,False,0.8666666666666667,0.9428571428571428,False
4,5,0.40690805267789354,0.09710077098323064,4.190574889914893,0.6222736063532135,0.11305395134474823,1.0,1.0,True,0.6666666666666666,0.8,False,1.0,1.0,True
5,4,0.3645284147656361,0.23365605033238784,1.5601068932112625,0.1931543557527888,0.0832214332032993,1.0,1.0,True,1.0,1.0,True,1.0,1.0,True
5,5,0.18041956694238,0.1114428873382767,1.6189419643544474,0.20923128049372156,0.11028521978056187,0.8,0.9,False,1.0,1.0,True,1.0,1.0,True
5,3,0.06908014940406022,0.00016280363632608546,424.31576185056,2.6276891645914615,0.26771567529103685,0.8,0.9,False,0.8,0.9,False,0.8,0.9,False
6,5,0.7358898450902659,0.27281294850423804,2.6974153870711044,0.43094783055440977,0.1164934384496787,1.0,1.0,True,1.0,1.0,True,1.0,1.0,True
6,3,0.3146016093332479,0.13518140350446034,2.3272550896436006,0.36684398876712737,0.10461894332440902,1.0,1.0,True,1.0,1.0,True,1.0,1.0,True
8,5,0.4954166114479372,0.05151230854231099,9.6174414515202,0.983059551115157,0.19871596307847564,0.7857142857142857,0.9047619047619048,False,0.7857142857142857,0.9047619047619048,False,0.8571428571428571,0.9523809523809523,False
8,3,0.14575859780907935,0.0746893646195817,1.9515308310564141,0.2903754168275688,0.01705585453519473,1.0,1.0,True,1.0,1.0,True,1.0,1.0,True
5,3,0.42237777441464175,0.05349517221254678,7.8956241645237935,0.8973864675290941,0.24422034038608376,0.6,0.7,False,0.4,0.5,False,1.0,1.0,True
8,3,0.37518587945616083,0.0305808985001734,12.26863492718387,1.0887962435280094,0.43513740137230666,0.6428571428571429,0.7857142857142857,False,0.5714285714285714,0.6904761904761905,False,0.9285714285714286,0.9761904761904762,False
5,3,0.6324018966979217,0.28619286489404,2.2097053220731144,0.3443343616803734,0.026860486386296633,1.0,1.0,True,1.0,1.0,True,1.0,1.0,True
8,5,0.9203519856591702,0.5333386141966379,1.7256428864498417,0.23695092550957322,0.0576514661884629,1.0,1.0,True,1.0,1.0,True,1.0,1.0,True
8,5,0.2238752845050318,0.010783619853110299,20.760680321988463,1.317241581124608,0.12956882030024508,1.0,1.0,True,0.8571428571428571,0.9523809523809523,False,0.9285714285714286,0.9761904761904762,False
4,4,0.6697689024096929,0.10910165782947209,6.138943401303902,0.788093629370734,0.3426492872463382,0.3333333333333333,0.6,False,0.0,0.0,False,0.6666666666666666,0.8,False
4,3,0.9006552724665868,0.6440395776972762,1.398447088741698,0.1456460391721721,0.04644085168788577,1.0,1.0,True,1.0,1.0,True,1.0,1.0,True
4,4,0.540119824723736,0.1237894726516923,4.363212906150053,0.6398064052192682,0.06265850920494564,1.0,1.0,True,1.0,1.0,True,1.0,1.0,True
5,3,0.3798902240296121,0.00743649083339137,51.08460865341787,1.708290070706909,0.5564270682475505,0.6,0.8,False,0.6,0.8,False,1.0,1.0,True
4,3,0.25642059105420356,0.061858536622469006,4.145274121420424,0.6175532551477846,0.20443170360186075,0.6666666666666666,0.8,False,0.6666666666666666,0.8,False,1.0,1.0,True
5,5,0.7047683338856684,0.06500675275354331,10.841463448370941,1.0350879099379477,0.24234352100119622,0.6,0.8,False,0.6,0.8,False,1.0,1.0,True
4,4,0.6515514894591301,0.08118662165107735,8.025355362750934,0.9044642720631828,0.1570118928621714,0.3333333333333333,0.4,False,0.6666666666666666,0.8,False,1.0,1.0,True
10,5,0.26122060019176135,0.02606026749564743,10.023711392270496,1.001028553741403,0.33467046867323824,0.3333333333333333,0.4424242424242424,False,0.022222222222222223,0.054545454545454564,False,0.8666666666666667,0.9515151515151515,False
6,3,0.4522624658884121,0.014901423200379117,30.350286665676038,1.4821627974453224,0.35924769107096255,1.0,1.0,True,1.0,1.0,True,1.0,1.0,True
8,3,0.7945423530323648,0.4676809253383467,1.6988983513831555,0.2301673949055266,0.0880840180755177,0.9285714285714286,0.9761904761904762,False,0.9285714285714286,0.9761904761904762,False,1.0,1.0,True
5,5,0.7686325479111311,0.08944257290483465,8.59358718046214,0.9341744871703761,0.17945556966578263,0.8,0.9,False,0.8,0.9,False,0.8,0.9,False
6,4,0.6563615331108321,0.25986278994559775,2.525800378136922,0.4023990239313521,0.16987724230976495,0.8666666666666667,0.9428571428571428,False,0.6,0.7142857142857143,False,0.8666666666666667,0.9428571428571428,False
4,4,0.3133678240112219,0.0002665492294174646,1175.6470784793894,3.070276968957596,0.07865833598675309,0.6666666666666666,0.8,False,1.0,1.0,True,1.0,1.0,True
5,5,0.6984500399137905,0.02527040479634955,27.639052303073772,1.4415231477252548,0.16225518866347816,0.6,0.7,False,0.6,0.7,False,0.8,0.9,False
5,3,0.5402772427668985,0.10930104013335415,4.943020140547457,0.6939923800158654,0.33352970634038526,0.6,0.7,False,0.6,0.7,False,0.8,0.9,False
8,5,0.5985645138732841,0.0459900414090136,13.015089691633898,1.1144471653340333,0.49766656010234106,0.5,0.6666666666666667,False,0.5,0.6666666666666667,False,0.7857142857142857,0.9047619047619048,False
4,5,0.7402260234493757,0.0668746946578876,11.0688508893401,1.0441025370194355,0.10757120376678635,0.6666666666666666,0.8,False,0.6666666666666666,0.8,False,0.6666666666666666,0.8,False
6,5,0.5276386885091641,0.08842333660790684,5.9671881738967905,0.7757697334359271,0.13204231765786192,0.8666666666666667,0.9428571428571428,False,0.8666666666666667,0.9428571428571428,False,0.7333333333333333,0.8857142857142857,False
6,4,0.3234623852485386,0.12281554222018183,2.6337251735289855,0.420570454814473,0.07312634928362854,1.0,1.0,True,1.0,1.0,True,1.0,1.0,True
8,4,0.7733512584544946,0.4412984865442949,1.7524448463639086,0.2436443585663794,0.08305288926207152,0.9285714285714286,0.9761904761904762,False,0.9285714285714286,0.9761904761904762,False,1.0,1.0,True
10,5,0.08243147206072209,0.0009556504282177297,86.25692987779885,1.9357939963457662,0.26527585140985577,0.7777777777777778,0.8909090909090909,False,0.7333333333333333,0.8787878787878788,False,0.9111111111111111,0.9636363636363636,False
8,4,0.28891072791164535,0.03402801417463029,8.490378733841995,0.928927063429945,0.3189933244670359,0.8571428571428571,0.9523809523809523,False,0.7857142857142857,0.9047619047619048,False,0.9285714285714286,0.9761904761904762,False
5,3,0.5797306578783693,0.09089977116694363,6.377691059389761,0.8046634778338937,0.3873684630902461,0.8,0.9,False,1.0,1.0,True,1.0,1.0,True
5,3,0.6859622913513421,0.22595448866824527,3.0358427282914544,0.48227926919829534,0.20047759601554388,0.8,0.9,False,0.8,0.9,False,0.8,0.9,False
8,5,0.6913443030117771,0.06519201658212517,10.604738727943111,1.0254999731439192,0.2327178763814261,0.7142857142857143,0.8809523809523809,False,0.42857142857142855,0.5952380952380952,False,0.9285714285714286,0.9761904761904762,False
5,5,0.8008280220559868,0.09227713816124049,8.678509520396927,0.9384451442261131,0.2930441123113051,0.0,0.09999999999999998,False,-0.2,0.0,False,0.6,0.7,False
10,3,0.5463864723937849,0.062299562745441586,8.770309907592301,0.9430149398631046,0.34267851015860895,0.7333333333333333,0.8545454545454545,False,0.7333333333333333,0.8545454545454545,False,0.8666666666666667,0.9636363636363636,False
4,3,0.7577610533063048,0.09841975155473495,7.699278257954003,0.8864500156557223,0.11425096654079042,1.0,1.0,True,1.0,1.0,True,1.0,1.0,True
8,5,0.31582358240213987,0.0665480719146039,4.745796133698156,0.6763090781898782,0.13424062970645406,0.6428571428571429,0.7857142857142857,False,0.5,0.6666666666666667,False,0.5,0.6666666666666667,False
8,3,0.19946242499385555,0.10444289490825209,1.909774955655563,0.2809821938051974,0.08240065504828208,0.8571428571428571,0.9285714285714286,False,0.6428571428571429,0.7380952380952381,False,0.7857142857142857,0.8809523809523809,False
5,5,0.34479568326413484,0.038562405486853024,8.94123898398257,0.9513977029820515,0.23713773858473605,1.0,1.0,True,1.0,1.0,True,1.0,1.0,True
4,3,0.37978713952377535,0.024985910689025836,15.200051910670728,1.1818450711342037,0.39418512576473796,0.3333333333333333,0.4,False,0.3333333333333333,0.4,False,1.0,1.0,True
10,3,0.12447501954383071,0.0047302751342972104,26.314541117281067,1.4201958010312248,0.45435158467065817,0.5111111111111111,0.7696969696969697,False,0.5111111111111111,0.7696969696969697,False,0.8666666666666667,0.9515151515151515,False
5,3,0.6750192425334129,0.3336955477959518,2.0228596005846353,0.30596574099753554,0.141243990902768,1.0,1.0,True,1.0,1.0,True,1.0,1.0,True
4,4,0.6376179513841936,0.2508764032137028,2.5415620728527153,0.405100720990605,0.031230446071165267,1.0,1.0,True,1.0,1.0,True,1.0,1.0,True
5,5,0.027149713827458823,0.004847209021991005,5.6011023454288535,0.7482735083318207,0.1364865346938131,0.8,0.9,False,0.2,0.30000000000000004,False,0.4,0.6,False
8,4,0.2941663218039704,0.07816627111074323,3.763340858148939,0.5755735555797857,0.17161776725728178,0.8571428571428571,0.9523809523809523,False,0.8571428571428571,0.9523809523809523,False,1.0,1.0,True
8,5,0.1746698880759404,0.03616825904488324,4.8293695268647925,0.6838904374024822,0.3169418545390293,0.7857142857142857,0.9285714285714286,False,0.7857142857142857,0.9285714285714286,False,1.0,1.0,True
4,5,0.14205620847848965,0.04217166502931129,3.3685226413608618,0.5274394707877141,0.14537818849277012,1.0,1.0,True,0.6666666666666666,0.8,False,1.0,1.0,True
4,5,0.04936828554424327,0.010168206366466193,4.8551616440634175,0.6862036935552801,0.1302303220435134,1.0,1.0,True,1.0,1.0,True,1.0,1.0,True
6,4,0.8751430746698814,0.5952315952551483,1.470256420600922,0.16739308463959976,0.017583210707735608,1.0,1.0,True,1.0,1.0,True,1.0,1.0,True
5,3,0.14717989762981626,0.10793062718995548,1.3636527597437127,0.13470379574129038,0.04663921062678952,1.0,1.0,True,0.8,0.9,False,1.0,1.0,True
6,3,0.8715133307560944,0.007136891793117562,122.11384954363767,2.0867649222518656,0.43131795902336,0.4666666666666667,0.6,False,0.4666666666666667,0.6,False,1.0,1.0,True
10,4,0.6920866454717445,0.07273327538003452,9.51540600703112,0.9784273236636477,0.2805285373150033,0.8222222222222222,0.9393939393939394,False,0.8666666666666667,0.9636363636363636,False,0.9555555555555556,0.9878787878787879,False
5,3,0.36800635407279864,0.1581911063967251,2.3263403515716914,0.366673253812982,0.16565637373295217,0.2,0.19999999999999996,False,0.2,0.19999999999999996,False,1.0,1.0,True
4,3,0.3726577417866935,0.27246434420991666,1.3677303093215616,0.1360004711266795,0.055854993393112284,1.0,1.0,True,1.0,1.0,True,1.0,1.0,True
8,4,0.20469688439264988,0.09016829420262097,2.2701647646832126,0.3560573786891353,0.14266216947362104,0.7142857142857143,0.8095238095238095,False,0.6428571428571429,0.8333333333333334,False,1.0,1.0,True
6,5,0.7001118435264083,0.4042554461132712,1.7318550690063115,0.23851154509216144,0.06601287716179663,0.8666666666666667,0.9428571428571428,False,0.8666666666666667,0.9428571428571428,False,1.0,1.0,True
10,5,0.6391199074385151,0.006920667797735277,92.3494561544063,1.9654343422252498,0.2175552839129928,0.7333333333333333,0.8787878787878788,False,0.6888888888888889,0.8666666666666667,False,0.7333333333333333,0.9030303030303031,False
4,5,0.21958794846244134,0.06930941315043329,3.1682269186534056,0.500816279606128,0.05970836866521135,1.0,1.0,True,1.0,1.0,True,1.0,1.0,True
6,3,0.08737668084366934,0.01728981880741732,5.053649307251917,0.7036051012147428,0.3244432158941831,0.6,0.7142857142857143,False,0.4666666666666667,0.6,False,1.0,1.0,True
10,4,0.1945669851901883,0.08352944478771199,2.3293221412203344,0.3672295548634431,0.04017564455498743,1.0,1.0,True,1.0,1.0,True,1.0,1.0,True
4,5,0.13378627364089749,0.019387906632788263,6.900501233472084,0.8388806378423183,0.19366560989022175,1.0,1.0,True,1.0,1.0,True,0.3333333333333333,0.6,False
4,3,0.03971616525968716,0.0030704836130590594,12.934824038088234,1.1117605250659293,0.12320174184639332,1.0,1.0,True,1.0,1.0,True,1.0,1.0,True
6,4,0.7133873100633303,0.0523973440708545,13.61495172513009,1.1340161057900646,0.19327918317401904,0.8666666666666667,0.9428571428571428,False,0.8666666666666667,0.9428571428571428,False,0.8666666666666667,0.9428571428571428,False
5,3,0.49954036577959904,0.05558299592165246,8.987287523593432,0.9536286359726688,0.32517794322989624,0.6,0.7,False,0.6,0.7,False,1.0,1.0,True
8,5,0.6243005599477939,0.21062679345495278,2.964013028467579,0.47188010827461235,0.1872238909123057,0.6428571428571429,0.7857142857142857,False,0.5,0.6428571428571428,False,0.7857142857142857,0.9047619047619048,False
4,4,0.2959710260429339,0.07374406743771604,4.013489305955308,0.6035221101256018,0.19461223072249603,1.0,1.0,True,1.0,1.0,True,1.0,1.0,True
8,5,0.7005872467408567,0.25646970735515107,2.7316569039008347,0.4364261510491231,0.10064981821250786,0.8571428571428571,0.9523809523809523,False,1.0,1.0,True,0.8571428571428571,0.9285714285714286,False
8,4,0.27563019237316444,0.04744687092095423,5.809238565522075,0.7641192118286774,0.07908395001357685,1.0,1.0,True,0.9285714285714286,0.9761904761904762,False,0.9285714285714286,0.9761904761904762,False
5,5,0.498266289345756,0.12534295909805865,3.9752236019254634,0.5993615622632266,0.2657043450235127,0.6,0.7,False,0.4,0.5,False,0.6,0.7,False
4,5,0.7934439616409634,0.1300427209239989,6.101410028928692,0.7854302115712348,0.1912491398724616,1.0,1.0,True,1.0,1.0,True,1.0,1.0,True
5,4,0.9556830768434696,0.1269135415034218,7.530189966451867,0.8768059324213034,0.24614064375817687,0.4,0.6,False,0.4,0.6,False,1.0,1.0,True
6,5,0.5517728662102239,0.04239143507250667,13.01614029469516,1.114482221004677,0.4317312704767028,-0.2,-0.2571428571428571,False,-0.2,-0.2571428571428571,False,0.8666666666666667,0.9428571428571428,False
8,5,0.36673226157060945,0.0576819310981317,6.357836060314041,0.8033093252429713,0.12501967491926663,0.8571428571428571,0.9523809523809523,False,0.9285714285714286,0.9761904761904762,False,1.0,1.0,True
10,4,0.6361278337474849,0.3208968365512741,1.9823437357066613,0.29717896275127215,0.08785400947683894,0.9111111111111111,0.9636363636363636,False,0.8222222222222222,0.9393939393939394,False,0.9111111111111111,0.9757575757575757,False
5,4,0.2061350432079802,0.046357406746815565,4.446647422047473,0.6480326952844041,0.1587000862069448,0.8,0.9,False,0.8,0.9,False,0.8,0.9,False
6,4,0.17249992274164064,0.016912600032757914,10.199491645124173,1.0085785265443497,0.27520527436440057,0.06666666666666667,0.19999999999999996,False,0.06666666666666667,0.19999999999999996,False,0.3333333333333333,0.48571428571428577,False
10,3,0.4164859595318467,0.1237065828267733,3.366724308533253,0.5272075547056386,0.17858509028172473,0.8222222222222222,0.9272727272727272,False,0.9111111111111111,0.9757575757575757,False,0.7777777777777778,0.9151515151515152,False
10,5,0.6068220863607088,0.14929056213748318,4.064704946303407,0.6090290259834744,0.2156065058895444,0.8666666666666667,0.9636363636363636,False,0.7333333333333333,0.9151515151515152,False,0.8222222222222222,0.9151515151515152,False
6,3,0.33982374914243374,0.15446505995971427,2.20000399591249,0.3424234696409192,0.07638539966075927,0.8666666666666667,0.9428571428571428,False,0.7333333333333333,0.8285714285714285,False,0.7333333333333333,0.8285714285714285,False
8,5,0.9562408774731811,0.21872597475653985,4.371867029204852,0.6406669443662307,0.17190633880146608,0.8571428571428571,0.9285714285714286,False,0.8571428571428571,0.9285714285714286,False,1.0,1.0,True
4,3,0.20768866653597007,0.1085094896899359,1.9140138537884845,0.28194507691110576,0.14790788925189075,1.0,1.0,True,1.0,1.0,True,1.0,1.0,True
5,3,0.6976878594464756,0.2528427502600225,2.7593745864819805,0.44081066017458853,0.057555083031047456,1.0,1.0,True,1.0,1.0,True,1.0,1.0,True
5,4,0.6142586583926187,0.0085371968678031,71.95086019830028,1.8570359904497193,0.7035848006764509,0.0,-0.10000000000000009,False,0.0,-0.10000000000000009,False,1.0,1.0,True
8,5,0.692783908110331,0.06328315040687728,10.947367563800924,1.0393097000017868,0.07763513742433714,0.7142857142857143,0.8333333333333334,False,0.7142857142857143,0.8333333333333334,False,0.7857142857142857,0.9047619047619048,False
4,3,0.07470774234262566,0.025354149618041995,2.9465686471502526,0.46931656344619194,0.2619799123338883,-0.3333333333333333,-0.3999999999999999,False,-0.3333333333333333,-0.3999999999999999,False,1.0,1.0,True
4,4,0.7462754464378283,0.14754317423802243,5.058014037496912,0.7039800303067231,0.15546863903651525,1.0,1.0,True,0.3333333333333333,0.6,False,1.0,1.0,True
5,5,0.7435900346815327,0.03245594929378609,22.91074674562014,1.3600392446768252,0.15230662384921503,1.0,1.0,True,0.8,0.9,False,0.8,0.9,False
4,3,0.04316892141429085,0.005637138684727584,7.657949151328896,0.8841124783121926,0.053413575706444755,1.0,1.0,True,1.0,1.0,True,1.0,1.0,True
10,5,0.3611587278978598,0.02126480810614397,16.98386959704224,1.230036646637076,0.23417639695240916,0.7333333333333333,0.8666666666666667,False,0.6,0.6848484848484848,False,0.9555555555555556,0.9878787878787879,False
5,3,0.30624101451507957,0.07998967223614822,3.8285069303341555,0.58302943758724,0.26257779956180854,0.2,0.19999999999999996,False,0.2,0.19999999999999996,False,1.0,1.0,True
8,3,0.4344732946632407,0.14790815381413927,2.9374533009604082,0.4679709710086721,0.20862565483296344,0.6428571428571429,0.8571428571428572,False,0.6428571428571429,0.8571428571428572,False,1.0,1.0,True
4,4,0.40014551775246443,0.026278878040492476,15.22688743106396,1.182611137107305,0.1663747817206681,0.6666666666666666,0.8,False,0.6666666666666666,0.8,False,1.0,1.0,True
5,5,0.40470040564517723,0.10963131942357594,3.6914670713563984,0.5671989987798856,0.24543185996313902,0.8,0.9,False,0.8,0.9,False,0.8,0.9,False
4,5,0.20007455020052486,0.027350225140568545,7.315279825482655,0.8642309434946382,0.3205355756023162,0.3333333333333333,0.4,False,0.3333333333333333,0.4,False,0.6666666666666666,0.8,False
10,4,0.26535160376997396,0.10895045240788041,2.4355254879909567,0.3865926788619692,0.14436919520434055,0.8222222222222222,0.9393939393939394,False,0.7777777777777778,0.8666666666666667,False,0.9555555555555556,0.9878787878787879,False
8,3,0.6441098810456156,0.19286156373050634,3.3397524555090614,0.5237142778323455,0.1561618729167626,0.7142857142857143,0.8809523809523809,False,0.7142857142857143,0.8809523809523809,False,1.0,1.0,True
8,5,0.6407065561249707,0.04293094853286245,14.92411833434343,1.1738886839327574,0.333446309237544,0.7857142857142857,0.9047619047619048,False,0.7857142857142857,0.9047619047619048,False,1.0,1.0,True
5,5,0.5857679710998815,0.16430039664748475,3.565225544483089,0.5520870095387974,0.11742294920597185,1.0,1.0,True,1.0,1.0,True,1.0,1.0,True
4,4,0.47213103036544596,0.09303182900890383,5.074940860457388,0.7054309856735916,0.315585626316196,1.0,1.0,True,1.0,1.0,True,1.0,1.0,True
8,4,0.27168053517242735,0.056775878225872094,4.785140162637601,0.6798946633184141,0.12139372210453604,0.9285714285714286,0.9761904761904762,False,0.7857142857142857,0.9047619047619048,False,0.7857142857142857,0.8571428571428572,False
10,5,0.4362565791752813,0.06570581728374311,6.639542695051143,0.8221381679440363,0.04892050813081435,1.0,1.0,True,0.9111111111111111,0.9636363636363636,False,0.8666666666666667,0.9515151515151515,False
8,4,0.5882725584174577,0.05796305967309706,10.149094297731649,1.0064272876632503,0.2838162919086795,0.7857142857142857,0.9047619047619048,False,0.8571428571428571,0.9285714285714286,False,0.7857142857142857,0.9047619047619048,False
6,3,0.3126574675562692,0.18250108266078272,1.713181439781904,0.23380336070237134,0.057520736893376084,0.8666666666666667,0.9428571428571428,False,0.8666666666666667,0.9428571428571428,False,0.8666666666666667,0.9428571428571428,False
6,5,0.8793322880771076,0.21873809773305064,4.0200234764143845,0.6042285893151793,0.251981922642078,0.3333333333333333,0.37142857142857144,False,0.2,0.4285714285714286,False,0.8666666666666667,0.9428571428571428,False
8,3,0.5159436388867734,0.17084411124334375,3.0199673557894147,0.48000224849451917,0.2312101872209023,0.2857142857142857,0.5238095238095238,False,0.2857142857142857,0.45238095238095233,False,0.8571428571428571,0.9523809523809523,False
10,5,0.2568350271817993,0.139213352178533,1.8449022537046478,0.2659733613887186,0.04149196688336559,1.0,1.0,True,0.8222222222222222,0.9393939393939394,False,0.8666666666666667,0.9515151515151515,False
6,4,0.0749183362056873,0.043367035710546176,1.727541091441046,0.23742838633501018,0.08064118274677255,1.0,1.0,True,1.0,1.0,True,0.7333333333333333,0.8285714285714285,False
6,5,0.2354211144989662,0.05605245102432699,4.200014632591044,0.6232508034556329,0.1101635584303351,1.0,1.0,True,0.8666666666666667,0.9428571428571428,False,0.8666666666666667,0.9428571428571428,False
10,3,0.10479475976154377,0.06780508705496148,1.5455294626353573,0.18907728849217165,0.051239613187311926,0.9555555555555556,0.9878787878787879,False,0.9111111111111111,0.9757575757575757,False,0.9555555555555556,0.9878787878787879,False
5,3,0.051086623739037544,0.03637389903632218,1.4044857738957013,0.1475173445700739,0.020405265716206537,1.0,1.0,True,0.8,0.9,False,0.8,0.9,False
8,4,0.18248988258323875,0.09206439084340594,1.9821983386785997,0.29714710781023945,0.1534985899083426,0.7142857142857143,0.8333333333333334,False,0.5714285714285714,0.6904761904761905,False,1.0,1.0,True
10,3,0.27513186619777147,0.00909998277310148,30.23432824299358,1.4805003237406362,0.4248060579606707,0.37777777777777777,0.503030303030303,False,0.3333333333333333,0.4545454545454546,False,0.9111111111111111,0.9757575757575757,False
4,3,0.055310416771115235,0.008367761543860716,6.609941795615053,0.8201976352867753,0.1752999052553522,1.0,1.0,True,1.0,1.0,True,1.0,1.0,True
10,3,0.2649170788867813,0.13122875754652458,2.018742567084363,0.30508094062616836,0.06245346448523977,1.0,1.0,True,0.8666666666666667,0.9515151515151515,False,1.0,1.0,True
4,3,0.4035630705017461,0.34566794543890206,1.1674876881863196,0.06725230938295765,0.005648618403607955,1.0,1.0,True,1.0,1.0,True,1.0,1.0,True
10,3,0.8650331513822699,0.3155996223840072,2.7409194752679276,0.43789627670677345,0.15288708828653963,0.8666666666666667,0.9515151515151515,False,0.6888888888888889,0.8303030303030303,False,0.9111111111111111,0.9757575757575757,False
4,4,0.8738922850863795,0.06035164913618359,14.480006720279675,1.1607687634204997,0.17868109210979616,1.0,1.0,True,1.0,1.0,True,1.0,1.0,True
4,3,0.7587132720724765,0.7464321432050284,1.016453108267416,0.007087348256454802,0.0037528498632312945,1.0,1.0,True,1.0,1.0,True,1.0,1.0,True
5,4,0.8331270425740771,0.060151431002683824,13.850494139084644,1.1414652678444797,0.20885225763617937,0.4,0.4,False,0.4,0.4,False,1.0,1.0,True
5,5,0.7184574776956866,0.023445905898652163,30.64319548029686,1.4863340516622126,0.07384524904423045,0.8,0.9,False,1.0,1.0,True,1.0,1.0,True
4,3,0.613048935855533,0.23515383280421454,2.6070123056992274,0.41614308114326454,0.19435196004157354,1.0,1.0,True,1.0,1.0,True,1.0,1.0,True
8,4,0.6567166105078086,0.21625545743537503,3.0367631794958174,0.48241092499419175,0.2560471701701188,0.8571428571428571,0.9523809523809523,False,0.7142857142857143,0.8571428571428572,False,1.0,1.0,True
4,5,0.42177270482960033,0.04985915924598837,8.459282330459205,0.9273335198780079,0.3935215538313609,1.0,1.0,True,1.0,1.0,True,1.0,1.0,True
5,5,0.2718416987303087,0.06458673856169822,4.208939865672512,0.6241727209028897,0.2330126923883114,0.4,0.4,False,0.4,0.4,False,0.8,0.9,False
10,3,0.28495856566253847,0.12502094888277762,2.279286537230193,0.3577989253188619,0.016290479978579738,0.9555555555555556,0.9878787878787879,False,0.8666666666666667,0.9515151515151515,False,0.9111111111111111,0.9757575757575757,False
5,4,0.4510586395494075,0.218242443538023,2.0667778101960064,0.31529379012872294,0.09997966922849524,0.4,0.6,False,0.6,0.7,False,1.0,1.0,True
5,3,0.6426830934837169,0.017526684592902197,36.668834316064334,1.5642971041752867,0.3793974064159962,0.4,0.6,False,0.4,0.6,False,0.8,0.9,False
4,4,0.26189423169113213,0.025698885131569427,10.190879111686485,1.0082116498441425,0.2916536151017635,0.6666666666666666,0.8,False,0.6666666666666666,0.8,False,1.0,1.0,True
6,4,0.4770160944334794,0.04569545079942273,10.43902808874503,1.018660066162063,0.08649742702526919,1.0,1.0,True,1.0,1.0,True,1.0,1.0,True
4,5,0.6531687401945565,0.1664223955084719,3.92476468203092,0.5938136227732113,0.16138489039428883,0.6666666666666666,0.8,False,0.6666666666666666,0.8,False,0.3333333333333333,0.6,False
8,5,0.40340086217178783,0.07719770778784323,5.225554925480418,0.7181324169413805,0.23010918583546688,0.5714285714285714,0.7619047619047619,False,0.5,0.7380952380952381,False,0.7142857142857143,0.8809523809523809,False
5,5,0.8917297446199688,0.09862164489191466,9.041927313098729,0.9562610114743192,0.34297104636964143,0.6,0.8,False,0.6,0.8,False,1.0,1.0,True
10,5,0.5200032021061531,0.16613762143117,3.1299545378315043,0.49553802952334897,0.1402039881776242,0.9555555555555556,0.9878787878787879,False,0.9111111111111111,0.9757575757575757,False,0.8666666666666667,0.9636363636363636,False
8,3,0.31690900752113577,0.023963069097182228,13.224892279978262,1.1213921432855556,0.411233163823767,0.5714285714285714,0.7142857142857143,False,0.42857142857142855,0.5952380952380952,False,0.8571428571428571,0.9523809523809523,False
8,3,0.5904019381087521,0.05350306175387377,11.034918726963705,1.0427691388967522,0.2318502622718686,0.6428571428571429,0.7857142857142857,False,0.42857142857142855,0.5,False,1.0,1.0,True
5,5,0.8347964062239566,0.07874067386667533,10.601844830879173,1.0253814435815896,0.3379015555092848,0.4,0.5,False,0.0,0.09999999999999998,False,1.0,1.0,True
4,3,0.5169739745972811,0.03546361081695368,14.577589892103141,1.1636857281602397,0.12317596346189842,0.6666666666666666,0.8,False,1.0,1.0,True,1.0,1.0,True
4,3,0.06862634191083594,0.023404009751622844,2.9322471933744225,0.46720057926829084,0.1713913248118164,1.0,1.0,True,0.6666666666666666,0.8,False,0.6666666666666666,0.8,False
10,3,0.2921156997416673,0.09414069907184151,3.1029693067781694,0.49177747975342145,0.20823994284112615,0.7777777777777778,0.9030303030303031,False,0.6888888888888889,0.8181818181818181,False,0.8666666666666667,0.9636363636363636,False
5,5,0.6931930911960115,0.020395275370638732,33.98792507405672,1.5313246521854889,0.4648808939327195,0.6,0.7,False,0.4,0.6,False,1.0,1.0,True
10,3,0.48398318410461155,0.24292087828198894,1.9923490624828006,0.2993654297851855,0.0937907827014695,0.9555555555555556,0.9878787878787879,False,0.8222222222222222,0.9151515151515152,False,0.9111111111111111,0.9636363636363636,False
6,5,0.24677614329084793,0.01523400500346809,16.19903257340858,1.2094890787046102,0.35537653785048584,0.3333333333333333,0.6,False,0.3333333333333333,0.6,False,0.8666666666666667,0.9428571428571428,False
4,3,0.5260899085966427,0.11206700482084975,4.694422853836018,0.6715822064420557,0.14953950290191093,0.6666666666666666,0.8,False,0.6666666666666666,0.8,False,1.0,1.0,True
5,3,0.5576143518941936,0.05331713245748749,10.458446022549131,1.0194671592952576,0.28915304665015606,0.6,0.7,False,0.6,0.7,False,1.0,1.0,True
6,4,0.36747063453375994,0.006432185691195116,57.129979157730595,1.7568640656204257,0.3324684331829686,0.6,0.7142857142857143,False,0.3333333333333333,0.48571428571428577,False,0.8666666666666667,0.9428571428571428,False
6,3,0.33949552261655525,0.22458598826732182,1.511650505155052,0.1794513935279398,0.06273104003978217,0.8666666666666667,0.9428571428571428,False,0.8666666666666667,0.9428571428571428,False,0.8666666666666667,0.9428571428571428,False
6,4,0.7687750428855341,0.19468199526804952,3.9488759185105478,0.5964734875595883,0.19234860493727543,0.7333333333333333,0.8857142857142857,False,0.4666666666666667,0.6571428571428571,False,0.4666666666666667,0.6,False
6,5,0.9146096892930307,0.1546781189728851,5.912986887611735,0.7718069159271993,0.3629031241268342,0.6,0.7714285714285715,False,0.4666666666666667,0.7142857142857143,False,0.8666666666666667,0.9428571428571428,False
4,3,0.08664735018897286,0.017877001952546726,4.846861370498558,0.6854605982479293,0.1991085414770484,1.0,1.0,True,1.0,1.0,True,1.0,1.0,True
6,4,0.5227088716073468,0.1678514048471567,3.1141167515410704,0.49333489069823666,0.20628424022927355,0.8666666666666667,0.9428571428571428,False,1.0,1.0,True,1.0,1.0,True
8,3,0.5932405916684739,0.1662157206185328,3.5691003802606582,0.5525587625760711,0.2791593840853376,0.8571428571428571,0.9285714285714286,False,0.7857142857142857,0.8571428571428572,False,1.0,1.0,True
6,4,0.7499081611568537,0.2795750647385995,2.6823141822584557,0.42850964586074086,0.21366686527112652,0.6,0.6571428571428571,False,0.3333333333333333,0.4285714285714286,False,0.4666666666666667,0.5428571428571429,False
6,5,0.8495443020022536,0.034280677186443724,24.782016334071237,1.394136638889756,0.34045032133202024,0.4666666666666667,0.7142857142857143,False,0.6,0.7714285714285715,False,1.0,1.0,True
10,5,0.415441097757045,0.2013195599589003,2.0635903329005605,0.3146234847092294,0.13381165992592298,0.8666666666666667,0.9636363636363636,False,0.7333333333333333,0.8909090909090909,False,0.9111111111111111,0.9757575757575757,False
4,5,0.30647288676381335,0.0031284112541803306,97.96438567861736,1.9910682194231535,0.324546575713271,0.6666666666666666,0.8,False,0.6666666666666666,0.8,False,1.0,1.0,True
10,4,0.3654244028334754,0.13704090153726264,2.6665353097625872,0.425947338903395,0.11258535619755212,0.9111111111111111,0.9636363636363636,False,0.5555555555555556,0.6848484848484848,False,0.6,0.7818181818181819,False
4,5,0.3987578738723399,0.056903951907823914,7.007560292319623,0.8455668430729328,0.3043039469992304,0.6666666666666666,0.8,False,0.3333333333333333,0.4,False,1.0,1.0,True
8,3,0.08054200447035353,0.03696524630157482,2.1788575087823334,0.33822882952436434,0.07151398186179396,0.9285714285714286,0.9761904761904762,False,0.9285714285714286,0.9761904761904762,False,0.9285714285714286,0.9761904761904762,False
5,3,0.07033767744702007,0.03789851154292582,1.8559482834964647,0.2685658703176302,0.07815682440635618,0.8,0.9,False,0.6,0.7,False,0.8,0.9,False
10,5,0.22683572628087725,0.1232235686348313,1.8408469158303316,0.2650176742321767,0.08678124866020073,0.8222222222222222,0.9272727272727272,False,0.7333333333333333,0.8424242424242424,False,0.6444444444444445,0.806060606060606,False
10,5,0.3838371622792757,0.03423104892762026,11.213128849182096,1.0497268126248576,0.3182157374606217,0.8666666666666667,0.9636363636363636,False,0.8222222222222222,0.9393939393939394,False,0.8666666666666667,0.9515151515151515,False
10,5,0.14503694717044,0.008493493316962319,17.076241982048902,1.2323923004258859,0.24528182921112576,0.7777777777777778,0.9272727272727272,False,0.8222222222222222,0.9393939393939394,False,0.9555555555555556,0.9878787878787879,False
8,5,0.7745181447712876,0.22670872353640073,3.41635792697458,0.5335633648175491,0.09390396068129853,0.8571428571428571,0.9523809523809523,False,0.9285714285714286,0.9761904761904762,False,1.0,1.0,True
4,4,0.1238691627414158,0.005560542018009923,22.276454762492953,1.3478460752091612,0.08871817725369299,1.0,1.0,True,1.0,1.0,True,1.0,1.0,True
4,5,0.2126127936073846,0.045214434347004846,4.70232120943843,0.672312291892711,0.31347112369044544,1.0,1.0,True,1.0,1.0,True,0.6666666666666666,0.8,False
5,3,0.7503611848003661,0.3155031008234153,2.378300507474122,0.37626672853847287,0.19577579906008938,0.8,0.9,False,0.8,0.9,False,1.0,1.0,True
8,3,0.2274255126029856,0.08265569564223199,2.7514802317389684,0.4395663969300125,0.041774797322470435,0.7857142857142857,0.9047619047619048,False,0.7142857142857143,0.8333333333333334,False,0.7142857142857143,0.8333333333333334,False
5,3,0.2633644170287209,0.040477057247065164,6.5065109702684705,0.8133481663627099,0.3822326462179494,0.4,0.6,False,0.2,0.30000000000000004,False,1.0,1.0,True
10,5,0.38705025832643175,0.0064610374497909425,59.905280115509946,1.7774651032568833,0.39948463264109085,0.6444444444444445,0.7818181818181819,False,0.4222222222222222,0.5393939393939393,False,0.8222222222222222,0.9151515151515152,False
8,3,0.405126210746259,0.13234700386210813,3.0610909119279905,0.4858762279842539,0.08232358071484486,0.9285714285714286,0.9761904761904762,False,0.8571428571428571,0.9523809523809523,False,0.7142857142857143,0.8809523809523809,False
6,3,0.8262708607237851,0.132203439933572,6.249995167544125,0.7958796815505181,0.4200519795198351,1.0,1.0,True,1.0,1.0,True,1.0,1.0,True
4,3,0.08161847528791188,0.005407632241215512,15.093200060970254,1.178781328674284,0.4572668560176131,0.3333333333333333,0.4,False,0.3333333333333333,0.4,False,1.0,1.0,True
4,4,0.7100263486488001,0.2820138743427843,2.5177000610376155,0.4010039904282584,0.10360297733072216,1.0,1.0,True,1.0,1.0,True,0.6666666666666666,0.8,False
8,4,0.5283746965535913,0.0365642335157372,14.450588614464705,1.1598855375290789,0.3763914682160533,0.5714285714285714,0.7857142857142857,False,0.5,0.7380952380952381,False,0.7857142857142857,0.9047619047619048,False
8,3,0.35750577560355407,0.04325878295162827,8.26435121845778,0.9172087655537897,0.20176077966332856,0.7857142857142857,0.9047619047619048,False,0.7142857142857143,0.8809523809523809,False,0.9285714285714286,0.9761904761904762,False
5,4,0.5630808892453298,0.07528365404611238,7.479457478152624,0.8738700974915268,0.18837016993923833,1.0,1.0,True,1.0,1.0,True,0.4,0.6,False
6,3,0.3110716908140289,0.12814614685702244,2.427475959606308,0.38515493758641856,0.042959318592706214,0.8666666666666667,0.9428571428571428,False,0.7333333333333333,0.8857142857142857,False,0.7333333333333333,0.8857142857142857,False
5,4,0.254277498500835,0.02810541903472792,9.047276547543895,0.9565178655722173,0.35500738883216293,0.8,0.9,False,0.8,0.9,False,1.0,1.0,True
8,5,0.3472568912717314,0.1379096556605629,2.51800274321558,0.4010561989103426,0.116125781498175,0.8571428571428571,0.9523809523809523,False,0.8571428571428571,0.9523809523809523,False,0.8571428571428571,0.9523809523809523,False
6,5,0.08884554108834251,0.014839575851936062,5.98706741815428,0.7772141486029308,0.187299392295576,0.8666666666666667,0.9428571428571428,False,0.8666666666666667,0.9428571428571428,False,0.6,0.7714285714285715,False
4,3,0.6195522451158463,0.020630514196962886,30.030867828637184,1.4775678825733602,0.6666758784538704,0.3333333333333333,0.4,False,0.3333333333333333,0.4,False,1.0,1.0,True
5,4,0.8469055567126884,0.014310344525993696,59.18135339894612,1.7721848926761394,0.3423266799181746,1.0,1.0,True,1.0,1.0,True,1.0,1.0,True
5,5,0.3804125218106527,0.04565748697754278,8.331876040164708,0.9207427999851518,0.2536801260408743,0.8,0.9,False,0.8,0.9,False,1.0,1.0,True
4,5,0.1634452192220443,0.008398483207677082,19.461278323826043,1.289171363720106,0.4219720773436498,0.3333333333333333,0.4,False,0.3333333333333333,0.4,False,0.6666666666666666,0.8,False
5,4,0.8503844830565406,0.17623267804724577,4.82535073786791,0.6835288861740211,0.1483505078007062,1.0,1.0,True,1.0,1.0,True,1.0,1.0,True
8,3,0.8983559468931496,0.19500172675032418,4.606912778976452,0.6634099899892086,0.1672951329479282,0.5,0.6428571428571428,False,0.5,0.6190476190476191,False,0.7857142857142857,0.8571428571428572,False
10,5,0.7585736544674282,0.1052705394902577,7.205944399386541,0.8576909068105888,0.14025843707029573,0.9111111111111111,0.9757575757575757,False,0.8666666666666667,0.9515151515151515,False,0.9111111111111111,0.9757575757575757,False
5,5,0.7993784929903379,0.1987444006540471,4.022143468473297,0.6044575576717182,0.10766403426593087,1.0,1.0,True,0.8,0.9,False,0.8,0.9,False
6,5,0.42382887410097925,0.06183822864489513,6.853832708047877,0.8359334997351736,0.1982016675008918,0.6,0.7142857142857143,False,0.4666666666666667,0.6,False,0.8666666666666667,0.9428571428571428,False
4,5,0.4007552274800164,0.24631448741093315,1.6270063189981943,0.21138923966133188,0.11335428896524587,1.0,1.0,True,1.0,1.0,True,1.0,1.0,True
6,3,0.43709797577949466,0.1858487720028129,2.3519013392809884,0.37141909941747103,0.11216172776619662,0.8666666666666667,0.9428571428571428,False,0.8666666666666667,0.9428571428571428,False,0.6,0.7142857142857143,False
8,5,0.3891679037234197,0.005147052067688123,75.60986338003191,1.8785784533333227,0.4130802277766616,0.5714285714285714,0.7619047619047619,False,0.5714285714285714,0.7619047619047619,False,0.9285714285714286,0.9761904761904762,False
8,4,0.555632306943974,0.020832520619947593,26.671391189469055,1.4260456692388879,0.11798306287871838,1.0,1.0,True,1.0,1.0,True,1.0,1.0,True
5,5,0.20793920701925803,0.0487571656711188,4.264792757183701,0.6298979319634882,0.15558019825100702,1.0,1.0,True,1.0,1.0,True,1.0,1.0,True
4,5,0.557758224967445,0.34294869980195414,1.6263605177331555,0.21121682262779623,0.048270705851662626,1.0,1.0,True,1.0,1.0,True,1.0,1.0,True
4,3,0.3161548141198843,0.03439093166533662,9.192970320991645,0.9634558580226835,0.44853921137488334,0.6666666666666666,0.8,False,0.6666666666666666,0.8,False,1.0,1.0,True
8,5,0.5430104409048703,0.00978234326844013,55.50924006124641,1.7443652817460849,0.33773813818229836,0.42857142857142855,0.6428571428571428,False,0.5,0.6666666666666667,False,0.7857142857142857,0.9047619047619048,False
10,3,0.6100334829502565,0.31665495562323176,1.9264927711226834,0.2847673837266895,0.0711388387424307,1.0,1.0,True,0.9111111111111111,0.9757575757575757,False,1.0,1.0,True
10,3,0.43711645627473716,0.20593705570873835,2.1225731074393854,0.3268626575076144,0.16935423913233355,0.6444444444444445,0.8303030303030303,False,0.5111111111111111,0.6484848484848484,False,0.7333333333333333,0.8787878787878788,False
8,4,0.13924490972299877,0.005495319705176793,25.338818698116167,1.4037863641051067,0.41239365807210254,0.7857142857142857,0.9047619047619048,False,0.7142857142857143,0.8333333333333334,False,0.8571428571428571,0.9523809523809523,False
5,3,0.23925914853848307,0.04666859289357133,5.126770140230961,0.7098438461965627,0.2668783256851929,0.0,0.09999999999999998,False,-0.2,-0.19999999999999996,False,1.0,1.0,True
5,3,0.1801394728107529,0.0953010676016663,1.8902146360185477,0.2765111216049502,0.15433509496253484,0.8,0.9,False,0.8,0.9,False,0.8,0.9,False
6,3,0.23825607538271143,0.09350322978680349,2.5481052999282534,0.4062173711644339,0.1906493651169642,0.7333333333333333,0.8285714285714285,False,0.7333333333333333,0.8285714285714285,False,1.0,1.0,True
5,4,0.13082230517272167,0.026402457426160753,4.95492912103485,0.6950374463967506,0.19361664741617865,0.8,0.9,False,0.8,0.9,False,0.8,0.9,False
6,3,0.11811889221558397,0.043162713010726016,2.7365956394699893,0.4372106306141929,0.15861359758670718,0.4666666666666667,0.7142857142857143,False,0.8666666666666667,0.9428571428571428,False,1.0,1.0,True
6,4,0.6470879729906694,0.11505283381901563,5.6242680124068025,0.7500660078752106,0.18970896843933888,0.8666666666666667,0.9428571428571428,False,0.8666666666666667,0.9428571428571428,False,0.8666666666666667,0.9428571428571428,False
4,3,0.47660821705871087,0.19737509594504057,2.41473330145465,0.3828691714839672,0.16786359072628157,0.6666666666666666,0.8,False,0.0,0.19999999999999996,False,1.0,1.0,True
4,3,0.13783698100122793,0.06857996374229522,2.0098724682499367,0.30316850115556954,0.1142346396093593,0.6666666666666666,0.8,False,0.3333333333333333,0.4,False,0.6666666666666666,0.8,False
8,4,0.37535336244878886,0.07300797016071728,5.141265557956992,0.7110700367354952,0.31686999854016745,0.8571428571428571,0.9285714285714286,False,0.8571428571428571,0.9285714285714286,False,0.6428571428571429,0.7857142857142857,False
4,4,0.4255436094791791,0.04830572862286934,8.809381860123832,0.944945435749669,0.22950465145319704,1.0,1.0,True,1.0,1.0,True,1.0,1.0,True
8,5,0.06883918510732098,0.006322255490682963,10.888390258489256,1.0369636783296472,0.17205366582734855,0.7857142857142857,0.9047619047619048,False,0.7857142857142857,0.9047619047619048,False,0.8571428571428571,0.9523809523809523,False
8,3,0.7136942202908897,0.25096448300682567,2.843805672170094,0.45389991611269626,0.17312037464843782,0.35714285714285715,0.5476190476190477,False,0.5,0.6904761904761905,False,1.0,1.0,True
10,3,0.29306029259024513,0.1428036762470156,2.0521901136583485,0.3122175910831688,0.12649552687710436,0.9555555555555556,0.9878787878787879,False,0.9555555555555556,0.9878787878787879,False,1.0,1.0,True
5,3,0.17496340018566148,0.08151845237700359,2.1463042425578784,0.3316912840319398,0.16639715785804043,1.0,1.0,True,0.8,0.9,False,1.0,1.0,True
10,4,0.3861704112788154,0.17600999141554505,2.19402551054562,0.34124167293093616,0.11672891826737637,0.7777777777777778,0.8909090909090909,False,0.6,0.696969696969697,False,0.8666666666666667,0.9272727272727272,False
8,5,0.49246407612475407,0.11786682761729213,4.178139736818767,0.6209829607554598,0.24787690685065655,0.8571428571428571,0.9523809523809523,False,0.9285714285714286,0.9761904761904762,False,0.7857142857142857,0.9047619047619048,False
5,4,0.3508418787451523,0.16917830981809523,2.0737994079756,0.3167667461598678,0.142097234515335,1.0,1.0,True,1.0,1.0,True,0.6,0.8,False
6,4,0.3202424508437435,0.0033314398493889787,96.12733989669722,1.9828469243762568,0.13185473702867495,1.0,1.0,True,0.8666666666666667,0.9428571428571428,False,0.8666666666666667,0.9428571428571428,False
6,3,0.5160703553615181,0.07777466675978333,6.635455693417881,0.8218707536271386,0.29214131079711203,0.8666666666666667,0.9428571428571428,False,0.8666666666666667,0.9428571428571428,False,0.8666666666666667,0.9428571428571428,False
10,5,0.39837682574382355,0.02252559791475179,17.68551615072757,1.2476177391941243,0.1489422713735427,0.6888888888888889,0.8666666666666667,False,0.6,0.793939393939394,False,0.8666666666666667,0.9515151515151515,False
5,5,0.11405559264503357,0.0007395500806181609,154.22294646425573,2.1881489961623797,0.20532902880171236,0.4,0.6,False,0.2,0.30000000000000004,False,0.6,0.7,False
5,5,0.5864102623705723,0.20131969720356724,2.912831036968541,0.46431529347064154,0.09414905333169198,0.8,0.9,False,0.8,0.9,False,1.0,1.0,True
5,5,0.09057585902538463,0.008843531088762126,10.242046769105771,1.0103867546577392,0.2821253069665366,0.8,0.9,False,0.8,0.9,False,1.0,1.0,True
8,5,0.5121088315789192,0.04832091047793244,10.59807910288021,1.0252271567159754,0.4000302450335218,0.6428571428571429,0.7380952380952381,False,0.5714285714285714,0.7142857142857143,False,0.8571428571428571,0.9523809523809523,False
10,4,0.6016013822106459,0.28279112938672507,2.127370061123138,0.3278430430407222,0.04099355778597942,0.9555555555555556,0.9878787878787879,False,0.9111111111111111,0.9757575757575757,False,0.9111111111111111,0.9757575757575757,False
8,3,0.5532106968054644,0.10695896664369191,5.172176902598364,0.7136733705216642,0.21249933638637122,0.7142857142857143,0.8571428571428572,False,0.7142857142857143,0.8571428571428572,False,0.9285714285714286,0.9761904761904762,False
10,5,0.4780582424089528,0.10011147839899856,4.775259041714039,0.6789969355711895,0.3192296806720913,0.6,0.7212121212121212,False,0.6444444444444445,0.806060606060606,False,0.9555555555555556,0.9878787878787879,False
5,5,0.5298325656375256,0.03831328621087248,13.828951207879987,1.1407892443246397,0.2516024286035562,0.4,0.6,False,0.4,0.6,False,1.0,1.0,True
10,5,0.31075844981456585,0.04330965334900596,7.175269848113968,0.855838238694268,0.4051928531649629,0.5111111111111111,0.6727272727272727,False,0.4222222222222222,0.5272727272727273,False,0.8222222222222222,0.9272727272727272,False
4,3,0.8113663879777282,0.03191964823785925,25.419026610386137,1.4051589157761308,0.4637282155158027,0.0,0.19999999999999996,False,0.0,0.19999999999999996,False,0.3333333333333333,0.6,False
8,3,0.7087871738913195,0.33487717601868844,2.1165586210319924,0.3256303013657372,0.10236616281027733,0.9285714285714286,0.9761904761904762,False,0.9285714285714286,0.9761904761904762,False,0.8571428571428571,0.9523809523809523,False
5,4,0.826979569447325,0.48768166943064917,1.6957364225132723,0.2293583484254451,0.07452277693621161,0.8,0.9,False,0.4,0.5,False,0.6,0.7,False
4,5,0.26654773821022915,0.0491965081725376,5.418021483760569,0.7338407227828208,0.31885291112687414,1.0,1.0,True,0.6666666666666666,0.8,False,1.0,1.0,True
8,3,0.03938343480639226,0.002068176151710881,19.04259207068511,1.2797260640786727,0.39798617686804005,0.5714285714285714,0.7857142857142857,False,0.5714285714285714,0.7857142857142857,False,1.0,1.0,True
6,4,0.051790984755861184,0.0011791972542023398,43.92054385080324,1.642667709172921,0.6202665495840757,-0.4666666666666667,-0.6000000000000001,False,-0.4666666666666667,-0.6000000000000001,False,1.0,1.0,True
4,3,0.43105656942392395,0.01814373283413205,23.757876801914822,1.3758076259381944,0.3409563312482175,0.6666666666666666,0.8,False,0.6666666666666666,0.8,False,1.0,1.0,True
4,5,0.8374936313991658,0.5250004425715953,1.595224619802792,0.2028218436769515,0.0867967226634521,1.0,1.0,True,1.0,1.0,True,1.0,1.0,True
10,5,0.644780786086728,0.031025294602190886,20.78242267586441,1.3176961733188672,0.32035797329546356,0.5555555555555556,0.6363636363636364,False,0.5111111111111111,0.5515151515151515,False,0.8666666666666667,0.9515151515151515,False
10,3,0.41323816388261825,0.00028170740818039857,1466.9055566727768,3.166402153695904,0.818399506026909,-0.28888888888888886,-0.4303030303030304,False,-0.28888888888888886,-0.46666666666666656,False,0.8666666666666667,0.9636363636363636,False
4,4,0.28277046200498757,0.05718177515204364,4.945115139363358,0.6941764079267299,0.33161726523992924,0.6666666666666666,0.8,False,0.6666666666666666,0.8,False,1.0,1.0,True
8,3,0.37635168296474514,0.2532000991094948,1.4863804725467655,0.1721299911053706,0.06362664589373179,0.8571428571428571,0.9523809523809523,False,0.8571428571428571,0.9523809523809523,False,0.9285714285714286,0.9761904761904762,False
10,3,0.4826101148671218,0.049734575361462786,9.703714394862859,0.9869380056490766,0.15188786999508094,0.9111111111111111,0.9636363636363636,False,0.9111111111111111,0.9636363636363636,False,1.0,1.0,True
8,3,0.3549117533639879,0.03940405239093863,9.006986130101597,0.9545794939722486,0.27373350387081585,0.7142857142857143,0.8809523809523809,False,0.7142857142857143,0.8809523809523809,False,0.8571428571428571,0.9523809523809523,False
8,3,0.10859239251922774,0.0798334017191005,1.3602375719871933,0.1336147665999675,0.03374600089349949,1.0,1.0,True,0.9285714285714286,0.9761904761904762,False,0.9285714285714286,0.9761904761904762,False
4,5,0.7999428680146901,0.19155027409054293,4.176150996434456,0.6207761929953384,0.16150339408462364,0.6666666666666666,0.8,False,0.6666666666666666,0.8,False,0.6666666666666666,0.8,False
8,3,0.2082534357434344,0.009492508496983415,21.938714701985855,1.3412111804772489,0.4090793299101142,0.5,0.6666666666666667,False,0.42857142857142855,0.5952380952380952,False,0.8571428571428571,0.9523809523809523,False
6,4,0.08452122682336209,0.03433423858615819,2.461718398350474,0.3912383714883946,0.1960957760816151,0.2,0.3142857142857143,False,0.2,0.19999999999999996,False,1.0,1.0,True
8,3,0.4259278053415655,0.10518305317927322,4.049395719779762,0.6073902194750467,0.18013507305346294,0.8571428571428571,0.9285714285714286,False,0.8571428571428571,0.9285714285714286,False,0.8571428571428571,0.9523809523809523,False
8,5,0.8066382427423199,0.28694679960473257,2.8111072988116543,0.4488774227659136,0.13499461321221268,1.0,1.0,True,0.9285714285714286,0.9761904761904762,False,0.9285714285714286,0.9761904761904762,False
10,3,0.06763604444425105,0.015641425814157478,4.324161060733202,0.6359018616191549,0.09776476356062223,0.9111111111111111,0.9636363636363636,False,0.8666666666666667,0.9272727272727272,False,0.9555555555555556,0.9878787878787879,False
8,4,0.23632879290709521,0.11197290318178314,2.110589135313524,0.3244036981901973,0.04724461433391662,0.9285714285714286,0.9761904761904762,False,0.7857142857142857,0.9047619047619048,False,0.7142857142857143,0.8809523809523809,False
10,5,0.19857984588288097,0.04988874058888032,3.9804541773331894,0.5999326287209418,0.1324098959502081,0.9111111111111111,0.9757575757575757,False,0.8666666666666667,0.9393939393939394,False,0.9111111111111111,0.9757575757575757,False
4,4,0.5772949776838578,0.25158236181250027,2.2946560065757335,0.36071758937510084,0.09782723148964229,1.0,1.0,True,1.0,1.0,True,0.6666666666666666,0.8,False
8,5,0.29400671509403137,0.10253216383755448,2.867458406095571,0.45749712696242917,0.1805253073413811,0.7857142857142857,0.8571428571428572,False,0.7142857142857143,0.8333333333333334,False,0.9285714285714286,0.9761904761904762,False
5,5,0.9774275261773321,0.09313415421850192,10.494834407082237,1.0209755904498352,0.09026698539895552,1.0,1.0,True,1.0,1.0,True,0.8,0.9,False
10,4,0.5764159044617644,0.12617133523925206,4.568517114954587,0.659775256240546,0.1432479355788337,0.9111111111111111,0.9636363636363636,False,0.9555555555555556,0.9878787878787879,False,0.7777777777777778,0.9030303030303031,False
6,4,0.3710659657401105,0.18884525052237405,1.9649208265059457,0.29334505582884535,0.11654226602780027,0.6,0.7714285714285715,False,0.4666666666666667,0.7142857142857143,False,0.8666666666666667,0.9428571428571428,False
6,5,0.14765059258308158,0.012314646078351985,11.989836462344451,1.0788132594970343,0.2661339771792683,0.8666666666666667,0.9428571428571428,False,0.8666666666666667,0.9428571428571428,False,1.0,1.0,True
10,4,0.5043059424086744,0.2782638352738789,1.8123301646816705,0.2582373189685656,0.08771160842310227,1.0,1.0,True,0.9555555555555556,0.9878787878787879,False,0.9555555555555556,0.9878787878787879,False
8,5,0.2722868224054828,0.05580602387859193,4.879165428323181,0.6883455431358257,0.17531958024564143,0.7142857142857143,0.8571428571428572,False,0.8571428571428571,0.9523809523809523,False,1.0,1.0,True
8,4,0.3536086211425404,0.03291539524820177,10.74295533945064,1.0311237702889087,0.36888134410784157,0.7142857142857143,0.8571428571428572,False,0.7857142857142857,0.9285714285714286,False,0.14285714285714285,0.26190476190476186,False
4,3,0.9656730447550587,0.4676136736099499,2.065108655395072,0.31494290693531596,0.14686887234000537,0.6666666666666666,0.8,False,0.6666666666666666,0.8,False,1.0,1.0,True
5,5,0.2960548377728195,0.0795668510936531,3.720831397746673,0.570639991255823,0.2319673575946098,0.2,0.30000000000000004,False,0.2,0.30000000000000004,False,1.0,1.0,True
8,5,0.3793350887602617,0.024815596355815848,15.28615646813072,1.1842983006825534,0.06465454335298827,1.0,1.0,True,0.9285714285714286,0.9761904761904762,False,0.9285714285714286,0.9761904761904762,False
6,4,0.5738377520553554,0.008223410865855124,69.78099007167908,1.8437371270441147,0.26050564187562697,0.8666666666666667,0.9428571428571428,False,0.8666666666666667,0.9428571428571428,False,0.8666666666666667,0.9428571428571428,False
8,4,0.2942955826924458,0.023463458760073816,12.542719540594161,1.0983917114087114,0.20520563996420646,0.7142857142857143,0.8095238095238095,False,0.6428571428571429,0.7142857142857143,False,0.7857142857142857,0.9047619047619048,False
5,5,0.2757511666109195,0.025217685739634645,10.934832381013713,1.0388121301666375,0.21118101987886012,0.6,0.7,False,0.6,0.7,False,0.6,0.8,False
6,3,0.11079521910395888,0.0052702574773487955,21.022733625278534,1.322689187485939,0.13715877841459184,0.6,0.7714285714285715,False,0.6,0.7714285714285715,False,1.0,1.0,True
10,3,0.17809202060889848,0.005911574542316023,30.12598746813738,1.478941291099426,0.381372875161248,0.7333333333333333,0.8424242424242424,False,0.7333333333333333,0.8424242424242424,False,0.9555555555555556,0.9878787878787879,False
6,3,0.2783469687460725,0.17120329508118032,1.6258271700463562,0.2110743769994214,0.11178016866680465,1.0,1.0,True,1.0,1.0,True,0.8666666666666667,0.9428571428571428,False
4,4,0.682498272730398,0.20275969278723402,3.366045111555835,0.5271199320701334,0.1591548465583625,0.6666666666666666,0.8,False,0.3333333333333333,0.4,False,0.3333333333333333,0.4,False
5,5,0.1752305581757796,0.02799392514506671,6.25959229588068,0.7965460473613145,0.22263270225796153,0.8,0.9,False,0.8,0.9,False,0.8,0.9,False
10,5,0.6965501156811215,0.04586237301442093,15.18783416302752,1.1814958464032843,0.22590445336229997,0.6888888888888889,0.8787878787878788,False,0.6888888888888889,0.8545454545454545,False,0.6888888888888889,0.8666666666666667,False
5,4,0.780393087206801,0.020764523421556748,37.58300016455233,1.574991445878997,0.2637982431450999,1.0,1.0,True,0.8,0.9,False,0.8,0.9,False
6,3,0.9315865251995773,0.7753623418335004,1.2014853893928508,0.07971849395419862,0.04146043696794151,0.8666666666666667,0.9428571428571428,False,1.0,1.0,True,1.0,1.0,True
5,5,0.2927552510155671,0.01083228367931985,27.026180227115578,1.4317846685802675,0.2825663315893009,0.8,0.9,False,0.8,0.9,False,1.0,1.0,True
5,4,0.8324904829919295,0.043460594264937084,19.155064422218608,1.2822836169386218,0.2744778721840695,0.8,0.9,False,1.0,1.0,True,1.0,1.0,True
10,3,0.075335744010367,0.034518824185860005,2.18245394462319,0.3389450877466559,0.12049768480617926,0.8666666666666667,0.9636363636363636,False,0.9111111111111111,0.9757575757575757,False,0.8666666666666667,0.9636363636363636,False
10,4,0.8481098832261278,0.517992601247825,1.6373011529149746,0.21412856763446178,0.08595531807800776,0.9111111111111111,0.9636363636363636,False,0.6444444444444445,0.8181818181818181,False,0.7333333333333333,0.8545454545454545,False
6,3,0.3476402333317507,0.05232914602903333,6.643338554239527,0.8223863852868752,0.14664127695821993,1.0,1.0,True,1.0,1.0,True,1.0,1.0,True
8,4,0.31112243084902297,0.15310424829216548,2.032095348871592,0.30794408181920263,0.11171283897170203,0.8571428571428571,0.9523809523809523,False,0.7857142857142857,0.8809523809523809,False,0.8571428571428571,0.9523809523809523,False
5,3,0.5074133405541205,0.2634160138784181,1.926281295815201,0.2847197076586954,0.12373231541353875,0.4,0.6,False,0.4,0.6,False,0.8,0.9,False
8,3,0.6307510152106525,0.16821872885605793,3.7495885238000244,0.5739836112882499,0.2729157149504674,0.2857142857142857,0.38095238095238093,False,0.21428571428571427,0.2142857142857143,False,0.9285714285714286,0.9761904761904762,False
5,4,0.5984740278523354,0.06822874944806043,8.771581374199977,0.9430778966929851,0.175539999879079,1.0,1.0,True,1.0,1.0,True,0.8,0.9,False
6,5,0.17572919966776318,0.008758778412587716,20.063208745542642,1.3024003917472768,0.3831715641042657,0.6,0.7142857142857143,False,0.6,0.7142857142857143,False,0.7333333333333333,0.8285714285714285,False
6,3,0.4020166180398368,0.04676622008656858,8.596303427710657,0.9343117365837927,0.27233213775487664,0.8666666666666667,0.9428571428571428,False,0.8666666666666667,0.9428571428571428,False,0.8666666666666667,0.9428571428571428,False
6,5,0.28099589398865094,0.024293654561967134,11.566637422143833,1.0632071220235788,0.34692533559619565,0.7333333333333333,0.8285714285714285,False,0.7333333333333333,0.8285714285714285,False,1.0,1.0,True
10,3,0.3376582555852969,0.2587946149834221,1.3047344729550185,0.11552213721933166,0.04890173019418193,1.0,1.0,True,0.8666666666666667,0.9515151515151515,False,0.9111111111111111,0.9757575757575757,False
5,3,0.35961393399803765,0.03464958958813197,10.378591442561632,1.0161384161104907,0.24521721655576595,0.6,0.7,False,0.8,0.9,False,1.0,1.0,True
6,5,0.5302291605193984,0.06658322571230828,7.963404518766341,0.9010987772364819,0.3500519946198306,0.2,0.2571428571428571,False,0.2,0.08571428571428574,False,1.0,1.0,True
4,5,0.05179207938335091,0.0006080995604057301,85.17039424206182,1.9302886575397042,0.4812256702777275,0.6666666666666666,0.8,False,0.6666666666666666,0.8,False,0.6666666666666666,0.8,False
5,3,0.4849268225657825,0.16533582132946095,2.932980999904109,0.46730924959373715,0.15405314344797078,1.0,1.0,True,1.0,1.0,True,1.0,1.0,True
4,5,0.41174364142674136,0.020677310484156206,19.912823852131215,1.2991328520131968,0.1448397120716072,0.6666666666666666,0.8,False,0.6666666666666666,0.8,False,1.0,1.0,True
5,3,0.5382789784203275,0.08631091587493142,6.236511024794158,0.7949416944185348,0.2986128153576195,0.2,0.30000000000000004,False,0.0,0.09999999999999998,False,1.0,1.0,True
8,4,0.7327117038016774,0.06631046710512156,11.049714106659277,1.0433510415047025,0.1051836984176456,0.8571428571428571,0.9285714285714286,False,0.9285714285714286,0.9761904761904762,False,1.0,1.0,True
8,4,0.7440538861692452,0.1824219960097024,4.0787509315795045,0.6105271859880348,0.12439013689462186,0.7857142857142857,0.8809523809523809,False,0.8571428571428571,0.9523809523809523,False,0.9285714285714286,0.9761904761904762,False
10,3,0.0789348553702293,0.045076714571394984,1.7511226387951768,0.24331656269504295,0.05252878092769244,0.9555555555555556,0.9878787878787879,False,0.8222222222222222,0.9393939393939394,False,0.8666666666666667,0.9515151515151515,False
5,4,0.3888966496139671,0.021414063345189586,18.160805977216242,1.2591351186173478,0.22052498715761987,0.8,0.9,False,0.6,0.7,False,0.6,0.7,False
10,3,0.7685768172039716,0.036640868477324,20.975944324536037,1.3217215216200906,0.05773907361229583,0.9555555555555556,0.9878787878787879,False,0.9555555555555556,0.9878787878787879,False,0.9555555555555556,0.9878787878787879,False
6,4,0.21890706537684487,0.053003860635940515,4.130021148389327,0.6159522755317691,0.3097494013499654,0.3333333333333333,0.48571428571428577,False,0.06666666666666667,0.02857142857142858,False,1.0,1.0,True
4,3,0.2669499988078034,0.08996832309581362,2.9671554344804485,0.4723402974354861,0.1902345289480719,0.3333333333333333,0.4,False,0.3333333333333333,0.4,False,1.0,1.0,True
6,4,0.219129221708194,0.03561598239304173,6.152553066874061,0.78905536825882,0.16229692055660566,0.7333333333333333,0.8857142857142857,False,0.7333333333333333,0.8857142857142857,False,0.8666666666666667,0.9428571428571428,False
10,4,0.5047211514676747,0.03307961801460806,15.25776843098764,1.183491019269051,0.31510004860800467,0.8666666666666667,0.9515151515151515,False,0.8666666666666667,0.9515151515151515,False,0.9555555555555556,0.9878787878787879,False
8,5,0.07383026274936824,0.000166488314454892,443.4561221166999,2.6468506549111264,0.5509698967956255,-0.21428571428571427,-0.2857142857142858,False,-0.14285714285714285,-0.11904761904761907,False,0.8571428571428571,0.9523809523809523,False
8,5,0.6450004724218191,0.013906941327747203,46.37975074278418,1.6663284102932516,0.44723398886508037,0.5,0.7142857142857143,False,0.42857142857142855,0.6904761904761905,False,0.7857142857142857,0.9047619047619048,False
6,3,0.21460433267827791,0.04172761365952249,5.142981202428789,0.7112149369797778,0.10946962545318986,1.0,1.0,True,1.0,1.0,True,1.0,1.0,True
8,3,0.1754714978285517,0.009621384121732558,18.237656410990088,1.2609690295424192,0.6068592201791922,0.35714285714285715,0.5476190476190477,False,0.35714285714285715,0.5476190476190477,False,0.9285714285714286,0.9761904761904762,False
8,5,0.2858743568888072,0.06277410615353558,4.554017164100266,0.658394663139024,0.18352110145852035,1.0,1.0,True,0.9285714285714286,0.9761904761904762,False,1.0,1.0,True
5,5,0.5852019610771291,0.03912376757592615,14.957709784122658,1.1748651026020303,0.3441175536953507,-0.2,0.0,False,-0.2,0.0,False,0.8,0.9,False
10,4,0.6539834860508849,0.3373177794451913,1.9387756172372403,0.287527549236245,0.11735348491265733,0.9111111111111111,0.9757575757575757,False,0.9555555555555556,0.9878787878787879,False,1.0,1.0,True
8,3,0.587454758566332,0.007009578851626015,83.80742565528774,1.923282500470869,0.028625874475258425,1.0,1.0,True,1.0,1.0,True,1.0,1.0,True
5,4,0.5640485216671554,0.07033136601141506,8.019871554429757,0.9041674127169455,0.44868268241761533,0.4,0.5,False,0.2,0.19999999999999996,False,1.0,1.0,True
6,5,0.14782912126163514,0.015094754621686052,9.793410025987527,0.9909339377283911,0.04787351489637674,1.0,1.0,True,1.0,1.0,True,1.0,1.0,True
4,4,0.3234496465756972,0.03681295887558519,8.78629853308061,0.9438059552537907,0.4327783871840124,0.6666666666666666,0.8,False,1.0,1.0,True,1.0,1.0,True
4,4,0.35683160188969343,0.19324819161047618,1.8464938735732144,0.2663478710567183,0.12361203385243848,1.0,1.0,True,1.0,1.0,True,1.0,1.0,True
5,4,0.2412232531365659,0.011890891728836351,20.286388827449674,1.3072047453137368,0.2263466091876355,0.0,0.09999999999999998,False,0.0,0.09999999999999998,False,0.2,0.30000000000000004,False
4,4,0.2779032767928267,0.05302797482390148,5.240691874627762,0.7193886262008388,0.15154966524563313,1.0,1.0,True,0.6666666666666666,0.8,False,1.0,1.0,True
5,4,0.7969812211672768,0.1799244506236262,4.4295326088281755,0.6463579031721335,0.21550506375856424,0.6,0.8,False,0.6,0.8,False,0.8,0.9,False
8,3,0.07147378176313522,0.019682849955394936,3.6312719916819503,0.5600587799133244,0.23660984705484414,0.8571428571428571,0.9285714285714286,False,0.8571428571428571,0.9285714285714286,False,1.0,1.0,True
8,3,0.7191659209895378,0.3973947092412616,1.8097018009143062,0.2576070185781742,0.047686592370515674,1.0,1.0,True,1.0,1.0,True,1.0,1.0,True
4,5,0.5828181519314208,0.2054058606502969,2.837397872112472,0.45292023870295445,0.12735017880012278,1.0,1.0,True,0.6666666666666666,0.8,False,1.0,1.0,True
4,4,0.8536654696605805,0.3343005219765897,2.553587007913219,0.40715066008183876,0.12108596865882933,0.3333333333333333,0.4,False,0.0,0.19999999999999996,False,1.0,1.0,True
6,5,0.11923402774388113,0.04647826866978773,2.565371541449466,0.4091502726509578,0.1393032582989056,0.6,0.7714285714285715,False,1.0,1.0,True,1.0,1.0,True
5,3,0.7015642626425187,0.22739836856967535,3.0851772026872424,0.48928011356831747,0.07601737100208752,1.0,1.0,True,0.8,0.9,False,0.8,0.9,False
5,5,0.19310823127862856,0.01683209789973806,11.472618114356447,1.0596625375934723,0.47199687215588404,0.8,0.9,False,0.6,0.8,False,1.0,1.0,True
8,4,0.5772511206290072,0.24692012646004333,2.3378050582688337,0.3688082939738601,0.1906359329077279,0.8571428571428571,0.9523809523809523,False,0.7857142857142857,0.8809523809523809,False,0.9285714285714286,0.9761904761904762,False
6,3,0.32475962679901405,0.11024218569971671,2.9458743468735733,0.46921421853402323,0.1599023575601639,0.8666666666666667,0.9428571428571428,False,0.8666666666666667,0.9428571428571428,False,1.0,1.0,True
4,5,0.31164579997855674,0.03537893498483765,8.808795406173475,0.9449165231430157,0.10487509257679947,1.0,1.0,True,1.0,1.0,True,1.0,1.0,True
6,3,0.1771400285981756,0.09684957481987704,1.8290222639159281,0.2622189919919904,0.10164099032192071,0.8666666666666667,0.9428571428571428,False,0.7333333333333333,0.8857142857142857,False,0.8666666666666667,0.9428571428571428,False
6,4,0.2980912433449709,0.10995350991320271,2.71106619131643,0.4331401211114874,0.18618662479462178,0.8666666666666667,0.9428571428571428,False,0.8666666666666667,0.9428571428571428,False,1.0,1.0,True
6,4,0.7637047758672588,0.0864303593976271,8.836070811009376,0.9462591875872883,0.13614375051117134,1.0,1.0,True,1.0,1.0,True,0.8666666666666667,0.9428571428571428,False
8,4,0.7656555850812459,0.15938260508684274,4.803884242319038,0.6815925338000233,0.11150431319579775,0.9285714285714286,0.9761904761904762,False,0.9285714285714286,0.9761904761904762,False,1.0,1.0,True
8,3,0.1479453434428605,0.03490672099937457,4.238305380825457,0.627192245538831,0.2444275412621835,0.42857142857142855,0.5238095238095238,False,0.42857142857142855,0.5238095238095238,False,0.9285714285714286,0.9761904761904762,False
8,5,0.1335389322595495,0.03599371980622572,3.7100620045595187,0.5693811678395825,0.2186872528544536,0.7857142857142857,0.8809523809523809,False,0.7142857142857143,0.8333333333333334,False,0.8571428571428571,0.9285714285714286,False
6,3,0.6137883698280728,0.05498609181187779,11.162611300269264,1.0477658021856775,0.2814325194714534,0.7333333333333333,0.8857142857142857,False,0.7333333333333333,0.8857142857142857,False,0.8666666666666667,0.9428571428571428,False
4,3,0.36615095905901496,0.13674376013813422,2.6776429044108716,0.42775265819331526,0.2127763058262164,1.0,1.0,True,1.0,1.0,True,1.0,1.0,True
8,5,0.2748210001475052,0.05914878262585001,4.646266380176571,0.6671041051896597,0.2623843174042535,0.21428571428571427,0.30952380952380953,False,0.21428571428571427,0.23809523809523814,False,0.7142857142857143,0.8571428571428572,False
10,5,0.6317020760517302,0.17349098905550372,3.641123262292275,0.56123538127595,0.20709185290809562,0.7333333333333333,0.8787878787878788,False,0.7333333333333333,0.8666666666666667,False,0.8666666666666667,0.9515151515151515,False
5,5,0.6869497259382285,0.0874849435482192,7.852205168901425,0.8949916386811078,0.0995572686179946,1.0,1.0,True,0.8,0.9,False,1.0,1.0,True
5,3,0.34322435426976355,0.07481721201990801,4.587505267823237,0.6615765759599277,0.2937413187260508,1.0,1.0,True,1.0,1.0,True,1.0,1.0,True
8,5,0.35952929383763493,0.10505894854388308,3.422167257689977,0.5343012317733672,0.1577049515768589,0.9285714285714286,0.9761904761904762,False,0.9285714285714286,0.9761904761904762,False,0.9285714285714286,0.9761904761904762,False
4,4,0.26178903821250876,0.035883743297933986,7.2954773985434755,0.8630537163486359,0.24428740435391366,1.0,1.0,True,1.0,1.0,True,1.0,1.0,True
8,5,0.9209462625780875,0.08599281789945992,10.709571858013993,1.0297721091681165,0.29993351445061406,0.21428571428571427,0.40476190476190477,False,0.14285714285714285,0.30952380952380953,False,1.0,1.0,True
6,4,0.6065302815786436,0.15029437818739144,4.035615229854893,0.6059097523327877,0.19803394982038908,0.8666666666666667,0.9428571428571428,False,0.8666666666666667,0.9428571428571428,False,1.0,1.0,True
4,3,0.5171455022054252,0.1478661144101011,3.49739021861117,0.5437440910839044,0.17098993748629204,1.0,1.0,True,1.0,1.0,True,1.0,1.0,True
5,3,0.13707636261829984,0.052293394227705646,2.621294039908656,0.41851574004131376,0.038156206625138335,0.8,0.9,False,1.0,1.0,True,1.0,1.0,True
8,4,0.27812051149206235,0.032207436103968805,8.635288775723296,0.9362768655405488,0.11440115571334725,0.7142857142857143,0.8809523809523809,False,0.5714285714285714,0.7619047619047619,False,0.7142857142857143,0.8095238095238095,False
5,4,0.7005640526772322,0.012815676022080226,54.66461944071935,1.7377063290186343,0.2521884444190474,0.8,0.9,False,0.8,0.9,False,1.0,1.0,True
10,4,0.3056774760594587,0.053766163567507165,5.685313136950418,0.7547543898512704,0.3800330311694108,0.8222222222222222,0.9151515151515152,False,0.7333333333333333,0.8909090909090909,False,0.9555555555555556,0.9878787878787879,False
6,4,0.7303896404479937,0.13642034541583062,5.35396416286953,0.7286754598804059,0.27968702204523793,0.4666666666666667,0.6,False,0.4666666666666667,0.6,False,1.0,1.0,True
4,4,0.5348879577793889,0.13277680669966224,4.028474332759511,0.6051406009013975,0.03783131470370107,1.0,1.0,True,1.0,1.0,True,1.0,1.0,True
5,5,0.6617249740520693,0.10974036568090045,6.029914060703809,0.7803111225500884,0.12182001362101055,0.8,0.9,False,0.8,0.9,False,0.8,0.9,False
10,4,0.13870375210164537,0.0017993896255073588,77.08377888721708,1.8869629969750903,0.17188427652339033,0.8666666666666667,0.9636363636363636,False,0.8666666666666667,0.9636363636363636,False,0.9111111111111111,0.9757575757575757,False
10,5,0.4861895623350275,0.0019997993856646595,243.1191676410666,2.3858192001949923,0.1547755034104516,0.7333333333333333,0.9030303030303031,False,0.7777777777777778,0.9030303030303031,False,0.9111111111111111,0.9757575757575757,False
4,3,0.5080362769589644,0.057955138973447645,8.766026377453032,0.9428027731357664,0.37797798085141476,0.6666666666666666,0.8,False,0.6666666666666666,0.8,False,1.0,1.0,True
4,4,0.2999670405681986,0.06993051054869877,4.289501652572887,0.632406839478571,0.26645657087689834,1.0,1.0,True,1.0,1.0,True,1.0,1.0,True
6,3,0.6579117784006558,0.02568493699587492,25.614693097386372,1.4084891567413445,0.3811923714168928,0.4666666666666667,0.6,False,0.4666666666666667,0.6,False,0.8666666666666667,0.9428571428571428,False
6,5,0.2933509181296102,0.013204326052278571,22.216273435384654,1.3466712120225361,0.3063709809415112,0.4666666666666667,0.5428571428571429,False,0.3333333333333333,0.48571428571428577,False,1.0,1.0,True
10,3,0.01991375068218799,0.011216600118794301,1.7753820649312035,0.24929182828464286,0.13150143785051044,0.8222222222222222,0.9393939393939394,False,0.7333333333333333,0.8787878787878788,False,0.9555555555555556,0.9878787878787879,False
8,3,0.4563299135949653,0.2539815082457671,1.7967052670291161,0.25447684093701994,0.07787637336462506,1.0,1.0,True,0.9285714285714286,0.9761904761904762,False,0.8571428571428571,0.9523809523809523,False
6,3,0.15259977475391753,0.027504352619492467,5.548204564546673,0.7441524653096803,0.35941777230248617,0.6,0.7714285714285715,False,0.4666666666666667,0.7142857142857143,False,1.0,1.0,True
6,5,0.3233884286502259,0.16943398457267672,1.908639695064266,0.28072395185404797,0.08067216667576978,0.8666666666666667,0.9428571428571428,False,0.3333333333333333,0.37142857142857144,False,0.8666666666666667,0.9428571428571428,False
4,4,0.6925356476804051,0.0803648250043435,8.61739756957547,0.9353761298829981,0.3804333659322551,0.3333333333333333,0.4,False,0.6666666666666666,0.8,False,1.0,1.0,True
8,5,0.5997291826500287,0.2262331776648686,2.6509338234013975,0.4233988863561306,0.15431711417319272,0.5714285714285714,0.7380952380952381,False,0.42857142857142855,0.6428571428571428,False,0.8571428571428571,0.9523809523809523,False
6,5,0.35245567807832706,0.1563803495663545,2.2538361057091834,0.35292233186358074,0.09222698436628542,0.8666666666666667,0.9428571428571428,False,0.7333333333333333,0.8285714285714285,False,0.7333333333333333,0.8285714285714285,False
8,4,0.36981488794065864,0.09284316581833804,3.9832214323698873,0.6002344500656895,0.0575063474373502,0.9285714285714286,0.9761904761904762,False,0.8571428571428571,0.9285714285714286,False,0.8571428571428571,0.9285714285714286,False
5,5,0.736389261755612,0.016473306185633495,44.70197138405169,1.6503266762043407,0.41020027628149514,1.0,1.0,True,1.0,1.0,True,1.0,1.0,True
4,5,0.6287680921924258,0.0033170976818511734,189.55368587517006,2.277732233709348,0.1875973745313566,0.6666666666666666,0.8,False,0.6666666666666666,0.8,False,1.0,1.0,True
10,4,0.3765350913141293,0.028358892683464608,13.27749625148095,1.1231161874806406,0.09720030339304413,0.8222222222222222,0.9393939393939394,False,0.7333333333333333,0.8787878787878788,False,0.7777777777777778,0.8909090909090909,False
4,3,0.5413866473665289,0.30884488897723056,1.7529402838998882,0.24376712156185099,0.12406423560102042,1.0,1.0,True,1.0,1.0,True,1.0,1.0,True
8,4,0.39813218004168927,0.12453435972825454,3.196966531222816,0.5047380897026135,0.07792557529673258,1.0,1.0,True,0.8571428571428571,0.9285714285714286,False,0.9285714285714286,0.9761904761904762,False
4,4,0.3926931719790541,0.04224449533110048,9.295724067525004,0.9682832237241982,0.2815050336305714,1.0,1.0,True,1.0,1.0,True,1.0,1.0,True
8,3,0.2786426512468421,0.03179321558698621,8.764217336736886,0.9427131387397867,0.06892567057241365,0.7857142857142857,0.9047619047619048,False,0.9285714285714286,0.9761904761904762,False,0.9285714285714286,0.9761904761904762,False
10,4,0.47071236221755447,0.0832618136453907,5.6534002996457575,0.7523097375868302,0.26913070804180017,0.4666666666666667,0.6727272727272727,False,0.5555555555555556,0.7090909090909091,False,0.8666666666666667,0.9515151515151515,False
5,5,0.3480024105601932,0.13160576094512666,2.6442794605522577,0.42230735163135386,0.08714962888028831,1.0,1.0,True,1.0,1.0,True,1.0,1.0,True
5,5,0.6340402152775105,0.0016603931163519676,381.8615053576542,2.5819058802812025,0.25606114331384,0.8,0.9,False,0.8,0.9,False,1.0,1.0,True
8,3,0.138244115074546,0.0608972193930257,2.270121960414311,0.356049189929741,0.08148929430365369,0.9285714285714286,0.9761904761904762,False,0.9285714285714286,0.9761904761904762,False,1.0,1.0,True
4,3,0.742815811495011,0.135522815288767,5.4811126075470415,0.7388687245925306,0.16744681313988954,1.0,1.0,True,1.0,1.0,True,1.0,1.0,True
8,3,0.31226506648451335,0.060031645920765604,5.201674245138359,0.7161431510185118,0.2444751454273198,0.7142857142857143,0.8809523809523809,False,0.7857142857142857,0.9047619047619048,False,1.0,1.0,True
8,3,0.40936321034638146,0.14694273256739224,2.7858690470170044,0.44496069805544164,0.21386448132771005,0.8571428571428571,0.9523809523809523,False,0.8571428571428571,0.9523809523809523,False,0.9285714285714286,0.9761904761904762,False
5,4,0.7705530019843523,0.3571974172436009,2.1572188509322134,0.3338942067301932,0.0687364115213043,1.0,1.0,True,1.0,1.0,True,1.0,1.0,True
10,4,0.6191465650146207,0.028398970129845116,21.801725983793474,1.3384908768874149,0.24830886959947035,0.6444444444444445,0.7575757575757576,False,0.5555555555555556,0.6484848484848484,False,0.9555555555555556,0.9878787878787879,False
10,5,0.7052975219663469,0.1803589314585012,3.910521737176727,0.592234704316752,0.137540125970534,0.9111111111111111,0.9757575757575757,False,0.8666666666666667,0.9515151515151515,False,0.9111111111111111,0.9757575757575757,False
4,5,0.0874454942440384,0.009008593054885869,9.706898036303778,0.9870804677097098,0.3281672538516421,1.0,1.0,True,1.0,1.0,True,1.0,1.0,True
4,5,0.47927801919371293,0.2096711004992662,2.285856362894916,0.35904893701201224,0.17079190726986318,0.6666666666666666,0.8,False,0.6666666666666666,0.8,False,1.0,1.0,True
4,4,0.215697471958422,0.07707305106906338,2.798610785011506,0.4469425034410199,0.09382764070397373,0.6666666666666666,0.8,False,1.0,1.0,True,1.0,1.0,True
6,5,0.7147983175989578,0.44923633993606,1.5911409074766842,0.20170864138753025,0.07380199042393405,0.8666666666666667,0.9428571428571428,False,0.7333333333333333,0.8857142857142857,False,0.7333333333333333,0.8857142857142857,False
4,4,0.7562332467673057,0.025958923291383322,29.131918849238026,1.4643690914999585,0.22368932311025652,1.0,1.0,True,1.0,1.0,True,1.0,1.0,True
10,4,0.4294720716253141,0.10215628430906502,4.204069035261495,0.6236698389896388,0.24302169719635627,0.7333333333333333,0.8787878787878788,False,0.6888888888888889,0.8545454545454545,False,0.9111111111111111,0.9757575757575757,False
6,4,0.59897572946086,0.17357733389732757,3.450771572581638,0.5379162116674013,0.24199999476107548,0.8666666666666667,0.9428571428571428,False,0.8666666666666667,0.9428571428571428,False,0.8666666666666667,0.9428571428571428,False
5,4,0.21288797802844828,0.06780391506110528,3.1397593757447875,0.49689636597431613,0.08559608692995867,1.0,1.0,True,1.0,1.0,True,0.8,0.9,False
8,5,0.7257475092299964,0.32188671206379266,2.254667502658235,0.35308250523492596,0.11135354311328849,0.9285714285714286,0.9761904761904762,False,0.9285714285714286,0.9761904761904762,False,0.9285714285714286,0.9761904761904762,False
8,5,0.40556876192859015,0.024142084969202955,16.799243413696786,1.225289722877315,0.5297102369014507,0.5714285714285714,0.8095238095238095,False,0.42857142857142855,0.5476190476190477,False,1.0,1.0,True
4,4,0.05629941474072643,0.0018336036364678004,30.704244685332164,1.4871984183432638,0.5507167679257283,0.0,0.19999999999999996,False,0.0,0.19999999999999996,False,1.0,1.0,True
4,4,0.3135745865905068,0.13941331097608797,2.2492442392537506,0.35203661684111864,0.09675832723099723,0.6666666666666666,0.8,False,0.3333333333333333,0.4,False,1.0,1.0,True
5,5,0.8475951596662521,0.20740653191094147,4.0866367700806805,0.6113660383086192,0.1484957326243578,0.8,0.9,False,0.8,0.9,False,1.0,1.0,True
10,5,0.6823500286121738,0.2465987345833788,2.7670459451554636,0.44201637040290614,0.15498653782784877,0.4666666666666667,0.5878787878787879,False,0.37777777777777777,0.4666666666666667,False,0.8222222222222222,0.9393939393939394,False
6,4,0.11171237554663042,0.013382242712189785,8.347806712287817,0.9215723847203637,0.10646054767549944,1.0,1.0,True,1.0,1.0,True,1.0,1.0,True
5,3,0.22241981003333003,0.11418418961259683,1.9479037403164676,0.28956749151471567,0.14767719716535155,1.0,1.0,True,1.0,1.0,True,1.0,1.0,True
4,5,0.04457370549481096,0.022632098313758054,1.969490626759301,0.29435391824676005,0.1146716688562079,1.0,1.0,True,1.0,1.0,True,1.0,1.0,True
6,3,0.706999225437541,0.008074300534768273,87.56166832106526,1.9423140276301363,0.5060686512308443,0.3333333333333333,0.48571428571428577,False,0.3333333333333333,0.48571428571428577,False,0.7333333333333333,0.8285714285714285,False
10,5,0.5624405590421229,0.14881119661743383,3.779558069708117,0.5774410222955755,0.11815690477148488,0.8666666666666667,0.9636363636363636,False,0.7777777777777778,0.9030303030303031,False,0.8666666666666667,0.9636363636363636,False
10,4,0.46417355564917534,0.25272140990311676,1.8367005621933028,0.26403835892577787,0.12908854517508783,0.9111111111111111,0.9757575757575757,False,1.0,1.0,True,0.7777777777777778,0.9030303030303031,False
10,4,0.3445356915343586,0.07362239388426728,4.679767572775222,0.670224283764758,0.1669135404938541,0.8222222222222222,0.9393939393939394,False,0.8222222222222222,0.9393939393939394,False,0.9111111111111111,0.9757575757575757,False
8,3,0.6201790775692417,0.18611230696641146,3.332284079836999,0.52274201825894,0.060703288897777825,1.0,1.0,True,0.9285714285714286,0.9761904761904762,False,0.9285714285714286,0.9761904761904762,False
10,4,0.5302525447733396,0.13508688730745674,3.9252702859498383,0.5938695667258724,0.31027626326975893,0.6444444444444445,0.8181818181818181,False,0.6,0.7818181818181819,False,0.9111111111111111,0.9636363636363636,False
10,3,0.6232012252093074,0.11074271342193133,5.627469347163947,0.7503131380761455,0.2937209235654627,0.7777777777777778,0.8909090909090909,False,0.7777777777777778,0.8909090909090909,False,0.9555555555555556,0.9878787878787879,False
4,4,0.6242371696527576,0.09068711178233224,6.883416588943443,0.8378040541395941,0.12662161623377116,1.0,1.0,True,1.0,1.0,True,1.0,1.0,True
8,3,0.7648887204187512,0.5075878489760755,1.506909044336277,0.17808703948452734,0.06551036099982649,0.9285714285714286,0.9761904761904762,False,0.9285714285714286,0.9761904761904762,False,1.0,1.0,True
8,4,0.27170652429836073,0.05879833785273846,4.620989881962885,0.6647350175962861,0.20323001656838025,0.7857142857142857,0.9285714285714286,False,0.7857142857142857,0.9285714285714286,False,0.9285714285714286,0.9761904761904762,False
6,4,0.435247579825154,0.11848707767670016,3.6733759356364786,0.5650653765940755,0.1907194298388616,0.6,0.7714285714285715,False,0.4666666666666667,0.4285714285714286,False,0.7333333333333333,0.8285714285714285,False
6,5,0.5541011535667798,0.2500178791237203,2.2162461161042364,0.34561798752336725,0.08845151654943006,0.8666666666666667,0.9428571428571428,False,0.8666666666666667,0.9428571428571428,False,1.0,1.0,True
10,5,0.3930419336166197,0.07957992788058237,4.938958152883469,0.6936353464594252,0.12092535754602472,0.9111111111111111,0.9757575757575757,False,0.7333333333333333,0.8666666666666667,False,0.7333333333333333,0.8787878787878788,False
5,3,0.06257669183386647,0.005742828017655221,10.896494136789393,1.0372867895040054,0.044894763628814435,1.0,1.0,True,1.0,1.0,True,1.0,1.0,True
8,5,0.8504628328014745,0.5343048574351313,1.5917183251569735,0.20186621625762374,0.0832128719587842,0.7142857142857143,0.8333333333333334,False,0.7142857142857143,0.8333333333333334,False,0.7857142857142857,0.8571428571428572,False
4,5,0.3160947357474918,0.033055926642079014,9.562422471483588,0.9805679270800154,0.09091638757254249,1.0,1.0,True,1.0,1.0,True,1.0,1.0,True
6,3,0.32634748032723176,0.057434554153361614,5.682075627332936,0.7545070098013481,0.29318452787945426,0.6,0.6571428571428571,False,0.6,0.6571428571428571,False,0.8666666666666667,0.9428571428571428,False
4,5,0.9247817324298443,0.09005770575426489,10.268768504307365,1.0115183633779283,0.4494300893428635,1.0,1.0,True,1.0,1.0,True,0.6666666666666666,0.8,False
4,4,0.30312492248930756,0.032577339562534266,9.304778307575894,0.9687060302401953,0.2298958959013752,1.0,1.0,True,1.0,1.0,True,1.0,1.0,True
4,4,0.21777251825558092,0.04917298138129495,4.428702757770781,0.6462765326234481,0.2879697578857713,0.6666666666666666,0.8,False,0.6666666666666666,0.8,False,1.0,1.0,True
10,3,0.086052178841924,0.025136418189779585,3.423406556527184,0.5344584780954185,0.02586122726510042,0.9555555555555556,0.9878787878787879,False,0.9111111111111111,0.9757575757575757,False,0.9111111111111111,0.9757575757575757,False
10,5,0.1246836170098058,0.00948853766637694,13.14044601819808,1.1186101064684226,0.1408497847997216,0.8666666666666667,0.9515151515151515,False,0.7777777777777778,0.9272727272727272,False,0.8222222222222222,0.9030303030303031,False
5,4,0.19458411441807758,0.11411420318188809,1.7051699875275148,0.23176768008235765,0.10411955684543332,1.0,1.0,True,1.0,1.0,True,1.0,1.0,True
5,4,0.8944862722990573,0.24068261574940414,3.716455671342168,0.5701289570484799,0.23694564791799633,1.0,1.0,True,1.0,1.0,True,1.0,1.0,True
10,4,0.36518120279396854,0.015700927016155695,23.258575904145758,1.3665831198548057,0.23390309044074173,0.8222222222222222,0.9393939393939394,False,0.7777777777777778,0.9030303030303031,False,0.8222222222222222,0.9393939393939394,False
5,3,0.12087145749837881,0.08072407380360318,1.4973409021818505,0.17532068817307747,0.024751249229057876,0.8,0.9,False,0.8,0.9,False,0.8,0.9,False
6,5,0.2913983831930718,0.009854913071143433,29.568843586937188,1.4708343399595762,0.24865272282414894,0.3333333333333333,0.4285714285714286,False,0.4666666666666667,0.6571428571428571,False,0.8666666666666667,0.9428571428571428,False
4,3,0.8112286577836596,0.3164043909292203,2.5638982297264254,0.40890078249053285,0.15901584489305276,0.6666666666666666,0.8,False,0.6666666666666666,0.8,False,1.0,1.0,True
6,5,0.25106868283215333,0.02299590376686516,10.917974147334913,1.0381420616054908,0.2694166075666702,0.4666666666666667,0.7142857142857143,False,0.4666666666666667,0.7142857142857143,False,0.8666666666666667,0.9428571428571428,False
6,3,0.37294917420067525,0.09511950055879058,3.92084874295829,0.5933800885726802,0.11111948756600037,0.8666666666666667,0.9428571428571428,False,0.8666666666666667,0.9428571428571428,False,0.8666666666666667,0.9428571428571428,False
6,5,0.4399182082094329,0.034670803122843236,12.688434318583742,1.1034080359048062,0.37094831337041795,-0.2,-0.37142857142857144,False,-0.2,-0.37142857142857144,False,0.6,0.7714285714285715,False
10,4,0.6253506307762854,0.12387100364980569,5.048402066226561,0.703153935814128,0.25138816845995615,0.7333333333333333,0.8909090909090909,False,0.8222222222222222,0.9393939393939394,False,0.8222222222222222,0.9393939393939394,False
4,3,0.5868533936495066,0.01148288811674518,51.106776242346875,1.708478487014405,0.2887628832374719,0.6666666666666666,0.8,False,0.6666666666666666,0.8,False,1.0,1.0,True
6,4,0.6486818015004415,0.1729669641639912,3.750321945187587,0.5740685511988957,0.23433483366690155,0.3333333333333333,0.48571428571428577,False,0.2,0.3142857142857143,False,1.0,1.0,True
4,5,0.586814416176029,0.10905148765991254,5.381076670872062,0.7308691800226026,0.17492090040705147,1.0,1.0,True,1.0,1.0,True,1.0,1.0,True
8,3,0.5964705370413333,0.3261802622986242,1.8286530669762744,0.26213131871338224,0.11299449338415479,0.8571428571428571,0.9285714285714286,False,0.7142857142857143,0.8333333333333334,False,0.9285714285714286,0.9761904761904762,False
10,5,0.8898450823481946,0.40137463586084304,2.2169938078859763,0.34576448012183714,0.1175756261585255,0.8666666666666667,0.9515151515151515,False,0.9111111111111111,0.9636363636363636,False,0.9555555555555556,0.9878787878787879,False
10,5,0.40181400328150285,0.022197222032261307,18.101995046020033,1.25772644170511,0.3607861552720243,0.5111111111111111,0.7212121212121212,False,0.4222222222222222,0.6,False,0.9111111111111111,0.9757575757575757,False
8,3,0.5660637914916258,0.2637338607902373,2.146344765110395,0.33169948350080847,0.05190249806141736,1.0,1.0,True,0.8571428571428571,0.9523809523809523,False,0.8571428571428571,0.9523809523809523,False
5,5,0.36998360751803605,0.0061586316760194075,60.075618566151526,1.7786982511943443,0.294252594599937,0.8,0.9,False,0.6,0.7,False,0.8,0.9,False
5,4,0.6074735357633295,0.061939720560695084,9.807495582067654,0.9915581211672048,0.24693299559133675,0.8,0.9,False,0.8,0.9,False,1.0,1.0,True
6,3,0.4040364923732807,0.1326331241077983,3.046271397798423,0.4837685928002955,0.20791184192028117,0.2,0.3142857142857143,False,0.3333333333333333,0.37142857142857144,False,0.8666666666666667,0.9428571428571428,False
8,5,0.69266538992826,0.08473234437284961,8.174745960906431,0.9124742653701482,0.24192201279730205,0.7142857142857143,0.8571428571428572,False,0.7857142857142857,0.9047619047619048,False,0.7857142857142857,0.9047619047619048,False
5,5,0.8717360231828307,0.3915132659744243,2.2265810610809558,0.3476385107132879,0.11534032062599768,1.0,1.0,True,0.8,0.9,False,0.8,0.9,False
5,5,0.194410468706839,0.006860976749822658,28.335683936478638,1.4523336996404377,0.37355161365638534,0.6,0.8,False,0.6,0.8,False,0.6,0.7,False
8,4,0.5285089598262629,0.0809255340110894,6.5308059598013815,0.8149667804014827,0.2961275777296186,0.7857142857142857,0.9047619047619048,False,0.5,0.6904761904761905,False,0.9285714285714286,0.9761904761904762,False
6,4,0.732251236052128,0.12367048963828753,5.920985986130575,0.7723940331891842,0.37765945387064215,0.6,0.7714285714285715,False,0.6,0.7714285714285715,False,0.8666666666666667,0.9428571428571428,False
5,3,0.07227237435802426,0.018841746385666863,3.835757730460004,0.5838511689764525,0.1932884748251223,0.4,0.6,False,0.4,0.6,False,0.6,0.7,False
10,4,0.34408363486138255,0.08348624371800129,4.121441084587566,0.6150490960464213,0.1821587974434061,0.6444444444444445,0.8424242424242424,False,0.6,0.806060606060606,False,0.7333333333333333,0.8787878787878788,False
8,3,0.3765177639266559,0.27090527842646217,1.3898502314618897,0.14296800374039026,0.07742206390305141,0.9285714285714286,0.9761904761904762,False,0.8571428571428571,0.9285714285714286,False,1.0,1.0,True
8,4,0.25240017632735995,0.02509678375775446,10.057072601556593,1.002471585292059,0.18298411618561405,0.6428571428571429,0.8095238095238095,False,0.6428571428571429,0.8095238095238095,False,0.9285714285714286,0.9761904761904762,False
8,3,0.5475169822388946,0.1004330890911074,5.451559711926868,0.7365207733544916,0.2639357498370707,0.35714285714285715,0.6190476190476191,False,0.2857142857142857,0.5714285714285714,False,0.8571428571428571,0.9285714285714286,False
10,5,0.5630342821224197,0.11592281149097078,4.856975731315983,0.6863659334541184,0.21665174436441037,0.9555555555555556,0.9878787878787879,False,0.9555555555555556,0.9878787878787879,False,1.0,1.0,True
4,5,0.7780513566361983,0.0765703807164834,10.161257516884005,1.0069474578345763,0.049820222505598796,1.0,1.0,True,1.0,1.0,True,1.0,1.0,True
4,5,0.5665758072593313,0.05902849690690823,9.598343798983393,0.9821963016838483,0.21377535045956478,1.0,1.0,True,1.0,1.0,True,0.6666666666666666,0.8,False
4,4,0.15609486235108644,9.274145782276105e-05,1683.118470773687,3.2261146860248266,0.16158522863505542,1.0,1.0,True,1.0,1.0,True,1.0,1.0,True
10,3,0.2128409311337591,0.0707912144943789,3.0066009271200294,0.4780757870458472,0.03956095748124334,1.0,1.0,True,0.9111111111111111,0.9757575757575757,False,0.9555555555555556,0.9878787878787879,False
8,5,0.7295651271666487,0.031436457527496325,23.207612578653844,1.3656304658653937,0.27683943397792676,0.35714285714285715,0.5476190476190477,False,0.35714285714285715,0.47619047619047616,False,0.7857142857142857,0.9047619047619048,False
10,4,0.47547534399515345,0.05869189376482708,8.10120978362425,0.9085498785231211,0.24189373458538443,0.8222222222222222,0.9272727272727272,False,0.7777777777777778,0.9151515151515152,False,0.8666666666666667,0.9272727272727272,False
4,5,0.11208366677753032,0.005200082795310867,21.554208109349076,1.3335320717244699,0.1535468743681196,1.0,1.0,True,0.6666666666666666,0.8,False,0.6666666666666666,0.8,False
10,5,0.44071412072974775,0.07753010238048236,5.6844258835263695,0.7546866083012802,0.0553897455685236,0.9555555555555556,0.9878787878787879,False,0.9111111111111111,0.9757575757575757,False,0.9111111111111111,0.9757575757575757,False
5,5,0.27947009798948674,0.06230617555613484,4.485431748787282,0.6518042527516428,0.13341805295271195,1.0,1.0,True,1.0,1.0,True,1.0,1.0,True
10,3,0.36427821176451236,0.1530645605636517,2.379899111987114,0.3765585469573639,0.05178580484253466,0.9111111111111111,0.9757575757575757,False,0.9555555555555556,0.9878787878787879,False,1.0,1.0,True
6,3,0.048494165942437335,0.040730876564262754,1.1905996146372035,0.07576573764714466,0.04181912552650166,1.0,1.0,True,1.0,1.0,True,1.0,1.0,True
4,5,0.8931886874362145,0.10593630184715482,8.431375004165032,0.9258984059445657,0.2849159721493305,0.6666666666666666,0.8,False,0.6666666666666666,0.8,False,0.6666666666666666,0.8,False
5,4,0.4836452750021704,0.16358761132041952,2.956490843624439,0.47077653830906724,0.22232562495046032,0.0,-0.10000000000000009,False,-0.4,-0.3999999999999999,False,0.8,0.9,False
10,4,0.46939400297929795,0.02736901291205294,17.150563831822836,1.2342784022227689,0.22959094768246308,0.8222222222222222,0.8787878787878788,False,0.7777777777777778,0.8666666666666667,False,0.7777777777777778,0.8787878787878788,False
5,3,0.4602925378826623,0.22326068779307945,2.061681984547163,0.31422167597769723,0.1360086324181803,0.8,0.9,False,0.8,0.9,False,0.8,0.9,False
8,4,0.7348148874034831,0.23374665836397118,3.1436380419015264,0.4974325356325461,0.13738716525083688,0.6428571428571429,0.8095238095238095,False,0.5714285714285714,0.6904761904761905,False,0.9285714285714286,0.9761904761904762,False
4,5,0.6087468807350791,0.06658117247643133,9.142928219556703,0.9610853101678958,0.15824630079817806,1.0,1.0,True,0.6666666666666666,0.8,False,0.6666666666666666,0.8,False
8,5,0.12512323414117116,0.0017451732830585807,71.69673939208154,1.8554994053717628,0.21992843742294793,0.9285714285714286,0.9761904761904762,False,0.7857142857142857,0.9047619047619048,False,1.0,1.0,True
6,5,0.5603379368940056,0.05992066939159337,9.351329726020507,0.9708733704032659,0.23823065199590343,0.6,0.7714285714285715,False,0.6,0.7714285714285715,False,0.4666666666666667,0.7142857142857143,False
4,5,0.3758863450595452,0.04325850927887242,8.68930416967558,0.9389849999964625,0.36625305692784194,-0.6666666666666666,-0.8,False,-0.3333333333333333,-0.6000000000000001,False,1.0,1.0,True
6,3,0.6042739989629825,0.2630939739455278,2.2967990862679257,0.3611230067137732,0.16765516297403738,0.7333333333333333,0.8285714285714285,False,0.7333333333333333,0.8285714285714285,False,1.0,1.0,True
8,5,0.5682137170813581,0.09499523543286753,5.981497013888968,0.7768098902605356,0.24490694227024698,0.8571428571428571,0.9285714285714286,False,0.7142857142857143,0.8095238095238095,False,0.8571428571428571,0.9523809523809523,False
6,5,0.0960814231474302,0.013991900709222432,6.866931458228078,0.8367627125373704,0.20762608548118822,0.8666666666666667,0.9428571428571428,False,0.8666666666666667,0.9428571428571428,False,1.0,1.0,True
5,5,0.456149923176235,0.09733781360356746,4.686256104224132,0.6708260191333425,0.10625745980532847,1.0,1.0,True,0.8,0.9,False,0.8,0.9,False
10,5,0.1895668649761456,0.015998594634095732,11.848969818905053,1.0736805932648152,0.29989827621261145,0.5111111111111111,0.6848484848484848,False,0.37777777777777777,0.5151515151515151,False,0.8666666666666667,0.9636363636363636,False
8,4,0.44644838387960684,0.1504379450841408,2.967658084048795,0.47241386265660196,0.20780135397968758,0.9285714285714286,0.9761904761904762,False,0.9285714285714286,0.9761904761904762,False,1.0,1.0,True
10,3,0.3114209108171998,0.13397248115307386,2.324514020599894,0.36633217002902346,0.12417736624145706,0.8222222222222222,0.9272727272727272,False,0.7333333333333333,0.8424242424242424,False,0.7777777777777778,0.8666666666666667,False
4,3,0.41704727055576407,0.052804271805098904,7.897983558739182,0.8975162253290794,0.35545416428113874,0.3333333333333333,0.4,False,0.3333333333333333,0.4,False,0.6666666666666666,0.8,False
6,5,0.6543219859501233,0.019161076185627686,34.14849873655676,1.5333716156380277,0.4524284233353332,0.7333333333333333,0.8857142857142857,False,0.7333333333333333,0.8857142857142857,False,0.7333333333333333,0.8857142857142857,False
10,5,0.520676628514619,0.028793854280574505,18.082908367283277,1.257268281575327,0.17578247121225093,0.7777777777777778,0.9030303030303031,False,0.8222222222222222,0.9151515151515152,False,0.8666666666666667,0.9272727272727272,False
6,3,0.878064063680432,0.32694416183192954,2.685669805993135,0.4290526165791083,0.09636187071133558,0.7333333333333333,0.8285714285714285,False,0.7333333333333333,0.8285714285714285,False,1.0,1.0,True
8,5,0.7884179858812765,0.20594192605515219,3.828351035555073,0.5830117529853776,0.068767582864221,0.9285714285714286,0.9761904761904762,False,0.7857142857142857,0.9047619047619048,False,0.9285714285714286,0.9761904761904762,False
10,3,0.22995416319101591,0.1284739699035615,1.7898891375571273,0.2528261324110519,0.11427603058641599,0.9111111111111111,0.9636363636363636,False,0.9111111111111111,0.9636363636363636,False,0.9111111111111111,0.9636363636363636,False
10,4,0.6807455518584454,0.28023540298757227,2.4291918315767034,0.38546181209027225,0.17790015918623317,0.8222222222222222,0.9151515151515152,False,0.8222222222222222,0.9151515151515152,False,0.9111111111111111,0.9757575757575757,False
6,3,0.746426161490788,0.1371100386807904,5.443993515479336,0.7359175992290893,0.33634419618479916,1.0,1.0,True,1.0,1.0,True,0.8666666666666667,0.9428571428571428,False
5,5,0.5074311429907764,0.00988603145624516,51.328093096335046,1.710355129970434,0.2662409830328383,0.8,0.9,False,0.8,0.9,False,1.0,1.0,True
6,4,0.3532054174682824,0.182471360491083,1.935675913829815,0.2868326460419221,0.11059342438971334,0.8666666666666667,0.9428571428571428,False,0.8666666666666667,0.9428571428571428,False,1.0,1.0,True
5,3,0.47329161711167217,0.2343326220098994,2.0197427615932115,0.30529606037010787,0.12190254735043818,1.0,1.0,True,1.0,1.0,True,0.8,0.9,False
5,3,0.4700687810607557,0.06176729671307544,7.6103181791609344,0.8814028145320919,0.42921176290997,0.0,0.09999999999999998,False,0.0,0.09999999999999998,False,0.8,0.9,False
6,5,0.6169179231042817,0.024290637244685123,25.397354415387692,1.4047884795081713,0.24639642551616323,0.6,0.7714285714285715,False,0.8666666666666667,0.9428571428571428,False,1.0,1.0,True
5,4,0.5018382207354251,0.3329402350627381,1.5072922040778673,0.17819745292320802,0.06743288168730807,1.0,1.0,True,0.8,0.9,False,1.0,1.0,True
6,4,0.48952615878188993,0.08935445755581904,5.478474965511466,0.7386596814336038,0.16733181230630917,0.7333333333333333,0.8857142857142857,False,0.7333333333333333,0.8857142857142857,False,1.0,1.0,True
6,4,0.4213397462762081,0.03457191555241221,12.187341648028017,1.085908985889411,0.31867090376382945,0.6,0.6571428571428571,False,0.6,0.6571428571428571,False,0.8666666666666667,0.9428571428571428,False
5,3,0.09118866620390556,0.035279308114781346,2.5847634512739925,0.4124208041003308,0.1561929615838002,0.8,0.9,False,0.8,0.9,False,1.0,1.0,True
6,4,0.6517610684027638,0.07861631698751363,8.29040450340596,0.9185757210582757,0.06810821651196777,0.8666666666666667,0.9428571428571428,False,0.8666666666666667,0.9428571428571428,False,0.8666666666666667,0.9428571428571428,False
5,5,0.8196419904479038,0.18118636963593013,4.523750832307869,0.6554986760204683,0.26348461092976294,0.8,0.9,False,0.8,0.9,False,0.8,0.9,False
8,4,0.3457218368981795,0.011249762585429566,30.73147848606325,1.487583454590676,0.37926431532695515,0.35714285714285715,0.5238095238095238,False,0.42857142857142855,0.5714285714285714,False,0.8571428571428571,0.9523809523809523,False
10,5,0.15603066761988632,0.007717143763168026,20.21870686721718,1.3057533758647364,0.2886741925391417,0.8666666666666667,0.9393939393939394,False,0.8666666666666667,0.9272727272727272,False,0.9555555555555556,0.9878787878787879,False
5,5,0.3716479018875505,0.03095312954915799,12.006795671026213,1.0794271199698915,0.1609984367464995,1.0,1.0,True,1.0,1.0,True,0.8,0.9,False
4,3,0.15529644520895944,0.024057890327571337,6.455114853713012,0.809903973928548,0.43300780308281084,0.0,0.0,False,0.0,0.0,False,1.0,1.0,True
5,4,0.766091197763581,0.5057962766750379,1.5146240355862917,0.18030484436742064,0.052463933256611125,1.0,1.0,True,1.0,1.0,True,1.0,1.0,True
4,5,0.8310334818124702,0.1976070432355703,4.205485129482846,0.6238161016570651,0.24267847764721165,0.6666666666666666,0.8,False,0.3333333333333333,0.4,False,0.3333333333333333,0.4,False
6,5,0.16379407855011074,0.07546528597030439,2.1704559446364957,0.3365509750650918,0.11603347746189588,1.0,1.0,True,1.0,1.0,True,1.0,1.0,True
5,5,0.3252726866995184,0.05005414206152632,6.49841698002128,0.8128075750163766,0.18436323355427203,1.0,1.0,True,1.0,1.0,True,0.8,0.9,False
8,4,0.525695288753777,0.12383819519675154,4.24501736248916,0.6278794708856992,0.19993449283784326,0.42857142857142855,0.6190476190476191,False,0.2857142857142857,0.4285714285714286,False,0.9285714285714286,0.9761904761904762,False
6,4,0.5100982233019735,0.05873962583094228,8.684056394254132,0.9387226350995008,0.12773221993099235,0.8666666666666667,0.9428571428571428,False,0.7333333333333333,0.8857142857142857,False,0.8666666666666667,0.9428571428571428,False
5,3,0.9448922036840076,0.6036531542892504,1.5652899301006247,0.19459479132709426,0.11083163410594127,0.8,0.9,False,1.0,1.0,True,1.0,1.0,True
6,3,0.1712072392505544,0.007781325150840272,22.00232427121544,1.3424685610424432,0.1796399219655666,0.4666666666666667,0.6,False,0.6,0.7714285714285715,False,0.8666666666666667,0.9428571428571428,False
6,3,0.46124550144050624,0.00336321787761814,137.14410367906947,2.137177140451736,0.463376221575841,0.7333333333333333,0.8857142857142857,False,0.7333333333333333,0.8857142857142857,False,0.8666666666666667,0.9428571428571428,False
4,5,0.9044357627554634,0.08537726584091629,10.593402749979225,1.0250354840139533,0.23769813641791201,1.0,1.0,True,1.0,1.0,True,1.0,1.0,True
5,5,0.18723385208160598,0.06233616335938149,3.003615269023835,0.47764430341851305,0.09866419540693151,0.6,0.8,False,0.6,0.8,False,0.6,0.8,False
4,4,0.6147454666904159,0.2773417467563873,2.2165630449720295,0.3456800883058153,0.17997486830074774,0.3333333333333333,0.4,False,0.3333333333333333,0.4,False,1.0,1.0,True
8,3,0.8063501086256432,0.1685730965116284,4.7833855182534215,0.6797353843641201,0.19652812297325709,0.5,0.7142857142857143,False,0.42857142857142855,0.5952380952380952,False,0.8571428571428571,0.9523809523809523,False
8,4,0.12258463715018633,0.07008131674629565,1.7491771393538593,0.24283379275391398,0.06662335336329508,0.8571428571428571,0.9523809523809523,False,0.7857142857142857,0.9047619047619048,False,0.7857142857142857,0.9047619047619048,False
10,4,0.6140054129766626,0.04221234109955604,14.545637530835139,1.1627327609942817,0.2540339278805962,0.8222222222222222,0.9030303030303031,False,0.6888888888888889,0.8545454545454545,False,1.0,1.0,True
4,4,0.4026448911250976,0.0034381129132297966,117.11217786321535,2.068602057359387,0.42659992877667585,0.6666666666666666,0.8,False,0.6666666666666666,0.8,False,1.0,1.0,True
5,3,0.40994312693934076,0.09831858832585685,4.16953837433567,0.6200879752192365,0.11103863354714774,1.0,1.0,True,1.0,1.0,True,1.0,1.0,True
6,3,0.2622844898507895,0.0056457401020246455,46.457060556201185,1.6670517275346637,0.11179206094647733,1.0,1.0,True,1.0,1.0,True,1.0,1.0,True
10,5,0.6580675577597135,0.0968632112528962,6.793782172209819,0.8321116180530174,0.26008139265375696,0.9111111111111111,0.9757575757575757,False,0.8666666666666667,0.9636363636363636,False,0.9555555555555556,0.9878787878787879,False
5,5,0.8239560041557822,0.29636112207276527,2.7802432329524547,0.44408279235985404,0.059094745860258716,0.8,0.9,False,0.8,0.9,False,0.8,0.9,False
8,3,0.618085997810814,0.3011834718495087,2.052190958598149,0.312217769893414,0.145766536640615,0.9285714285714286,0.9761904761904762,False,0.9285714285714286,0.9761904761904762,False,0.8571428571428571,0.9523809523809523,False
8,4,0.2970995192438658,0.06123482799971989,4.851806217866294,0.6859034467303986,0.07363261026174961,1.0,1.0,True,0.9285714285714286,0.9761904761904762,False,0.8571428571428571,0.9523809523809523,False
6,4,0.8745848476323045,0.348112049411841,2.5123659152490205,0.40008289278820475,0.15661937224051414,1.0,1.0,True,1.0,1.0,True,0.8666666666666667,0.9428571428571428,False
4,4,0.9265628991711642,0.47978326715654585,1.931211366875181,0.285829808965287,0.08929724685432563,1.0,1.0,True,1.0,1.0,True,1.0,1.0,True
8,3,0.2852183490888359,0.05711041398611916,4.99415656754239,0.6984621534245891,0.16885879196007458,0.7857142857142857,0.9047619047619048,False,0.8571428571428571,0.9285714285714286,False,0.9285714285714286,0.9761904761904762,False
8,5,0.3899685068612029,0.12142363747426299,3.211635847597212,0.5067262967733078,0.2132337544288248,0.5714285714285714,0.7619047619047619,False,0.42857142857142855,0.6428571428571428,False,0.8571428571428571,0.9285714285714286,False
8,5,0.6827086111202453,0.2775357938196119,2.459893917544636,0.3909163786406234,0.08409736139863916,0.7857142857142857,0.9047619047619048,False,0.7857142857142857,0.9047619047619048,False,0.8571428571428571,0.9285714285714286,False
8,5,0.7051180309116584,0.05032135095287277,14.012303277747991,1.1465095284763043,0.07195446416422391,0.9285714285714286,0.9761904761904762,False,0.8571428571428571,0.9523809523809523,False,0.7857142857142857,0.9047619047619048,False
6,4,0.1969377695995826,0.02228824731572468,8.835946891696784,0.9462530968879052,0.4060243763858391,0.8666666666666667,0.9428571428571428,False,0.8666666666666667,0.9428571428571428,False,1.0,1.0,True
10,5,0.3803475520286309,0.08519566335366445,4.464400382039011,0.649763136626819,0.29347458218027755,0.5111111111111111,0.6848484848484848,False,0.7333333333333333,0.8909090909090909,False,0.7777777777777778,0.9272727272727272,False
4,4,0.20682207390657872,0.12672100321233523,1.6321057177742908,0.21274828625547226,0.07336113400215274,0.6666666666666666,0.8,False,1.0,1.0,True,1.0,1.0,True
4,4,0.3954960087996493,0.026522631822211724,14.911642684476146,1.1735254884903568,0.2851461138566018,1.0,1.0,True,0.6666666666666666,0.8,False,1.0,1.0,True
10,5,0.6733955573803538,0.11260108787903238,5.980364577807666,0.7767276604606141,0.21998700689773945,0.7333333333333333,0.8909090909090909,False,0.6888888888888889,0.8545454545454545,False,0.8666666666666667,0.9515151515151515,False
10,4,0.3157570384696524,0.03594529947690819,8.784376345611342,0.9437109338137857,0.08395853379139087,0.9555555555555556,0.9878787878787879,False,0.9555555555555556,0.9878787878787879,False,1.0,1.0,True
4,5,0.5595093890133466,0.21097190572606606,2.6520563820340266,0.4235827528194501,0.13144389596752723,1.0,1.0,True,1.0,1.0,True,0.6666666666666666,0.8,False
4,5,0.07896127782633444,0.0019098757884223997,41.343671805073015,1.6164090444699855,0.278424170861587,1.0,1.0,True,1.0,1.0,True,1.0,1.0,True
4,4,0.37436679800853623,0.08396044696784982,4.458847130094842,0.6492225829810642,0.2581776075683865,1.0,1.0,True,1.0,1.0,True,1.0,1.0,True
5,5,0.933304309271475,0.3965123677280057,2.353783602304524,0.37176653299976853,0.0497369746504205,1.0,1.0,True,1.0,1.0,True,1.0,1.0,True
5,4,0.5853971758730577,0.3861529003166279,1.515972495329033,0.1806913218532982,0.07388093236341445,1.0,1.0,True,1.0,1.0,True,1.0,1.0,True
4,3,0.8063991378028815,0.436943584279413,1.8455452072397673,0.266124687848831,0.11613864813050287,1.0,1.0,True,1.0,1.0,True,1.0,1.0,True
6,4,0.5363903947335038,0.015167881909329753,35.363566113222895,1.5485560534338851,0.2392846345432662,1.0,1.0,True,1.0,1.0,True,0.8666666666666667,0.9428571428571428,False
10,5,0.6185553304781215,0.06735917223248804,9.18294138672035,0.9629818122920426,0.3123101115887015,0.5555555555555556,0.7212121212121212,False,0.4666666666666667,0.6484848484848484,False,0.9111111111111111,0.9757575757575757,False
10,3,0.4921560613795555,0.03149266017083938,15.627643352264016,1.1938934913733812,0.5262735993994251,0.7333333333333333,0.8666666666666667,False,0.6444444444444445,0.7818181818181819,False,0.9555555555555556,0.9878787878787879,False
10,4,0.5781587046285637,0.030806225199213937,18.76759326632945,1.2734085827881412,0.3409228397558045,0.5111111111111111,0.6727272727272727,False,0.4222222222222222,0.5393939393939393,False,0.8666666666666667,0.9636363636363636,False
6,3,0.029405220018882613,0.016987090349051995,1.7310333560916518,0.2383054365795932,0.08602600153227666,0.8666666666666667,0.9428571428571428,False,0.8666666666666667,0.9428571428571428,False,0.8666666666666667,0.9428571428571428,False
10,3,0.19084450119574556,0.11562983554397627,1.6504780128439533,0.21760974316851314,0.006881018265012035,1.0,1.0,True,0.9111111111111111,0.9757575757575757,False,0.9111111111111111,0.9757575757575757,False
10,5,0.6480896229262934,0.4407320118856799,1.4704845698681148,0.16746047171538236,0.02380378908099099,0.9555555555555556,0.9878787878787879,False,0.9111111111111111,0.9636363636363636,False,1.0,1.0,True
10,5,0.6754101532671207,0.1566474850231571,4.311656539924427,0.6346441583112286,0.1470576376473205,0.6444444444444445,0.793939393939394,False,0.7777777777777778,0.9030303030303031,False,0.7333333333333333,0.8909090909090909,False
8,4,0.35974448933230546,0.023123761704546636,15.557351520622811,1.1919356647693538,0.5453790251747056,0.2857142857142857,0.30952380952380953,False,0.2857142857142857,0.30952380952380953,False,0.8571428571428571,0.9523809523809523,False
4,4,0.5004655751233202,0.20262425824960317,2.4699193445256222,0.3926827715595133,0.03580221127733822,1.0,1.0,True,1.0,1.0,True,1.0,1.0,True
8,4,0.6767842214076635,0.40320074091609887,1.6785292107060277,0.2249289034857619,0.09789747766073294,1.0,1.0,True,0.9285714285714286,0.9761904761904762,False,0.8571428571428571,0.9285714285714286,False
6,4,0.4876212337042392,0.068952383515648,7.071854645699187,0.849533325644792,0.10599678098113409,0.8666666666666667,0.9428571428571428,False,0.8666666666666667,0.9428571428571428,False,0.7333333333333333,0.8285714285714285,False
4,3,0.4435651206216166,0.011073208072752146,40.05750796582973,1.6026839277245781,0.31544155824320896,1.0,1.0,True,1.0,1.0,True,1.0,1.0,True
5,4,0.36404648518777544,0.18607813710552196,1.9564172924805994,0.2914614928303491,0.12443018675948139,0.8,0.9,False,0.8,0.9,False,1.0,1.0,True
8,3,0.5541559261260967,0.07026761170074296,7.886363471100456,0.8968767892038013,0.12269133234160905,0.6428571428571429,0.8095238095238095,False,0.6428571428571429,0.8095238095238095,False,0.7142857142857143,0.8571428571428572,False
6,4,0.10958961823602736,0.04048792481998523,2.7067235162229446,0.4324438961431795,0.15523947432314555,0.6,0.7714285714285715,False,0.6,0.7714285714285715,False,0.8666666666666667,0.9428571428571428,False
10,4,0.6479977768804784,0.135953170241632,4.766330757304254,0.678184176719595,0.0834318170439914,0.9111111111111111,0.9636363636363636,False,0.8666666666666667,0.9515151515151515,False,1.0,1.0,True
5,4,0.5270422251734761,0.04114648719368752,12.808923947255533,1.1075126470438206,0.3395045567431117,0.8,0.9,False,0.8,0.9,False,0.8,0.9,False
6,3,0.39525306263278487,0.07055465367281633,5.602083520388223,0.7483495793489098,0.15867289600802092,1.0,1.0,True,0.8666666666666667,0.9428571428571428,False,0.8666666666666667,0.9428571428571428,False
8,5,0.363533982690578,0.19282225669890765,1.8853320613104936,0.2753878530532577,0.10086522540704013,0.9285714285714286,0.9761904761904762,False,0.9285714285714286,0.9761904761904762,False,1.0,1.0,True
10,3,0.6680973930990874,0.10144111704520267,6.586061082063931,0.8186257542350286,0.25305409111432137,0.6,0.7454545454545455,False,0.5111111111111111,0.6727272727272727,False,0.9111111111111111,0.9757575757575757,False
4,3,0.628122437237102,0.22704749712114267,2.76648034089183,0.44192758838623375,0.21074877741502798,0.6666666666666666,0.8,False,0.6666666666666666,0.8,False,1.0,1.0,True
4,4,0.39552055377828504,0.2382779472669359,1.6599125446281222,0.2200852070846579,0.12261975503442833,0.6666666666666666,0.8,False,0.6666666666666666,0.8,False,0.6666666666666666,0.8,False
5,3,0.3824944285510798,0.03771581951079951,10.141485283951347,1.0061015647986953,0.18718645536762168,1.0,1.0,True,1.0,1.0,True,1.0,1.0,True
4,5,0.7422355326240322,0.1265527613562317,5.8650283459944275,0.7682701154249862,0.09787667474150169,0.3333333333333333,0.4,False,0.3333333333333333,0.4,False,1.0,1.0,True
10,5,0.6095766329129133,0.05525528741298543,11.032005468468995,1.0426544684438377,0.27406333899842833,0.8222222222222222,0.9393939393939394,False,0.7777777777777778,0.9151515151515152,False,0.9111111111111111,0.9757575757575757,False
6,3,0.7380420488560796,0.21454694165693927,3.4400026546767064,0.5365587777200767,0.21033839040385266,0.7333333333333333,0.8857142857142857,False,0.6,0.7142857142857143,False,0.8666666666666667,0.9428571428571428,False
10,3,0.3164263646316303,0.14267149098061938,2.217866810352435,0.3459354618916853,0.09678126070921782,0.9111111111111111,0.9757575757575757,False,0.7333333333333333,0.9151515151515152,False,0.8222222222222222,0.9272727272727272,False
8,3,0.2934921015420687,0.17570256355796393,1.670391686935039,0.2228183199672687,0.11594646230878186,0.8571428571428571,0.9285714285714286,False,0.9285714285714286,0.9761904761904762,False,0.8571428571428571,0.9523809523809523,False
5,5,0.31800597628547783,0.0023794574353168236,133.64642352154078,2.1259573412022283,0.2738228005938713,0.8,0.9,False,0.8,0.9,False,0.8,0.9,False
5,5,0.41080650003409397,0.09477837599472498,4.334390579266979,0.6369280437575655,0.20293484162539058,0.8,0.9,False,0.8,0.9,False,1.0,1.0,True
6,3,0.6473155899895895,0.10934381720213707,5.9200017572737345,0.772321835637476,0.022168204420414447,1.0,1.0,True,0.8666666666666667,0.9428571428571428,False,0.8666666666666667,0.9428571428571428,False
4,4,0.9546796038344748,0.156752798158749,6.090351273101659,0.7846423421517789,0.18155174613050856,1.0,1.0,True,1.0,1.0,True,0.6666666666666666,0.8,False
6,3,0.3292536610334499,0.09091128817938024,3.6217027348701323,0.5589128010571031,0.13504553423115495,1.0,1.0,True,0.8666666666666667,0.9428571428571428,False,0.7333333333333333,0.8857142857142857,False
10,3,0.661524658647454,0.1364730336755796,4.847292104718409,0.6854991917146925,0.1550097689167645,0.6888888888888889,0.8303030303030303,False,0.6888888888888889,0.8303030303030303,False,0.9555555555555556,0.9878787878787879,False
10,5,0.5439278908052377,0.03743455356404393,14.530102245246301,1.1622686703468885,0.3641381240520034,0.4666666666666667,0.6,False,0.4666666666666667,0.5878787878787879,False,1.0,1.0,True
10,5,0.32056313877481724,0.15037921610826568,2.131698429268947,0.32872576519124114,0.11973611306080861,0.8666666666666667,0.9636363636363636,False,0.7333333333333333,0.9030303030303031,False,0.9111111111111111,0.9636363636363636,False
4,4,0.21446634865091077,0.05446586545862467,3.9376285833536206,0.5952347489256961,0.17534960333364638,1.0,1.0,True,0.6666666666666666,0.8,False,1.0,1.0,True
10,4,0.5809400374067722,0.04966935578801344,11.696146007500115,1.0680427811130866,0.32842781638680657,0.8222222222222222,0.9151515151515152,False,0.7777777777777778,0.8909090909090909,False,0.9555555555555556,0.9878787878787879,False
5,5,0.5392824144759246,0.18176324359127258,2.966949773880749,0.4723101944088312,0.06763015969793615,1.0,1.0,True,1.0,1.0,True,0.8,0.9,False
8,5,0.2502433697129676,0.04902818287799953,5.104071883115936,0.7079167821356686,0.13036009099673312,0.9285714285714286,0.9761904761904762,False,0.8571428571428571,0.9285714285714286,False,0.7857142857142857,0.9047619047619048,False
5,5,0.257971131925368,0.05252568205562418,4.911333310194198,0.6911994087530785,0.24888746050305333,0.6,0.7,False,0.6,0.7,False,0.6,0.8,False
4,4,0.7237347160336652,0.37698964025925163,1.9197734864386222,0.28324998943631463,0.08351383310524912,1.0,1.0,True,1.0,1.0,True,1.0,1.0,True
5,5,0.5729550326190477,0.16373182653213972,3.499350399679809,0.5439874317736215,0.1900657061477472,1.0,1.0,True,1.0,1.0,True,0.8,0.9,False
10,3,0.24667261674948635,0.09312252784220452,2.6489037879730075,0.42306618437830296,0.0986365523307766,0.8222222222222222,0.9393939393939394,False,0.8222222222222222,0.9393939393939394,False,1.0,1.0,True
6,3,0.49505026999277696,0.16537859944251984,2.993436101518363,0.47616999204436894,0.12801128681832355,1.0,1.0,True,0.8666666666666667,0.9428571428571428,False,1.0,1.0,True
10,4,0.16950044017264318,0.05472818029520204,3.0971327614999464,0.49095982219600054,0.19906789627691557,0.8666666666666667,0.9515151515151515,False,1.0,1.0,True,1.0,1.0,True
5,5,0.976687884269069,0.27662714150907775,3.5307015751868573,0.5478610113250019,0.20857307274594894,0.8,0.9,False,0.4,0.6,False,0.8,0.9,False
8,5,0.8506591622257608,0.039309460345998096,21.64006207962919,1.3352585023126151,0.3763845125128304,0.7857142857142857,0.9047619047619048,False,0.7857142857142857,0.9047619047619048,False,0.9285714285714286,0.9761904761904762,False
4,5,0.7830940431676344,0.18728041428725192,4.181398498843228,0.6213215589882453,0.058335766511154956,1.0,1.0,True,1.0,1.0,True,1.0,1.0,True
5,5,0.09399750268702083,0.004414107524627984,21.294792240850096,1.3282734073075129,0.126560205590647,0.6,0.7,False,0.6,0.7,False,1.0,1.0,True
5,5,0.75648369369357,0.12667049101400404,5.9720593773017345,0.7761241170547122,0.1949420439175641,0.8,0.9,False,0.8,0.9,False,1.0,1.0,True
8,4,0.8422508362494917,0.06229340477534896,13.520706393773333,1.130999382057073,0.22369677706290536,0.7857142857142857,0.8571428571428572,False,0.7857142857142857,0.8571428571428572,False,0.9285714285714286,0.9761904761904762,False
8,3,0.23816621123851292,0.0005543591404345206,429.62439587846944,2.6330889344572825,0.36003838338647565,0.2857142857142857,0.45238095238095233,False,0.2857142857142857,0.4285714285714286,False,0.9285714285714286,0.9761904761904762,False
8,4,0.2651891151236516,0.07053534210050678,3.7596629891157303,0.5751489171279207,0.16316407864969817,0.9285714285714286,0.9761904761904762,False,0.7857142857142857,0.9047619047619048,False,0.9285714285714286,0.9761904761904762,False
10,3,0.13884892494971432,0.0630103711478786,2.2035884318415957,0.3431304837954261,0.0941854686914182,0.9555555555555556,0.9878787878787879,False,0.9555555555555556,0.9878787878787879,False,0.9555555555555556,0.9878787878787879,False
10,4,0.1518075863685194,0.06906403493334715,2.1980700448913675,0.342041527771325,0.11643578938188796,0.9111111111111111,0.9757575757575757,False,0.8666666666666667,0.9515151515151515,False,0.9111111111111111,0.9636363636363636,False
4,3,0.49629256327451304,0.2766429472109119,1.7939823453888626,0.2538181648296318,0.050246019393755954,1.0,1.0,True,1.0,1.0,True,1.0,1.0,True
4,3,0.7502759084330515,0.4966226071461273,1.5107566543195605,0.1791945158299108,0.09779607896790031,1.0,1.0,True,0.6666666666666666,0.8,False,0.6666666666666666,0.8,False
4,3,0.4021456877088852,0.22423787140666773,1.7933888026335143,0.2536744538306092,0.014186392177769819,1.0,1.0,True,1.0,1.0,True,1.0,1.0,True
4,4,0.4410191607149012,0.2748757547755086,1.604430922157823,0.2053210235371701,0.06123262397927909,1.0,1.0,True,1.0,1.0,True,1.0,1.0,True
4,4,0.6860966882119109,0.26748131158217375,2.5650266336404144,0.4090918789148968,0.1370020657637283,1.0,1.0,True,0.6666666666666666,0.8,False,1.0,1.0,True
8,3,0.544036565866418,0.06298558112377765,8.637477914011045,0.9363869498947998,0.18800480971676028,0.8571428571428571,0.9523809523809523,False,0.8571428571428571,0.9523809523809523,False,0.9285714285714286,0.9761904761904762,False
6,3,0.30357585614187005,0.015445940030160378,19.65408745142356,1.293452884126008,0.45410607033302275,0.3333333333333333,0.48571428571428577,False,0.3333333333333333,0.48571428571428577,False,1.0,1.0,True
5,3,0.19400485620190988,0.04895082832371823,3.963259925142985,0.5980525558955194,0.09369434262944909,1.0,1.0,True,1.0,1.0,True,1.0,1.0,True
6,5,0.5147545183989521,0.14767263726080648,3.4857813061627114,0.5423001365014305,0.14247692274596435,1.0,1.0,True,0.8666666666666667,0.9428571428571428,False,1.0,1.0,True
5,4,0.3644708678009804,0.17473641454830793,2.085832359219734,0.31927940073889977,0.15406187487980771,-0.2,-0.19999999999999996,False,0.0,-0.10000000000000009,False,0.8,0.9,False
8,3,0.9210955620083634,0.6421490486857901,1.434395276131025,0.15666884630202993,0.012545510072480427,1.0,1.0,True,1.0,1.0,True,1.0,1.0,True
10,5,0.03728524413872502,0.014213955726540748,2.6231433988837947,0.4188220327335713,0.08590391752674688,0.8222222222222222,0.9515151515151515,False,0.7777777777777778,0.9151515151515152,False,0.8222222222222222,0.9272727272727272,False
5,3,0.3559626686032738,0.0702537643902994,5.066812742170412,0.7047348540548592,0.31059502382147974,1.0,1.0,True,1.0,1.0,True,1.0,1.0,True
10,5,0.27919178033559205,0.03259206512786709,8.56625007441794,0.9327907485983156,0.11882030040515063,0.8222222222222222,0.9272727272727272,False,0.8222222222222222,0.9393939393939394,False,0.8666666666666667,0.9515151515151515,False
6,3,0.21401225434511192,0.038413337292637864,5.571300736230416,0.7459566021069447,0.08630122854106577,0.8666666666666667,0.9428571428571428,False,0.8666666666666667,0.9428571428571428,False,1.0,1.0,True
5,3,0.6759779920015654,0.09957633886888229,6.788540326682172,0.8317764022310024,0.36942536825806327,0.6,0.7,False,0.6,0.7,False,1.0,1.0,True
4,3,0.6651125809315335,0.0600753554910324,11.071304954986829,1.044198813412471,0.23594087387717524,0.6666666666666666,0.8,False,0.6666666666666666,0.8,False,1.0,1.0,True
8,3,0.16057401279704864,0.07489301826939572,2.1440451527445186,0.3312339271873838,0.17362451614729862,0.9285714285714286,0.9761904761904762,False,0.7857142857142857,0.8571428571428572,False,0.9285714285714286,0.9761904761904762,False
10,3,0.5291256720112781,0.28877578584258395,1.832306231859344,0.262998058683589,0.13929694717185892,0.9111111111111111,0.9636363636363636,False,0.9111111111111111,0.9636363636363636,False,0.9555555555555556,0.9878787878787879,False
8,5,0.2621964174504904,0.0575596422335863,4.55521277185671,0.658508667474797,0.154660674622919,0.7857142857142857,0.9047619047619048,False,0.8571428571428571,0.9523809523809523,False,1.0,1.0,True
10,4,0.6988597393760652,0.051025446124597196,13.696298463630255,1.136603211387936,0.2656151272320784,0.6888888888888889,0.8303030303030303,False,0.6888888888888889,0.8303030303030303,False,0.8222222222222222,0.9393939393939394,False
4,3,0.22662315820572276,0.08377144157874583,2.705255561228344,0.43220829849568365,0.10205116928442778,0.3333333333333333,0.4,False,0.6666666666666666,0.8,False,1.0,1.0,True
10,5,0.7596317150635874,0.3324904460016134,2.284672309223636,0.35882391797193713,0.09338887707900344,0.8666666666666667,0.9636363636363636,False,0.8222222222222222,0.9393939393939394,False,0.9555555555555556,0.9878787878787879,False
4,5,0.08865599083272603,0.00013155759332628548,673.8948920945143,2.8285921645723646,0.43295331445317164,0.6666666666666666,0.8,False,0.6666666666666666,0.8,False,1.0,1.0,True
6,3,0.3386871206424328,0.060232187673137615,5.623025390921632,0.7499700445821859,0.20745924700863586,0.8666666666666667,0.9428571428571428,False,1.0,1.0,True,1.0,1.0,True
5,4,0.4883011342746601,0.1523205755555882,3.2057463838380302,0.5059291610448059,0.19004924507139875,1.0,1.0,True,0.8,0.9,False,1.0,1.0,True
8,4,0.11780673251812403,0.010488901151372229,11.23156094301453,1.050440117955873,0.3455026344676755,0.2857142857142857,0.38095238095238093,False,0.21428571428571427,0.33333333333333337,False,0.9285714285714286,0.9761904761904762,False
8,4,0.28841236652861224,0.04183446093989011,6.8941336888773055,0.8384797008559088,0.20271754325424296,0.6428571428571429,0.7857142857142857,False,0.7142857142857143,0.8571428571428572,False,0.7857142857142857,0.8809523809523809,False
10,4,0.5162818897413122,0.2308122784210991,2.236804269126268,0.34962798295337866,0.1551804194770145,0.9555555555555556,0.9878787878787879,False,0.9111111111111111,0.9757575757575757,False,1.0,1.0,True
4,4,0.6901791044433733,0.015492707146646982,44.548644589089584,1.6488344949849265,0.1651260297156979,1.0,1.0,True,1.0,1.0,True,1.0,1.0,True
4,4,0.6544241082944146,0.002444986944586421,267.65955109729776,2.4275827452529595,0.5522742802854957,0.0,0.19999999999999996,False,0.0,0.19999999999999996,False,1.0,1.0,True
6,5,0.40143224802042626,0.057571185206309924,6.972798051228163,0.84340708718867,0.18570230816057318,0.8666666666666667,0.9428571428571428,False,0.8666666666666667,0.9428571428571428,False,1.0,1.0,True
10,3,0.6651978372434625,0.058396764917231524,11.391004932805568,1.0565620399280906,0.47892888622641033,0.4666666666666667,0.6,False,0.37777777777777777,0.4666666666666667,False,0.9555555555555556,0.9878787878787879,False
8,3,0.8812571863129967,0.5859682189340779,1.503933417949814,0.17722860962193418,0.09009603601680276,0.7857142857142857,0.9047619047619048,False,0.8571428571428571,0.9285714285714286,False,1.0,1.0,True
6,5,0.7030115102199281,0.08759098051756678,8.02607193181163,0.9045030476790155,0.1986121458139773,0.7333333333333333,0.8285714285714285,False,0.7333333333333333,0.8285714285714285,False,0.8666666666666667,0.9428571428571428,False
6,4,0.8116394299062553,0.19640531379941292,4.132471847126515,0.6162099035794194,0.30232142702957454,0.7333333333333333,0.8285714285714285,False,0.7333333333333333,0.8285714285714285,False,0.8666666666666667,0.9428571428571428,False
4,5,0.555698798501035,0.10849680152551576,5.121798898055318,0.7094225223597715,0.19096279316688194,1.0,1.0,True,1.0,1.0,True,1.0,1.0,True
5,4,0.6569157480197805,0.052182928315091304,12.588709932884539,1.0999812267134064,0.2546381019712807,0.6,0.7,False,0.0,0.09999999999999998,False,0.8,0.9,False
4,4,0.46497395535105146,0.039037122636373475,11.91107140939464,1.0759508283391979,0.40332596994436243,0.6666666666666666,0.8,False,0.6666666666666666,0.8,False,0.6666666666666666,0.8,False
10,3,0.4932137942639962,0.19622020503568413,2.513572922685449,0.4002914893096658,0.056706402263526086,0.9111111111111111,0.9757575757575757,False,0.8666666666666667,0.9515151515151515,False,0.9111111111111111,0.9757575757575757,False
5,3,0.30329299154725686,0.23079057230592193,1.3141480976264317,0.11864431070143001,0.03809770403464785,0.8,0.9,False,1.0,1.0,True,1.0,1.0,True
4,3,0.859276176398517,0.2293838445779467,3.746018722355058,0.5735699436198834,0.1834468086788271,1.0,1.0,True,1.0,1.0,True,1.0,1.0,True
6,5,0.15752230636291492,0.015499977288576052,10.162744333106271,1.0070110000529693,0.41092232895624736,0.06666666666666667,0.08571428571428574,False,0.06666666666666667,0.08571428571428574,False,1.0,1.0,True
6,3,0.4675734733817795,0.07164063953264416,6.526651303303844,0.814690410444359,0.17442340693638725,0.6,0.7714285714285715,False,0.4666666666666667,0.6,False,1.0,1.0,True
4,3,0.23342167810496878,0.05452925879554122,4.28066845683541,0.6315115924821132,0.19556841691074922,1.0,1.0,True,0.6666666666666666,0.8,False,0.6666666666666666,0.8,False
10,3,0.3675198491493498,0.01767605943876979,20.791955944799447,1.317895346285628,0.4805535207757197,0.3333333333333333,0.503030303030303,False,0.37777777777777777,0.5151515151515151,False,0.9555555555555556,0.9878787878787879,False
4,5,0.13672393363701546,0.004312838516962107,31.701612074643577,1.501081347306738,0.4362397381774697,-0.6666666666666666,-0.8,False,-0.6666666666666666,-0.8,False,1.0,1.0,True
10,4,0.07164617118308121,0.0223355121388969,3.207724574853287,0.5061970713463743,0.13605484654510341,0.7777777777777778,0.9030303030303031,False,0.7333333333333333,0.8787878787878788,False,0.8666666666666667,0.9636363636363636,False
6,3,0.8700175800989921,0.11975883279300947,7.2647466562692795,0.8612204737334593,0.416659019804523,0.8666666666666667,0.9428571428571428,False,0.8666666666666667,0.9428571428571428,False,1.0,1.0,True
5,5,0.16123410199620558,0.032840706085093124,4.909580858996285,0.6910444170934377,0.0940758810721947,0.8,0.9,False,0.8,0.9,False,0.8,0.9,False
10,5,0.6877093067374339,0.10048450579217366,6.843933811576281,0.8353058007804908,0.14782987007205983,0.8666666666666667,0.9515151515151515,False,0.9111111111111111,0.9636363636363636,False,0.9555555555555556,0.9878787878787879,False
4,5,0.22093354427250592,0.027307779125566548,8.090498434476105,0.9079752781851317,0.25324498871434376,1.0,1.0,True,1.0,1.0,True,1.0,1.0,True
8,5,0.4973069996350857,0.06886215680622693,7.2217749587374875,0.8586439510388464,0.23763412414389212,0.7142857142857143,0.8333333333333334,False,0.5714285714285714,0.7142857142857143,False,0.9285714285714286,0.9761904761904762,False
6,3,0.29502149419121343,0.018564290730703644,15.891880732474359,1.20117529704387,0.40144708704664267,0.6,0.7714285714285715,False,0.4666666666666667,0.7142857142857143,False,0.8666666666666667,0.9428571428571428,False
4,5,0.5213078694795141,0.29213733185057367,1.7844616645721105,0.251507222482979,0.08982593745607423,1.0,1.0,True,1.0,1.0,True,1.0,1.0,True
8,5,0.681868489260078,0.15707685809072397,4.340986301507925,0.6375884153736215,0.20830657047763076,0.9285714285714286,0.9761904761904762,False,0.9285714285714286,0.9761904761904762,False,0.9285714285714286,0.9761904761904762,False
8,5,0.16642975477613556,0.010150183228121291,16.396724179189373,1.2147570911570573,0.17105084982096222,0.6428571428571429,0.7857142857142857,False,0.42857142857142855,0.5476190476190477,False,0.7857142857142857,0.9047619047619048,False
6,4,0.7757392276466216,0.17802354702151113,4.357509108323345,0.6392383035710002,0.27017171325182865,0.8666666666666667,0.9428571428571428,False,0.8666666666666667,0.9428571428571428,False,1.0,1.0,True
4,3,0.4986572426570016,0.039649442277212704,12.576652129379708,1.0995650484828843,0.3996185879539477,1.0,1.0,True,1.0,1.0,True,1.0,1.0,True
8,3,0.052335799712748474,0.02807381563469198,1.8642211088047016,0.2704974212362467,0.11717414101354512,0.8571428571428571,0.9523809523809523,False,0.8571428571428571,0.9523809523809523,False,0.9285714285714286,0.9761904761904762,False
5,3,0.45902148863413395,0.06961249331949863,6.593952705023523,0.819145827850967,0.22567186350156937,1.0,1.0,True,1.0,1.0,True,1.0,1.0,True
4,5,0.722173571390961,0.06493320974443602,11.121790748095902,1.0461747197462603,0.3099697940059189,0.6666666666666666,0.8,False,0.6666666666666666,0.8,False,1.0,1.0,True
5,5,0.6349831895248562,0.20187278702473807,3.1454620450843533,0.4976844491109547,0.13692375374766722,1.0,1.0,True,0.8,0.9,False,1.0,1.0,True
10,5,0.126003795332413,0.0012225046573226903,103.07019648112721,2.0131331039356706,0.6015432589928749,-0.06666666666666667,-0.09090909090909083,False,0.022222222222222223,0.030303030303030276,False,0.9111111111111111,0.9757575757575757,False
8,5,0.14574850310035117,0.012730827404256738,11.448470587243179,1.0587474727121098,0.38343087036879064,0.2857142857142857,0.4285714285714286,False,0.21428571428571427,0.23809523809523814,False,0.7857142857142857,0.9047619047619048,False
10,5,0.5212387422340876,0.0072674320937374925,71.7225473095962,1.8556557056371563,0.2277608589194316,0.7333333333333333,0.8303030303030303,False,0.6444444444444445,0.7818181818181819,False,0.8222222222222222,0.9151515151515152,False
6,5,0.33049376159493954,0.05950186720245203,5.554342697597997,0.7446326717923972,0.2975079998817644,0.4666666666666667,0.4285714285714286,False,0.6,0.6571428571428571,False,0.7333333333333333,0.8857142857142857,False
5,4,0.46170023834406965,0.05924469627944673,7.793106680107168,0.8917106213520737,0.10606479978682082,1.0,1.0,True,0.8,0.9,False,0.8,0.9,False
6,4,0.08441720200479069,0.03682598482120915,2.2923270731888223,0.3602765836037781,0.12431029062714187,0.8666666666666667,0.9428571428571428,False,0.8666666666666667,0.9428571428571428,False,1.0,1.0,True
10,5,0.39909145835039034,0.08578733002065027,4.6521025686388775,0.6676492814009546,0.06640255583188741,0.9111111111111111,0.9636363636363636,False,0.8666666666666667,0.9636363636363636,False,0.9111111111111111,0.9757575757575757,False
5,3,0.2748289206122355,0.0013207744940446683,208.08163819285508,2.318233758331014,0.639343819069235,0.4,0.6,False,0.2,0.30000000000000004,False,1.0,1.0,True
8,5,0.7175606211657998,0.013289084354161077,53.99624247904793,1.7323635389453098,0.14818021477212365,0.9285714285714286,0.9761904761904762,False,0.7857142857142857,0.9047619047619048,False,0.9285714285714286,0.9761904761904762,False
4,5,0.25282772859241975,0.07382614167771027,3.4246368947834274,0.5346145311710478,0.1001738000444665,1.0,1.0,True,1.0,1.0,True,1.0,1.0,True
10,4,0.5727303099634717,0.09429003879310237,6.074133782192215,0.7834843529803396,0.12320575800014387,0.8222222222222222,0.9272727272727272,False,0.8666666666666667,0.9636363636363636,False,0.9111111111111111,0.9757575757575757,False
8,5,0.817355107862106,0.037425781453749384,21.839359823397423,1.3392399037561074,0.34786060000873925,0.8571428571428571,0.9523809523809523,False,0.7142857142857143,0.8809523809523809,False,0.8571428571428571,0.9285714285714286,False
6,4,0.13072610491508124,0.03284894089163961,3.9796139955420227,0.5998409495269627,0.09247814254520823,1.0,1.0,True,1.0,1.0,True,1.0,1.0,True
6,4,0.3277175391083705,0.13767219837288672,2.3804191621779975,0.3766534376416015,0.17494007910487847,0.6,0.7714285714285715,False,0.4666666666666667,0.6571428571428571,False,0.8666666666666667,0.9428571428571428,False
5,5,0.13346225763907726,0.012514272453421115,10.66480357728882,1.0279528610901685,0.10641756194341989,1.0,1.0,True,1.0,1.0,True,1.0,1.0,True
5,3,0.0857640055821037,0.015095477514401035,5.681437072434687,0.7544582007972451,0.18329185504438358,0.8,0.9,False,1.0,1.0,True,0.8,0.9,False
8,4,0.31440770836024884,0.044400363075715245,7.081196786995032,0.8501066636309492,0.09239893865431027,0.9285714285714286,0.9761904761904762,False,0.8571428571428571,0.9285714285714286,False,0.9285714285714286,0.9761904761904762,False
6,3,0.2674622400793951,0.20761409728273064,1.288266276609697,0.11000563826458504,0.01816859865738963,1.0,1.0,True,1.0,1.0,True,1.0,1.0,True
6,3,0.37435827688875045,0.17262433602387425,2.168629785981088,0.3361854184832742,0.17267935065469908,0.7333333333333333,0.8285714285714285,False,0.8666666666666667,0.9428571428571428,False,0.7333333333333333,0.8857142857142857,False
10,5,0.721213208666388,0.1821992660675052,3.9583760364611935,0.5975170487897268,0.15213321259790435,0.8222222222222222,0.9393939393939394,False,0.8222222222222222,0.9393939393939394,False,0.9111111111111111,0.9636363636363636,False
10,3,0.2829454146789791,0.014450290701118765,19.58060363709447,1.29182607624231,0.6180075459739443,0.2,0.18787878787878787,False,0.28888888888888886,0.3939393939393939,False,0.9555555555555556,0.9878787878787879,False
5,5,0.35144924059455124,0.049274462074520034,7.132482543511199,0.853240717410637,0.07642264808858834,1.0,1.0,True,0.8,0.9,False,1.0,1.0,True
6,5,0.3250373306128401,0.08461711298618416,3.841271808246037,0.5844750389133844,0.11741302204157934,0.8666666666666667,0.9428571428571428,False,0.8666666666666667,0.9428571428571428,False,0.8666666666666667,0.9428571428571428,False
5,5,0.5604903148455477,0.0265934396776172,21.076262477479258,1.3237935985082212,0.12572863942691348,1.0,1.0,True,0.8,0.9,False,1.0,1.0,True
10,3,0.08184629347790259,0.044233699263384774,1.850315366768386,0.26724575563261016,0.09447992089130838,0.9555555555555556,0.9878787878787879,False,0.9111111111111111,0.9757575757575757,False,0.9555555555555556,0.9878787878787879,False
5,4,0.1934432393278727,0.0011118946443283188,173.97623069832576,2.2404899173532935,0.5797374226233696,0.0,-0.10000000000000009,False,0.0,-0.10000000000000009,False,0.8,0.9,False
6,4,0.13990688898325448,0.0016023577613114384,87.31314084404943,1.9410796110203252,0.5589717250652724,-0.3333333333333333,-0.48571428571428577,False,-0.3333333333333333,-0.48571428571428577,False,1.0,1.0,True
10,3,0.24582024865755225,0.04126334536528158,5.95735140899227,0.7750532187802214,0.41674912695906774,0.4666666666666667,0.6242424242424243,False,0.4666666666666667,0.6242424242424243,False,1.0,1.0,True
5,3,0.45961923460040727,0.1422809191859018,3.2303645297416606,0.5092515329572779,0.23931096496888232,0.4,0.6,False,0.4,0.6,False,1.0,1.0,True
6,5,0.6747668612617187,0.027944091892185285,24.147031288079678,1.3828637448408596,0.1075721730097855,1.0,1.0,True,1.0,1.0,True,1.0,1.0,True
4,3,0.6875038957257813,0.1304201632290716,5.271454035163025,0.7219304240073663,0.35305343631176855,0.6666666666666666,0.8,False,0.6666666666666666,0.8,False,1.0,1.0,True
5,3,0.33360949801830975,0.092885253981041,3.5916303580632056,0.5552916337541742,0.11807062206668097,1.0,1.0,True,1.0,1.0,True,1.0,1.0,True
4,4,0.7592743846986321,0.00533781163666004,142.2445069701782,2.1530355043212253,0.20222798967033367,0.6666666666666666,0.8,False,0.6666666666666666,0.8,False,1.0,1.0,True
8,4,0.12554892014150154,0.01771493122892767,7.087180780549615,0.8504735109319382,0.31463631785069424,0.42857142857142855,0.5476190476190477,False,0.35714285714285715,0.47619047619047616,False,0.7857142857142857,0.9047619047619048,False
5,4,0.609236534070256,0.15792704960374526,3.8577085787079133,0.5863294168176175,0.16958515400023635,0.6,0.8,False,0.6,0.8,False,1.0,1.0,True
8,3,0.14999575721017347,0.035423165257528165,4.234397353129301,0.6267916095110553,0.08900496529476148,0.9285714285714286,0.9761904761904762,False,0.7857142857142857,0.9047619047619048,False,0.9285714285714286,0.9761904761904762,False
8,5,0.5306338456288281,0.07500689368883431,7.07446768590478,0.8496937671968203,0.24627935587168992,0.6428571428571429,0.7857142857142857,False,0.6428571428571429,0.7857142857142857,False,1.0,1.0,True
10,5,0.30990509119652593,0.08213104514731248,3.7733002257173083,0.5767213615712753,0.22613714953176536,0.8666666666666667,0.9515151515151515,False,0.6888888888888889,0.8545454545454545,False,0.8222222222222222,0.9151515151515152,False
10,4,0.6575681945941062,0.1907691485457744,3.446931537951893,0.5374326576507726,0.18853569020553293,0.8666666666666667,0.9272727272727272,False,0.8222222222222222,0.9030303030303031,False,1.0,1.0,True
5,3,0.13154427565123394,0.05535994799403958,2.3761632807715194,0.37587628037549375,0.14688484790024414,1.0,1.0,True,1.0,1.0,True,1.0,1.0,True
10,5,0.6673548127483201,0.0005136075104758076,1299.347844097398,3.113725430171924,0.10924462926963457,0.8222222222222222,0.9151515151515152,False,0.8666666666666667,0.9393939393939394,False,0.8222222222222222,0.9393939393939394,False
5,5,0.9145915118438719,0.1803656419518926,5.070763488773224,0.7050733545991263,0.1804098591057547,1.0,1.0,True,0.8,0.9,False,0.8,0.9,False
6,4,0.4213438106005342,0.06351871727084724,6.633380343580744,0.8217348995119587,0.17958462206214015,0.8666666666666667,0.9428571428571428,False,0.8666666666666667,0.9428571428571428,False,1.0,1.0,True
4,3,0.5469626942695746,0.01527764746796448,35.80149989588991,1.5539012216959183,0.4782172892177562,0.6666666666666666,0.8,False,0.6666666666666666,0.8,False,1.0,1.0,True
6,5,0.9019288868286359,0.2211226064669191,4.078863311334427,0.6105391517186982,0.12455950166980476,0.8666666666666667,0.9428571428571428,False,0.8666666666666667,0.9428571428571428,False,1.0,1.0,True
10,3,0.16375827439243276,0.030483159578022667,5.372089922893849,0.7301432736708664,0.3638786010553869,0.6888888888888889,0.8545454545454545,False,0.7333333333333333,0.8666666666666667,False,0.8222222222222222,0.9151515151515152,False
6,4,0.45458503586651544,0.08254417859914485,5.507172565961152,0.7409286852102633,0.1935384764380132,0.8666666666666667,0.9428571428571428,False,0.7333333333333333,0.8857142857142857,False,1.0,1.0,True
4,4,0.8460128797626687,0.6415855091747904,1.318628409873993,0.1201224283912967,0.06488909446697376,1.0,1.0,True,1.0,1.0,True,1.0,1.0,True
10,5,0.5233311969590523,0.04402042834856948,11.888371298962394,1.0751223605628948,0.376482732330247,0.15555555555555556,0.2848484848484848,False,0.1111111111111111,0.23636363636363633,False,0.5111111111111111,0.6363636363636364,False
8,5,0.5338651984137218,0.03491093615363271,15.29220517172747,1.1844701162075275,0.44812930412789465,0.5714285714285714,0.7380952380952381,False,0.5,0.6190476190476191,False,0.7857142857142857,0.9047619047619048,False
4,3,0.712295219744511,0.028522322537350767,24.973254502215504,1.3974751430823023,0.42043086401459884,0.6666666666666666,0.8,False,0.6666666666666666,0.8,False,1.0,1.0,True
5,3,0.6333002661390201,0.4965468336109896,1.2754089307795125,0.10564945371653486,0.058174798552469834,1.0,1.0,True,1.0,1.0,True,0.8,0.9,False
5,5,0.3734602973925568,0.05267734948893228,7.089580265687679,0.8506205238020039,0.18602040058346864,0.8,0.9,False,0.8,0.9,False,1.0,1.0,True
5,5,0.3669687078821154,0.003116786538494984,117.73944196434309,2.070921973107025,0.25016160627654993,1.0,1.0,True,1.0,1.0,True,1.0,1.0,True
8,4,0.7809813763081522,0.5196327360400403,1.5029487600382259,0.17694417445784205,0.020251778032815648,1.0,1.0,True,0.9285714285714286,0.9761904761904762,False,0.8571428571428571,0.9523809523809523,False
10,5,0.443444753709726,0.003390732042405437,130.7814206587549,2.116546050727516,0.2446608082741903,0.8666666666666667,0.9515151515151515,False,0.8222222222222222,0.9272727272727272,False,0.9111111111111111,0.9636363636363636,False
4,5,0.2344960252966018,0.0012278200919912938,190.98565550047937,2.281000749598867,0.24293393701704472,1.0,1.0,True,1.0,1.0,True,1.0,1.0,True
10,4,0.6789578368706929,0.026901165263484603,25.238974973588416,1.4020717129986455,0.46952793466342274,0.3333333333333333,0.4303030303030303,False,0.3333333333333333,0.4181818181818182,False,1.0,1.0,True
4,4,0.7696501653047955,0.13236262587230568,5.814709101053087,0.7645279926727984,0.1475618178793645,1.0,1.0,True,1.0,1.0,True,1.0,1.0,True
6,3,0.4252228247047481,0.016642176049774478,25.550914940895577,1.4074064561994126,0.2624288891372706,0.8666666666666667,0.9428571428571428,False,0.8666666666666667,0.9428571428571428,False,1.0,1.0,True
5,3,0.2212721603617411,0.02708670031487158,8.169033429003003,0.912170673266364,0.08867428750677828,1.0,1.0,True,1.0,1.0,True,1.0,1.0,True
5,5,0.5156012840796595,0.12087294316062627,4.2656468072446865,0.6299848933040364,0.20346819692888857,0.6,0.7,False,0.6,0.7,False,0.8,0.9,False
4,5,0.6510186027928407,0.0057221860024031625,113.7709613783368,2.056031427942586,0.17946368549864988,1.0,1.0,True,1.0,1.0,True,1.0,1.0,True
8,4,0.34021126602457474,0.17987359969962471,1.891390768799926,0.27678126506981665,0.1064978066588183,0.8571428571428571,0.9523809523809523,False,0.7142857142857143,0.8809523809523809,False,0.8571428571428571,0.9523809523809523,False
10,3,0.4064323206563807,0.15777535381814567,2.5760190728031254,0.4109490742089264,0.132983729531926,0.9111111111111111,0.9636363636363636,False,0.8222222222222222,0.9030303030303031,False,0.9555555555555556,0.9878787878787879,False
6,5,0.7592107404653156,0.047557051188004205,15.964209754049149,1.2031474253527554,0.5156310923007346,0.2,0.08571428571428574,False,0.06666666666666667,0.02857142857142858,False,0.4666666666666667,0.6,False
8,5,0.6161366459100985,0.1641056456832496,3.754512182326666,0.5745535178285507,0.10331316294687848,0.8571428571428571,0.9285714285714286,False,0.5714285714285714,0.6904761904761905,False,0.7857142857142857,0.8571428571428572,False
6,5,0.3885187887575898,0.142633229524814,2.723900945447463,0.43519131042585985,0.11087805295308285,0.8666666666666667,0.9428571428571428,False,0.6,0.7714285714285715,False,0.7333333333333333,0.8285714285714285,False
8,5,0.76784153335966,0.2221521108546249,3.456377391159136,0.53862115566733,0.1251354084686721,0.9285714285714286,0.9761904761904762,False,1.0,1.0,True,0.9285714285714286,0.9761904761904762,False
4,3,0.7128805838896144,0.18078338794437226,3.94328589585359,0.5958582654045638,0.12506925037182304,0.6666666666666666,0.8,False,0.6666666666666666,0.8,False,1.0,1.0,True
5,3,0.3957639200323676,0.1297125045653893,3.0510853317908775,0.48445435402315934,0.233096063429852,0.8,0.9,False,0.8,0.9,False,1.0,1.0,True
4,4,0.5836514069167368,0.07489726343187623,7.792693353073062,0.8916875868399161,0.07979694923849856,1.0,1.0,True,0.6666666666666666,0.8,False,0.6666666666666666,0.8,False
10,3,0.4392813931264587,0.3607149849940968,1.2178074418849825,0.08557862365158615,0.03887065654838523,0.9555555555555556,0.9878787878787879,False,0.9111111111111111,0.9757575757575757,False,0.9111111111111111,0.9757575757575757,False
8,3,0.46702606774708355,0.40319832203711053,1.1583035995445934,0.06382240595946333,0.015458471091089533,1.0,1.0,True,1.0,1.0,True,1.0,1.0,True
4,5,0.8898408085204795,0.07213484591837621,12.335796897868724,1.0911672103452568,0.38472703192913094,1.0,1.0,True,0.6666666666666666,0.8,False,1.0,1.0,True
5,5,0.6521242104007035,0.14341196625804403,4.547209186315569,0.6577449336141357,0.1392800751507371,0.4,0.6,False,0.4,0.6,False,0.8,0.9,False
8,4,0.19760501645885173,0.05112553281728923,3.8650945147345657,0.587160118364513,0.22934585455536333,0.9285714285714286,0.9761904761904762,False,0.7142857142857143,0.8809523809523809,False,1.0,1.0,True
4,4,0.9838035755063824,0.5858380909995198,1.6793096772287373,0.2251307906647119,0.06879856020435551,1.0,1.0,True,1.0,1.0,True,1.0,1.0,True
5,4,0.3270045268458139,0.014419449233771515,22.678017830061417,1.3556050924128231,0.34545347076670374,0.2,0.5,False,0.2,0.5,False,0.8,0.9,False
5,3,0.8515177209180185,0.05026196817911347,16.941591261739088,1.2289541996036848,0.39127215543641847,0.8,0.9,False,0.8,0.9,False,1.0,1.0,True
8,3,0.2005400214168007,0.014352921629572895,13.972069699707275,1.1452607434502038,0.30436837893126356,0.7857142857142857,0.9047619047619048,False,0.7857142857142857,0.9047619047619048,False,0.9285714285714286,0.9761904761904762,False
10,3,0.35965475139346165,0.05555054487472383,6.47436946294715,0.8111974789931665,0.18670499133685955,0.8222222222222222,0.9393939393939394,False,0.7777777777777778,0.9151515151515152,False,0.9111111111111111,0.9636363636363636,False
6,3,0.13844577265218136,0.012865561488241854,10.760958452372973,1.0318509546053691,0.4769850226948753,0.3333333333333333,0.48571428571428577,False,0.3333333333333333,0.48571428571428577,False,0.8666666666666667,0.9428571428571428,False
5,3,0.15696953569677008,0.04766533481856449,3.29315919611124,0.5176127256470762,0.17188590725936959,0.8,0.9,False,0.8,0.9,False,0.8,0.9,False
4,4,0.3796860799720845,0.08035856836858386,4.724898510210363,0.6743924843947037,0.1669292258799686,0.6666666666666666,0.8,False,0.3333333333333333,0.6,False,0.6666666666666666,0.8,False
8,3,0.5527828037908644,0.11065256370362986,4.995661964655729,0.6985930438230958,0.08596584694499919,0.9285714285714286,0.9761904761904762,False,0.9285714285714286,0.9761904761904762,False,1.0,1.0,True
10,3,0.3710105532779101,0.1913423767595848,1.938987899905379,0.28757509890814265,0.1558358366057438,0.9111111111111111,0.9636363636363636,False,0.8666666666666667,0.9272727272727272,False,1.0,1.0,True
10,5,0.6166909859668858,0.11187761332364256,5.512192901160605,0.7413244074561192,0.09127623174686457,0.9111111111111111,0.9757575757575757,False,0.7777777777777778,0.9272727272727272,False,0.9111111111111111,0.9757575757575757,False
4,4,0.11193092902054587,0.00635617022588686,17.609806695716465,1.2457545887075134,0.48088468092138603,0.0,0.19999999999999996,False,0.0,0.19999999999999996,False,0.6666666666666666,0.8,False
8,4,0.5021542313472632,0.0016220804909064896,309.57417579016885,2.4907647253325655,0.2449811803438703,0.8571428571428571,0.9285714285714286,False,0.8571428571428571,0.9285714285714286,False,1.0,1.0,True
10,4,0.356009097091581,0.07790569456445277,4.569744215456272,0.6598918917712135,0.2709163735117228,0.5555555555555556,0.7454545454545455,False,0.6888888888888889,0.8545454545454545,False,0.7777777777777778,0.9272727272727272,False
10,4,0.1732339396538011,0.006863221662872455,25.2409069877042,1.4021049564626655,0.42005362077128433,0.8666666666666667,0.9515151515151515,False,0.8222222222222222,0.9272727272727272,False,0.9555555555555556,0.9878787878787879,False
4,4,0.1802168656056311,0.0011064581090015821,162.8772603107165,2.211860455634902,0.22155336757888333,0.6666666666666666,0.8,False,0.6666666666666666,0.8,False,1.0,1.0,True
10,5,0.22289359453415508,0.009945995628792297,22.410385327990515,1.35044932393271,0.3331314338333567,0.5555555555555556,0.793939393939394,False,0.5111111111111111,0.7454545454545455,False,0.8666666666666667,0.9515151515151515,False
4,5,0.4090297060438433,0.00011211832036663739,3648.196842925234,3.5620782631788264,0.5822957478924214,0.3333333333333333,0.4,False,0.6666666666666666,0.8,False,1.0,1.0,True
6,3,0.9017389001806404,0.10657336100374148,8.461203547296606,0.9274321427994343,0.21396101798655826,0.8666666666666667,0.9428571428571428,False,0.7333333333333333,0.8285714285714285,False,1.0,1.0,True
4,4,0.5526058802882825,0.015577651090535138,35.47427510355315,1.5499135296617634,0.23481096983975416,0.0,0.19999999999999996,False,0.0,0.19999999999999996,False,1.0,1.0,True
10,5,0.06970800695125177,0.006491185317382223,10.738871798013136,1.0309586577476946,0.22808790051586114,0.6888888888888889,0.806060606060606,False,0.6444444444444445,0.7696969696969697,False,0.7333333333333333,0.8909090909090909,False
4,5,0.8001313650973796,0.04408512236282235,18.149691374203663,1.2588692444894918,0.252770045780416,0.3333333333333333,0.4,False,0.3333333333333333,0.4,False,0.6666666666666666,0.8,False
8,3,0.4736952498866265,0.12710481332830995,3.7268081159078648,0.5713370325854259,0.12114730238144082,0.9285714285714286,0.9761904761904762,False,0.9285714285714286,0.9761904761904762,False,0.9285714285714286,0.9761904761904762,False
10,4,0.812995375861255,0.06961302100266585,11.678783137689747,1.0673975941361633,0.2041037874337118,0.8666666666666667,0.9515151515151515,False,0.6444444444444445,0.8303030303030303,False,0.8222222222222222,0.9393939393939394,False
10,5,0.057945284271821086,0.011066815190467018,5.235949391880995,0.7189954402215293,0.23498707517387973,0.4666666666666667,0.6727272727272727,False,0.4222222222222222,0.6121212121212121,False,0.7777777777777778,0.9272727272727272,False
6,4,0.09646704177624481,0.07031675908034016,1.3718926047865039,0.1373201150338889,0.07035293381544484,1.0,1.0,True,1.0,1.0,True,0.8666666666666667,0.9428571428571428,False
4,3,0.03506825530562666,0.032455718602290774,1.0804954200604573,0.03362293036161427,0.01576955156204745,1.0,1.0,True,1.0,1.0,True,1.0,1.0,True
10,4,0.4341108902347519,0.17721559737645023,2.4496201048835573,0.3890987377745635,0.18003625758438557,0.9555555555555556,0.9878787878787879,False,0.9555555555555556,0.9878787878787879,False,0.7333333333333333,0.8666666666666667,False
5,4,0.45879638619906116,0.23458935663154332,1.9557425485322073,0.2913116842395457,0.09216615614830842,1.0,1.0,True,1.0,1.0,True,0.8,0.9,False
6,3,0.8438697999331025,0.2927683743529368,2.8823803178717733,0.4597512835757718,0.1403843385125304,0.8666666666666667,0.9428571428571428,False,0.8666666666666667,0.9428571428571428,False,1.0,1.0,True
4,5,0.6252630769717361,0.17479943088034047,3.577031537340559,0.5535227691768142,0.07257059354616112,1.0,1.0,True,1.0,1.0,True,1.0,1.0,True
8,5,0.34063239332915035,0.06706809116733768,5.078903952614059,0.7057699999433585,0.31668513654895586,0.8571428571428571,0.9285714285714286,False,0.6428571428571429,0.7857142857142857,False,0.9285714285714286,0.9761904761904762,False
10,3,0.1410731059971108,0.036073588255722315,3.9107034485492806,0.592254884338306,0.15474980729682214,0.8222222222222222,0.9272727272727272,False,0.8666666666666667,0.9515151515151515,False,0.9555555555555556,0.9878787878787879,False
6,3,0.40297413738219096,0.02729561971630943,14.76332618770499,1.1691842153613679,0.5856641721084371,0.8666666666666667,0.9428571428571428,False,0.8666666666666667,0.9428571428571428,False,1.0,1.0,True
8,5,0.7931092239381959,0.09086822771877388,8.72812471245774,0.9409209430735567,0.34915504476894976,0.8571428571428571,0.9523809523809523,False,0.7857142857142857,0.9047619047619048,False,0.7857142857142857,0.9047619047619048,False
10,4,0.48430788409497433,0.009067655527762014,53.41048549526183,1.727626525674715,0.4171515968821806,0.6444444444444445,0.793939393939394,False,0.6444444444444445,0.793939393939394,False,1.0,1.0,True
4,4,0.34365670804359355,0.0008070472886527681,425.8197907974535,2.6292258422464747,0.13312808815010663,1.0,1.0,True,1.0,1.0,True,1.0,1.0,True
10,4,0.643873726632398,0.21357061901725963,3.0148047966155342,0.47925919757162466,0.1353328279424518,0.7777777777777778,0.9151515151515152,False,0.8666666666666667,0.9272727272727272,False,1.0,1.0,True
4,5,0.5965260584255718,0.17180156770131452,3.472180530152027,0.5406022974982864,0.18836495729293645,1.0,1.0,True,1.0,1.0,True,0.6666666666666666,0.8,False
8,3,0.34533008279983574,0.08769410281643517,3.937894016873138,0.5952640235068849,0.20469631576126082,0.8571428571428571,0.9523809523809523,False,0.7857142857142857,0.9285714285714286,False,0.8571428571428571,0.9523809523809523,False
8,5,0.7956766099402013,0.004844760783220511,164.2344473501637,2.215464253423247,0.413303921967343,0.6428571428571429,0.7619047619047619,False,0.6428571428571429,0.7857142857142857,False,0.7857142857142857,0.9047619047619048,False
8,4,0.6883278023885239,0.16484251760685528,4.175669071167612,0.620726072786182,0.2226553871015236,0.7142857142857143,0.8095238095238095,False,0.6428571428571429,0.7857142857142857,False,0.7857142857142857,0.8571428571428572,False
10,3,0.3669043810256969,0.32662446268923684,1.1233218051204592,0.05050418917993024,0.017035741930986892,1.0,1.0,True,0.9111111111111111,0.9636363636363636,False,0.9111111111111111,0.9636363636363636,False
5,5,0.4733236543782618,0.07914727384381656,5.980290051509591,0.7767222483220625,0.07986829975338655,1.0,1.0,True,1.0,1.0,True,1.0,1.0,True
8,5,0.683214430180748,0.09483277327136516,7.204412637164126,0.8575985793433928,0.2515695309010938,0.7142857142857143,0.8333333333333334,False,0.7857142857142857,0.8571428571428572,False,0.9285714285714286,0.9761904761904762,False
8,5,0.482772074006433,0.05016132869428722,9.62438768197523,0.9833731085910874,0.40949663737871983,0.42857142857142855,0.5238095238095238,False,0.35714285714285715,0.40476190476190477,False,0.8571428571428571,0.9285714285714286,False
10,5,0.2269924760705163,0.013244289869404733,17.138893688648906,1.2339827848904665,0.20375978828716873,0.9111111111111111,0.9636363636363636,False,0.8222222222222222,0.8787878787878788,False,0.9111111111111111,0.9636363636363636,False
4,3,0.37846067981730397,0.017234314860538637,21.95971716066907,1.3416267421372645,0.40500514616502487,0.6666666666666666,0.8,False,0.6666666666666666,0.8,False,1.0,1.0,True
6,4,0.4863798033128157,0.025763774163784288,18.878437615620516,1.2759660491256248,0.356920087293228,0.3333333333333333,0.48571428571428577,False,0.2,0.2571428571428571,False,0.6,0.6571428571428571,False
8,3,0.7884633989288661,0.3975555430199221,1.9832785953317014,0.2973837247533682,0.08461733453968906,0.9285714285714286,0.9761904761904762,False,0.9285714285714286,0.9761904761904762,False,0.9285714285714286,0.9761904761904762,False
8,5,0.6194695712626096,0.3271961355132724,1.8932667718980078,0.27721181280180957,0.08246563979611837,1.0,1.0,True,1.0,1.0,True,0.9285714285714286,0.9761904761904762,False
8,4,0.4879724102373577,0.048272767840995164,10.108647837111246,1.004693066950571,0.15652479518397094,0.7857142857142857,0.9047619047619048,False,0.7857142857142857,0.9047619047619048,False,0.9285714285714286,0.9761904761904762,False
10,5,0.09048559204880435,0.022225754272343707,4.071204555578461,0.609722923830428,0.13399462275147564,0.6888888888888889,0.8181818181818181,False,0.37777777777777777,0.5515151515151515,False,0.9111111111111111,0.9636363636363636,False
5,4,0.7270578076217591,0.26298068294343613,2.7646814187313353,0.4416450936666159,0.11357290939859774,1.0,1.0,True,1.0,1.0,True,1.0,1.0,True
4,3,0.5634398329432377,0.3702272705347926,1.5218755553253225,0.18237914136679684,0.0019343677289825696,1.0,1.0,True,0.6666666666666666,0.8,False,0.6666666666666666,0.8,False
10,3,0.2657702138087901,0.1957813424236099,1.3574848885875377,0.13273500375659408,0.06579942263374983,0.9555555555555556,0.9878787878787879,False,0.8666666666666667,0.9515151515151515,False,0.9111111111111111,0.9757575757575757,False
4,3,0.7896860917683591,0.24912961295908007,3.1697801091791384,0.5010291358195121,0.24814023312200648,1.0,1.0,True,1.0,1.0,True,1.0,1.0,True
8,3,0.5000714966755097,0.24094886438247692,2.0754258292731844,0.31710721735175507,0.08109253047158518,0.9285714285714286,0.9761904761904762,False,0.8571428571428571,0.9523809523809523,False,1.0,1.0,True
5,5,0.7563652815878926,0.25556268129517956,2.9596077085735275,0.47123414981148715,0.16510554683030854,1.0,1.0,True,1.0,1.0,True,1.0,1.0,True
6,3,0.3488808261720205,0.2454715995887361,1.421267579447542,0.15267584945293894,0.025118840282535495,1.0,1.0,True,0.8666666666666667,0.9428571428571428,False,1.0,1.0,True
5,5,0.5407595436764777,0.10984829181225107,4.922785186280389,0.6922108850417953,0.14530265424847283,0.6,0.7,False,0.6,0.7,False,1.0,1.0,True
10,3,0.2854001490720962,0.04273700864459895,6.678056282291687,0.8246500749438245,0.3514909080906105,0.5111111111111111,0.6727272727272727,False,0.4666666666666667,0.6121212121212121,False,0.9555555555555556,0.9878787878787879,False
10,3,0.6079893601711854,0.22772224699128168,2.669872479309377,0.426490518722315,0.08492813513542699,0.8222222222222222,0.9393939393939394,False,0.8666666666666667,0.9515151515151515,False,0.9555555555555556,0.9878787878787879,False
4,5,0.2195140275874188,0.024419757218098977,8.989197788409392,0.9537209362702264,0.35025507928170274,1.0,1.0,True,1.0,1.0,True,1.0,1.0,True
8,3,0.49249064918466434,0.17829544690467075,2.7622166338617844,0.4412577362271617,0.23312865296191243,0.7142857142857143,0.8333333333333334,False,0.6428571428571429,0.7619047619047619,False,0.7142857142857143,0.8809523809523809,False
10,5,0.25824274793127944,0.002581398502133094,100.03986119068603,2.000173080457896,0.4571320419691354,0.5111111111111111,0.7454545454545455,False,0.4222222222222222,0.6484848484848484,False,0.9555555555555556,0.9878787878787879,False
6,4,0.16147829709831643,0.04222693441531487,3.82405920132169,0.5825246070894998,0.2697241866836191,0.6,0.8285714285714285,False,0.6,0.8285714285714285,False,1.0,1.0,True
4,3,0.6613223976006378,0.0782279527750517,8.453786327425043,0.9270512666781237,0.15539754786301227,1.0,1.0,True,1.0,1.0,True,1.0,1.0,True
4,4,0.094222391592725,0.021520639815434867,4.3782337512460625,0.6412989445700336,0.2909007503919741,0.3333333333333333,0.4,False,0.3333333333333333,0.4,False,1.0,1.0,True
5,3,0.6397295655252442,0.12325973193204695,5.1900937596776275,0.7151752035021798,0.2645448653554607,0.8,0.9,False,0.8,0.9,False,1.0,1.0,True
10,3,0.24559234096257818,0.09315693536539668,2.636329114913838,0.4209996259025775,0.20008615088135412,0.8222222222222222,0.9393939393939394,False,0.7777777777777778,0.8787878787878788,False,1.0,1.0,True
4,4,0.09460185359663713,0.00023431916926845735,403.7307467769395,2.6060918250780936,0.3097953162627732,1.0,1.0,True,1.0,1.0,True,1.0,1.0,True
6,3,0.6316479879472485,0.031732457635291415,19.90542286976388,1.2989714081474102,0.45915555342820735,0.4666666666666667,0.7142857142857143,False,0.4666666666666667,0.7142857142857143,False,1.0,1.0,True
5,4,0.1929469588296054,0.0042991470114946756,44.880288640709594,1.652055641355599,0.3191890341626621,0.8,0.9,False,0.8,0.9,False,0.6,0.7,False
4,3,0.14337967560748063,0.015415835656544866,9.30080462665722,0.9685205216508472,0.33181464760997853,0.6666666666666666,0.8,False,0.6666666666666666,0.8,False,1.0,1.0,True
6,4,0.2821451371327863,0.18625474901382594,1.51483459415216,0.1803652145091507,0.04254042314184743,1.0,1.0,True,1.0,1.0,True,1.0,1.0,True
4,4,0.13686801141865387,0.037797029010209655,3.621131475123673,0.5588442933572325,0.22231848769958892,1.0,1.0,True,1.0,1.0,True,1.0,1.0,True
6,5,0.5671176481599267,0.10007388748892852,5.666989285461721,0.7533523915246353,0.20144281901199257,0.6,0.7714285714285715,False,0.8666666666666667,0.9428571428571428,False,0.8666666666666667,0.9428571428571428,False
10,5,0.545330797567713,0.06949014368719805,7.847599222338777,0.8947368154764819,0.2082568091151499,0.28888888888888886,0.36969696969696975,False,0.2,0.2727272727272727,False,0.9555555555555556,0.9878787878787879,False
10,3,0.5327439401841496,0.34394071962810285,1.5489411685788397,0.1900349228290668,0.03471009067086921,1.0,1.0,True,1.0,1.0,True,1.0,1.0,True
6,3,0.4937362284701646,0.34105295986728595,1.4476819924414221,0.16067317229223924,0.06692158352331583,0.8666666666666667,0.9428571428571428,False,0.8666666666666667,0.9428571428571428,False,1.0,1.0,True
6,4,0.4124438328593735,0.11784954265547834,3.4997491170722075,0.5440369126427335,0.1716458870826194,1.0,1.0,True,1.0,1.0,True,1.0,1.0,True
8,5,0.140164803816116,0.05529187961782568,2.5349979921534977,0.4039776196863166,0.12362875570422002,0.7857142857142857,0.9047619047619048,False,0.8571428571428571,0.9523809523809523,False,0.7142857142857143,0.8333333333333334,False
8,3,0.4197818202173766,0.22977004887274413,1.8269649254766083,0.26173020973995775,0.11113210832551287,1.0,1.0,True,1.0,1.0,True,1.0,1.0,True
10,4,0.8178854072814629,0.1734112183983388,4.716450382108504,0.6736152699440765,0.05372316972616256,1.0,1.0,True,0.8666666666666667,0.9636363636363636,False,0.8666666666666667,0.9636363636363636,False
5,4,0.11753140840763159,0.03659758719372432,3.2114523775101267,0.5067014862635827,0.213320546700263,1.0,1.0,True,1.0,1.0,True,1.0,1.0,True
10,5,0.41776587401447585,0.13506711543740146,3.0930243283754852,0.49038333598690814,0.21951949693529887,0.6888888888888889,0.7818181818181819,False,0.6444444444444445,0.7696969696969697,False,0.9111111111111111,0.9757575757575757,False
4,4,0.6105205892568419,0.03999230926367248,15.265949890924405,1.1837238325162491,0.17347644342150892,1.0,1.0,True,1.0,1.0,True,0.6666666666666666,0.8,False
6,5,0.5148063597199618,0.007936662027091965,64.86434194851626,1.8120060165103595,0.6073986837113339,-0.2,-0.2571428571428571,False,-0.2,-0.2571428571428571,False,1.0,1.0,True
5,4,0.3664689728748243,0.16746970072437897,2.188270303747478,0.34010096673604756,0.11233412215287245,0.8,0.9,False,0.8,0.9,False,1.0,1.0,True
5,4,0.1528939467572967,0.05086317952439485,3.0059848437308205,0.4779867865301093,0.19808042420097133,0.6,0.7,False,0.4,0.5,False,1.0,1.0,True
4,5,0.287504587108708,0.04455453963500244,6.452868539491968,0.8097528175703547,0.13030007771133723,1.0,1.0,True,1.0,1.0,True,1.0,1.0,True
8,5,0.6121521155631696,0.26903319755303445,2.275377615583002,0.3570534813250111,0.11965291611465631,0.6428571428571429,0.8095238095238095,False,0.5,0.6428571428571428,False,0.7857142857142857,0.8571428571428572,False
4,5,0.33125311901519666,0.009125638852615891,36.29917031879284,1.5598966985874094,0.32788306936587003,0.6666666666666666,0.8,False,0.6666666666666666,0.8,False,1.0,1.0,True
5,3,0.375137293509855,0.008249906468055214,45.47170260862557,1.6577412159092506,0.059925273182854746,1.0,1.0,True,1.0,1.0,True,1.0,1.0,True
5,3,0.4113659364037605,0.07886869239552018,5.215833100612058,0.7173236861282178,0.15719327976521702,0.8,0.9,False,0.8,0.9,False,0.8,0.9,False
5,3,0.6613371869890403,0.6039642114678124,1.0949939987018429,0.039411738958953495,0.022328460146314632,1.0,1.0,True,1.0,1.0,True,1.0,1.0,True
4,3,0.6388080747445329,0.043144681612728095,14.806183539926096,1.1704431286665438,0.10985923031445233,1.0,1.0,True,1.0,1.0,True,1.0,1.0,True
4,3,0.565936460788469,0.04993207711260578,11.334126147022621,1.0543880419609348,0.19787755603539015,0.3333333333333333,0.6,False,0.3333333333333333,0.6,False,0.6666666666666666,0.8,False
8,5,0.4047604629908776,0.08396488440489407,4.820592154146581,0.6831003895837686,0.20057814035749338,0.8571428571428571,0.9523809523809523,False,0.7857142857142857,0.9285714285714286,False,0.6428571428571429,0.8571428571428572,False
10,5,0.3156778000158197,0.052734562072890186,5.986165194156744,0.7771486974558597,0.1954456818915084,0.6,0.7575757575757576,False,0.6,0.7696969696969697,False,0.9111111111111111,0.9757575757575757,False
8,3,0.20975056602899814,0.07272151853210174,2.884298489085082,0.4600402024602445,0.19592434019551314,0.7142857142857143,0.8333333333333334,False,0.7857142857142857,0.8571428571428572,False,0.8571428571428571,0.9523809523809523,False
6,3,0.7362347611369079,0.4313494791086915,1.7068173181905817,0.2321870407706171,0.01887976105640088,1.0,1.0,True,1.0,1.0,True,1.0,1.0,True
8,3,0.059805059924156856,0.02664749591501631,2.244303183782886,0.35108152555638916,0.05864999152589751,0.6428571428571429,0.8095238095238095,False,0.7142857142857143,0.8571428571428572,False,0.7142857142857143,0.8571428571428572,False
6,4,0.5060888733348878,0.2912762665213307,1.7374875041392654,0.23992168986481138,0.036401170778868654,0.7333333333333333,0.8285714285714285,False,1.0,1.0,True,1.0,1.0,True
4,3,0.1722025858679633,0.11803077140534814,1.4589634873698842,0.164044423194204,0.03928540332680209,1.0,1.0,True,0.3333333333333333,0.4,False,0.6666666666666666,0.8,False
6,3,0.8476464603695899,0.27358750433182466,3.098264529429718,0.49111849501360405,0.2339380209566993,0.4666666666666667,0.6,False,0.4666666666666667,0.6,False,1.0,1.0,True
10,5,0.9019171244547548,0.35241719020100964,2.559231358543451,0.4081095485667291,0.07225832118064493,0.8666666666666667,0.9636363636363636,False,0.7777777777777778,0.9151515151515152,False,0.7777777777777778,0.9030303030303031,False
5,3,0.32468770579846923,0.18691554321903345,1.7370824288071804,0.2398204272707801,0.11396579553068842,1.0,1.0,True,1.0,1.0,True,1.0,1.0,True
6,4,0.23338001691085183,0.07558641390089553,3.0875921328105127,0.4896199256763756,0.16022600453706712,1.0,1.0,True,1.0,1.0,True,1.0,1.0,True
10,3,0.5426120585388554,0.10274781535759105,5.281008230151981,0.722716844312355,0.17299218453583548,0.9111111111111111,0.9757575757575757,False,0.9555555555555556,0.9878787878787879,False,0.8666666666666667,0.9515151515151515,False
10,3,0.5104424922060983,0.34309070802698877,1.487777081285621,0.17253786426088868,0.09110077562142842,0.9111111111111111,0.9757575757575757,False,0.9555555555555556,0.9878787878787879,False,0.9555555555555556,0.9878787878787879,False
8,4,0.5210175489888595,0.015234734380572266,34.19931952466959,1.5340174648391425,0.3013177714072609,0.8571428571428571,0.9523809523809523,False,0.7857142857142857,0.9285714285714286,False,1.0,1.0,True
10,3,0.5904322195423068,0.17624681631341077,3.3500305531137715,0.5250487679288474,0.17256850246631644,0.8666666666666667,0.9393939393939394,False,0.8222222222222222,0.9272727272727272,False,1.0,1.0,True
5,3,0.5194044130529004,0.21730925788103553,2.390162380172752,0.3784274065621379,0.10118227951550512,1.0,1.0,True,0.8,0.9,False,1.0,1.0,True
6,3,0.7578194952117676,0.2982110205179881,2.5412189458756598,0.4050420845266674,0.047153430303481667,1.0,1.0,True,1.0,1.0,True,1.0,1.0,True
6,3,0.15927093057433458,0.09536777613555723,1.670070720179889,0.22273486200601872,0.06912190927870887,0.8666666666666667,0.9428571428571428,False,0.8666666666666667,0.9428571428571428,False,1.0,1.0,True
4,3,0.7212693111991911,0.2978630051401696,2.4214800050692826,0.3840808872896701,0.20707532534080514,1.0,1.0,True,1.0,1.0,True,0.6666666666666666,0.8,False
5,3,0.25248942863318247,0.015337145318383644,16.46260913457455,1.2164986670214064,0.2475796730117652,1.0,1.0,True,0.8,0.9,False,0.8,0.9,False
4,4,0.8396859186069837,0.33606460398218596,2.4985848216523125,0.39769409740488515,0.19755356273670446,0.6666666666666666,0.8,False,1.0,1.0,True,1.0,1.0,True
8,4,0.23878656854335786,0.0033694630840494567,70.86783933110013,1.8504491918854749,0.5362564093554495,0.35714285714285715,0.5238095238095238,False,0.14285714285714285,0.23809523809523814,False,0.8571428571428571,0.9523809523809523,False
10,4,0.659985127868032,0.4896491188343167,1.3478736149630532,0.12964917194900688,0.04795341037399651,0.9555555555555556,0.9878787878787879,False,0.8666666666666667,0.9272727272727272,False,0.8222222222222222,0.9151515151515152,False
4,5,0.12291056410449891,0.015870747049298854,7.7444725011973805,0.8889918420279553,0.20803464000978733,1.0,1.0,True,1.0,1.0,True,1.0,1.0,True
10,3,0.34378384422627634,0.23261850740915863,1.477886897537814,0.16964119883909545,0.04840020987582831,0.9111111111111111,0.9636363636363636,False,0.9555555555555556,0.9878787878787879,False,0.9555555555555556,0.9878787878787879,False
10,3,0.6666192863162791,0.12495418573333385,5.334909610259747,0.7271270655415633,0.3089084504644017,0.8222222222222222,0.9393939393939394,False,0.8666666666666667,0.9636363636363636,False,0.9111111111111111,0.9757575757575757,False
4,3,0.6566423175537828,0.32911909897796326,1.9951510550159663,0.29997578216633747,0.1313547959188604,0.3333333333333333,0.6,False,0.3333333333333333,0.6,False,0.6666666666666666,0.8,False
4,4,0.9650175461244012,0.11521497026109545,8.375799984404301,0.9230262977650215,0.15041778707290063,1.0,1.0,True,1.0,1.0,True,1.0,1.0,True
6,3,0.06333930562546831,0.013109763464092318,4.831460597601429,0.6840784420531535,0.2402580173151353,0.8666666666666667,0.9428571428571428,False,0.8666666666666667,0.9428571428571428,False,1.0,1.0,True
10,4,0.47363508946342087,0.05383277842499243,8.798265727907006,0.9443970745334274,0.22226175142541998,0.8666666666666667,0.9393939393939394,False,0.8222222222222222,0.9151515151515152,False,0.9555555555555556,0.9878787878787879,False
4,5,0.5428585026856608,0.07004888030931966,7.749709920854886,0.8892854467476289,0.23935641652006198,0.3333333333333333,0.4,False,0.6666666666666666,0.8,False,1.0,1.0,True
5,3,0.7682563662936053,0.47424085796065896,1.6199708510895885,0.20950720014458393,0.0364872916667481,1.0,1.0,True,0.8,0.9,False,1.0,1.0,True
6,5,0.5815830163735354,0.021307436876277005,27.294836996267527,1.4360805050595318,0.35279242107536524,0.4666666666666667,0.5428571428571429,False,0.4666666666666667,0.5428571428571429,False,0.7333333333333333,0.8285714285714285,False
8,5,0.4272270684569872,0.07280860853681291,5.8678098240966685,0.7684760299013399,0.301260227489736,0.42857142857142855,0.6190476190476191,False,0.5,0.6190476190476191,False,0.9285714285714286,0.9761904761904762,False
5,3,0.5150380940547356,0.12994983783109212,3.9633608063460226,0.5980636103287498,0.22241895266253836,0.8,0.9,False,0.8,0.9,False,1.0,1.0,True
4,3,0.24703047063586442,0.1045045742504913,2.363824477590647,0.37361522549014914,0.1154928712764364,1.0,1.0,True,1.0,1.0,True,1.0,1.0,True
6,5,0.16923190273181155,0.004031436488991445,41.978064928456966,1.62302241494522,0.4251658766142923,0.4666666666666667,0.6,False,0.3333333333333333,0.37142857142857144,False,0.06666666666666667,0.19999999999999996,False
4,4,0.30645345817176134,0.003396893798740061,90.2157901419267,1.9552825571799053,0.5004282430104494,0.6666666666666666,0.8,False,0.3333333333333333,0.6,False,0.6666666666666666,0.8,False
6,5,0.7572393920812474,0.3041239830776435,2.489903572930099,0.3961825283988455,0.11895696125145329,0.8666666666666667,0.9428571428571428,False,0.3333333333333333,0.37142857142857144,False,1.0,1.0,True
8,3,0.6919147800279127,0.33169764336752955,2.0859803916640054,0.3193102217165206,0.15352350210719373,0.7857142857142857,0.9047619047619048,False,0.7142857142857143,0.8333333333333334,False,0.9285714285714286,0.9761904761904762,False
4,5,0.7618232635461691,0.11163932189280425,6.823968926207252,0.8340370405499343,0.21647963016454372,1.0,1.0,True,1.0,1.0,True,1.0,1.0,True
6,5,0.386821186524034,0.08940374642466536,4.326677594497184,0.6361545346377157,0.10565292775379541,0.8666666666666667,0.9428571428571428,False,0.8666666666666667,0.9428571428571428,False,0.8666666666666667,0.9428571428571428,False
8,5,0.7227654498557471,0.09274101333768997,7.79337451507252,0.8917255470105425,0.13684240004297743,0.7857142857142857,0.9047619047619048,False,0.6428571428571429,0.8333333333333334,False,0.9285714285714286,0.9761904761904762,False
6,3,0.12407116833160947,0.02172425748531212,5.7111810799417855,0.7567259302177863,0.28629138025596323,1.0,1.0,True,1.0,1.0,True,1.0,1.0,True
5,3,0.30658891281124634,0.0044604632183962035,68.73476985037176,1.8371764828268211,0.16746821446467788,1.0,1.0,True,0.8,0.9,False,1.0,1.0,True
4,4,0.7177956902876147,0.10528336091463293,6.817750535745229,0.8336411061725182,0.1379298098289474,1.0,1.0,True,1.0,1.0,True,1.0,1.0,True
4,3,0.6626992690188133,0.22856585595666293,2.899379989378486,0.46230513721620586,0.09843794451934988,1.0,1.0,True,1.0,1.0,True,1.0,1.0,True
4,4,0.7805843996789136,0.028496464305395635,27.39232458055234,1.4376288891239448,0.3718279820173421,-0.3333333333333333,-0.3999999999999999,False,-0.3333333333333333,-0.3999999999999999,False,1.0,1.0,True
8,3,0.20992752034569295,0.0940804418059917,2.2313619740048023,0.34857002772953066,0.18739619307104471,0.9285714285714286,0.9761904761904762,False,0.9285714285714286,0.9761904761904762,False,0.9285714285714286,0.9761904761904762,False
8,3,0.12713607459933754,0.0024342467576770176,52.22809649274603,1.7179041978116991,0.6578533896753034,0.0,-0.09523809523809534,False,-0.07142857142857142,-0.1428571428571428,False,1.0,1.0,True
8,4,0.9678324131680696,0.14444080465878698,6.700547088806954,0.8261102635888825,0.3113875512545012,0.7857142857142857,0.9047619047619048,False,0.6428571428571429,0.8333333333333334,False,0.9285714285714286,0.9761904761904762,False
10,4,0.35348022190726053,0.18050707316273643,1.9582624420851455,0.2918708945721096,0.10940526822972739,0.9111111111111111,0.9636363636363636,False,0.8222222222222222,0.9393939393939394,False,0.8666666666666667,0.9515151515151515,False
8,3,0.2554852368007273,0.12668008896549723,2.0167750029627376,0.3046574498130618,0.15453778925765316,0.7857142857142857,0.8571428571428572,False,0.7142857142857143,0.8333333333333334,False,0.9285714285714286,0.9761904761904762,False
10,3,0.4862463998478649,0.3878936140002078,1.2535560841853686,0.09814376909387743,0.025106269761374193,0.9555555555555556,0.9878787878787879,False,0.9111111111111111,0.9757575757575757,False,0.9111111111111111,0.9757575757575757,False
5,4,0.6134248996986564,0.41732960859416834,1.4698810893470797,0.16728220255142293,0.05396464268524787,1.0,1.0,True,1.0,1.0,True,0.8,0.9,False
8,3,0.6760720006846664,0.12933283449454497,5.227380992009068,0.7182841543348378,0.2457376244018667,0.7857142857142857,0.9047619047619048,False,0.7857142857142857,0.9047619047619048,False,0.9285714285714286,0.9761904761904762,False
10,3,0.3434284273206538,0.2571728864134625,1.3353990465666006,0.12561106182481738,0.044879815269054116,0.9555555555555556,0.9878787878787879,False,1.0,1.0,True,1.0,1.0,True
8,5,0.8425543459770493,0.06323863904484049,13.32341047640664,1.1246154081299393,0.3270115930561091,0.0,0.04761904761904767,False,0.0,-0.023809523809523725,False,0.8571428571428571,0.9523809523809523,False
4,4,0.6788046343361247,0.030191593876017577,22.483232819743375,1.3518587577347372,0.1752619761225394,0.6666666666666666,0.8,False,0.6666666666666666,0.8,False,1.0,1.0,True
6,4,0.3404021080714404,0.24396928474149876,1.3952662460388126,0.14465708800570756,0.05193874886469964,1.0,1.0,True,0.8666666666666667,0.9428571428571428,False,0.8666666666666667,0.9428571428571428,False
5,3,0.5797720167669008,0.2041136474003105,2.8404372963215123,0.4533852065116627,0.17839914337567436,1.0,1.0,True,0.6,0.8,False,0.8,0.9,False
10,3,0.4106522188900503,0.23895632066363234,1.7185241961705116,0.2351556512182891,0.015054570525340264,1.0,1.0,True,0.9555555555555556,0.9878787878787879,False,0.9555555555555556,0.9878787878787879,False
4,4,0.8912891545344663,0.34173067965754517,2.608162531456163,0.41633465159790056,0.046979173744382624,1.0,1.0,True,1.0,1.0,True,1.0,1.0,True
10,4,0.4998428670112099,0.20757926031438012,2.4079614998713583,0.3816495388453013,0.10042343797960647,0.8666666666666667,0.9515151515151515,False,0.8222222222222222,0.9393939393939394,False,0.8666666666666667,0.9515151515151515,False
5,3,0.27505116737571667,0.04739760209115533,5.803060813940201,0.7636571218346083,0.405508137426008,0.6,0.8,False,0.4,0.5,False,1.0,1.0,True
6,4,0.49733911572329054,0.25386092738309923,1.9591006810228875,0.2920567555910111,0.09028584181802107,0.8666666666666667,0.9428571428571428,False,0.8666666666666667,0.9428571428571428,False,0.7333333333333333,0.8285714285714285,False
5,4,0.8906618243663399,0.30916130823979227,2.8808968024958745,0.459527701560767,0.19781206184988337,1.0,1.0,True,1.0,1.0,True,1.0,1.0,True
8,5,0.191409435855361,0.04177721901980916,4.5816701145191185,0.6610238162803554,0.2358101372232495,0.8571428571428571,0.9523809523809523,False,0.7857142857142857,0.9047619047619048,False,0.9285714285714286,0.9761904761904762,False
6,4,0.7569468503782026,0.19281178407152383,3.9258329257172693,0.5939318130981657,0.13818845620514397,1.0,1.0,True,1.0,1.0,True,0.8666666666666667,0.9428571428571428,False
5,3,0.19027836326805847,0.10171284898125672,1.8707406701512366,0.27201358796593234,0.012620117731273806,1.0,1.0,True,0.8,0.9,False,0.8,0.9,False
8,5,0.10922406188412516,0.0035094547647989026,31.122800883077083,1.4930786742215116,0.38911669031254603,0.8571428571428571,0.9523809523809523,False,0.6428571428571429,0.8333333333333334,False,1.0,1.0,True
5,4,0.8391208915492182,0.23545448144095665,3.563834871225737,0.5519175729807544,0.2757961552119679,0.8,0.9,False,1.0,1.0,True,0.6,0.8,False
4,3,0.915192964755862,0.3397660569787638,2.6935973913673497,0.4303326827848013,0.19599188479498164,1.0,1.0,True,1.0,1.0,True,1.0,1.0,True
5,5,0.1970227961965618,0.002776394173612624,70.96355337370328,1.8510353538917939,0.36263952677384187,0.6,0.8,False,0.4,0.6,False,1.0,1.0,True
4,3,0.12700366685986889,0.044812578146090465,2.83410756781274,0.4524163297579283,0.1944445928085709,1.0,1.0,True,1.0,1.0,True,1.0,1.0,True
4,3,0.5297541406294615,0.13746123796281265,3.8538438070005006,0.5858941090915156,0.26320323934468004,1.0,1.0,True,1.0,1.0,True,1.0,1.0,True
10,3,0.3334100241095676,0.034676560967655395,9.614852649631011,0.9829426329382517,0.26648845509940644,0.8666666666666667,0.9272727272727272,False,0.8666666666666667,0.9272727272727272,False,0.8666666666666667,0.9636363636363636,False
4,4,0.5794022081568282,0.3036408685825428,1.908182554145913,0.2806199209266013,0.06691276213066882,1.0,1.0,True,1.0,1.0,True,1.0,1.0,True
4,3,0.31948529767111866,0.07437968981496279,4.295329793141369,0.6329965143472066,0.2537942228888478,1.0,1.0,True,0.0,0.19999999999999996,False,1.0,1.0,True
5,3,0.48536962699099,0.0076635362937628885,63.334942032268074,1.8016433773941802,0.6542704841628884,0.0,-0.10000000000000009,False,0.0,-0.10000000000000009,False,1.0,1.0,True
4,3,0.5661429898590251,0.0697639075553867,8.115127287006391,0.9092953361907108,0.0854226941731626,0.6666666666666666,0.8,False,0.6666666666666666,0.8,False,0.6666666666666666,0.8,False
10,5,0.13788410071229293,0.014313134947604424,9.633396262063265,0.9837794250103351,0.3192342163701983,0.4666666666666667,0.6606060606060606,False,0.3333333333333333,0.47878787878787876,False,0.7777777777777778,0.9151515151515152,False
8,4,0.0974027244392288,0.01681884029670433,5.791286599738015,0.7627750578715237,0.06297852515320412,0.8571428571428571,0.9523809523809523,False,0.5,0.6666666666666667,False,0.42857142857142855,0.6190476190476191,False
4,5,0.5900931365465181,0.0007046302796296141,837.4507209926421,2.9229592608066315,0.3175827521108189,1.0,1.0,True,0.6666666666666666,0.8,False,1.0,1.0,True
8,3,0.24042153953923762,0.056617675350480574,4.246404290651444,0.6280213400043548,0.22839231523920125,0.9285714285714286,0.9761904761904762,False,0.9285714285714286,0.9761904761904762,False,0.9285714285714286,0.9761904761904762,False
10,4,0.12355149778914326,0.011372778850590083,10.863791462178035,1.0359814204402384,0.267526237315412,0.7777777777777778,0.9151515151515152,False,0.6888888888888889,0.8787878787878788,False,0.9111111111111111,0.9757575757575757,False
5,3,0.6911487322543002,0.2181471463660322,3.1682685002509436,0.5008219794945256,0.15294372289685723,0.8,0.9,False,0.8,0.9,False,0.8,0.9,False
5,5,0.721546836589095,0.008141851420400333,88.62196068728981,1.947541354206664,0.28774949058887106,0.8,0.9,False,0.8,0.9,False,0.8,0.9,False
10,5,0.799599259747284,0.3334675180025961,2.3978325221428647,0.37981884629859614,0.1295183793021028,0.9111111111111111,0.9757575757575757,False,0.9111111111111111,0.9757575757575757,False,0.9111111111111111,0.9757575757575757,False
6,5,0.33503310856956586,0.060073003039859976,5.577099389249539,0.7464083841039009,0.2594785452156415,0.3333333333333333,0.48571428571428577,False,0.3333333333333333,0.48571428571428577,False,1.0,1.0,True
4,3,0.6067134062566455,0.2289592878929803,2.649874621105497,0.42322532576692357,0.012293157171480513,1.0,1.0,True,1.0,1.0,True,1.0,1.0,True
8,4,0.4737327359968871,0.00040271301210205413,1176.353185976723,3.070537733043017,0.5152234975650308,0.42857142857142855,0.5952380952380952,False,0.42857142857142855,0.5952380952380952,False,0.8571428571428571,0.9523809523809523,False
10,3,0.8226709953232483,0.015036051853589201,54.7132321223113,1.7380923709906484,0.35441767841990046,0.6,0.7454545454545455,False,0.6,0.7454545454545455,False,0.8222222222222222,0.9151515151515152,False
6,4,0.7104244037860072,0.15754943256865034,4.509215883541432,0.6541010281179218,0.31823116414745006,0.8666666666666667,0.9428571428571428,False,0.8666666666666667,0.9428571428571428,False,1.0,1.0,True
10,4,0.8833874432202634,0.3863094062677398,2.2867355256830755,0.3592159388182531,0.11785369628190645,0.7777777777777778,0.8909090909090909,False,0.6444444444444445,0.7090909090909091,False,0.9555555555555556,0.9878787878787879,False
6,4,0.7648096046089148,0.2400474668102784,3.186076548811058,0.5032562059682093,0.06428542989174907,0.8666666666666667,0.9428571428571428,False,1.0,1.0,True,1.0,1.0,True
4,5,0.5945240299191512,0.11427552344126651,5.202549172478851,0.716216193686222,0.18770923936018763,1.0,1.0,True,0.6666666666666666,0.8,False,1.0,1.0,True
4,3,0.6096293321027006,0.12373766476889246,4.92678872868978,0.692563939191595,0.20845934307880415,0.6666666666666666,0.8,False,0.6666666666666666,0.8,False,1.0,1.0,True
6,4,0.27820534312541545,0.04036755407379127,6.89180579556464,0.8383330309490954,0.11115941407688176,1.0,1.0,True,0.8666666666666667,0.9428571428571428,False,0.8666666666666667,0.9428571428571428,False
4,3,0.09713467370719958,0.0006196714092744763,156.75190447171815,2.195212826035664,0.2604821572595888,1.0,1.0,True,1.0,1.0,True,1.0,1.0,True
8,4,0.4056588716516889,0.18046242588035868,2.247885506750203,0.3517741872115741,0.13220289028622983,0.8571428571428571,0.9285714285714286,False,0.7857142857142857,0.8571428571428572,False,0.7857142857142857,0.9047619047619048,False
5,5,0.35932365618277246,0.11621932622066788,3.0917719785900832,0.49020745675608085,0.21232584275679828,0.8,0.9,False,0.8,0.9,False,1.0,1.0,True
8,5,0.25827256219981515,0.011719575350048878,22.037706526346135,1.3431663953167812,0.08739428150450693,0.9285714285714286,0.9761904761904762,False,0.9285714285714286,0.9761904761904762,False,0.9285714285714286,0.9761904761904762,False
8,3,0.6714362799027987,0.1679972824579798,3.9967091733566855,0.6017025473089823,0.015534246452405455,1.0,1.0,True,1.0,1.0,True,1.0,1.0,True
6,4,0.2657602641305269,0.09571617911518392,2.7765448494129403,0.4435046930058637,0.1635046535861228,1.0,1.0,True,0.8666666666666667,0.9428571428571428,False,1.0,1.0,True
4,5,0.43696802067410934,0.06441170288520605,6.783984914140304,0.83148487348909,0.13243771891402895,1.0,1.0,True,1.0,1.0,True,1.0,1.0,True
4,4,0.3202330542292895,0.07949957751337851,4.028110138967358,0.6051013367802459,0.2010091781109778,0.3333333333333333,0.6,False,0.3333333333333333,0.6,False,1.0,1.0,True
10,3,0.657981208088975,0.17418200337282919,3.777549892320486,0.5772102090312841,0.26525645865329084,0.5555555555555556,0.7212121212121212,False,0.4666666666666667,0.6,False,1.0,1.0,True
4,3,0.443815555599908,0.1056471479866763,4.200923205723252,0.6233447425626365,0.31582609009974916,1.0,1.0,True,1.0,1.0,True,1.0,1.0,True
10,5,0.13083489246346441,0.009218820055626272,14.192151670150384,1.1520482437755182,0.4181801454822579,0.7777777777777778,0.9030303030303031,False,0.7777777777777778,0.8666666666666667,False,0.7777777777777778,0.9030303030303031,False
8,5,0.6554712861393162,0.08015883528126022,8.17715581608977,0.912602273332789,0.2876505963374621,0.5,0.7380952380952381,False,0.6428571428571429,0.8571428571428572,False,0.9285714285714286,0.9761904761904762,False
5,5,0.13867811040970637,0.006008317837571697,23.081021033779574,1.363255016768277,0.6422478833142324,0.4,0.4,False,0.4,0.4,False,1.0,1.0,True
8,4,0.5463977487471476,0.03905831781863095,13.989280113659293,1.1457953663353229,0.12154652389991459,1.0,1.0,True,0.9285714285714286,0.9761904761904762,False,0.9285714285714286,0.9761904761904762,False
8,5,0.15763926582615315,0.018776703094490078,8.395470974029305,0.9240450644627153,0.13814109059962346,0.9285714285714286,0.9761904761904762,False,0.8571428571428571,0.9523809523809523,False,1.0,1.0,True
5,5,0.573961067454595,0.16379760937620477,3.5040869621780413,0.5445748756711039,0.16235890198212133,0.8,0.9,False,1.0,1.0,True,0.8,0.9,False
5,5,0.18849726907303413,0.04297510364709792,4.386196962235298,0.6420881297791068,0.17531563791442772,0.0,0.09999999999999998,False,0.0,0.09999999999999998,False,0.0,0.09999999999999998,False
6,4,0.5428293395440257,0.22998835176251903,2.360247096784185,0.3729574721024487,0.1741849329737095,0.6,0.7714285714285715,False,0.7333333333333333,0.8285714285714285,False,1.0,1.0,True
10,5,0.08771382460975063,0.00312789475027765,28.042447583609455,1.447815916771989,0.18419934689540945,0.6888888888888889,0.8303030303030303,False,0.7333333333333333,0.8545454545454545,False,0.9111111111111111,0.9757575757575757,False
10,5,0.6788044533484692,0.134867541230587,5.033119512298842,0.7018372429176386,0.272729909760462,0.28888888888888886,0.36969696969696975,False,0.2,0.32121212121212117,False,0.8666666666666667,0.9636363636363636,False
6,4,0.6177196653892408,0.2040127300057518,3.0278486316456696,0.4811341601000983,0.0937849170175043,1.0,1.0,True,1.0,1.0,True,1.0,1.0,True
4,4,0.8588402642296055,0.6937350483125334,1.2379946296751794,0.09271876075235903,0.037259569144912796,1.0,1.0,True,0.6666666666666666,0.8,False,0.6666666666666666,0.8,False
10,3,0.23267460496996492,0.08211953820041935,2.833364751750922,0.4523024867957138,0.09841857732563603,0.9111111111111111,0.9757575757575757,False,0.9111111111111111,0.9757575757575757,False,0.9555555555555556,0.9878787878787879,False
4,3,0.07034416410876562,0.03375245230571865,2.084120095023826,0.3189227410686532,0.15934725242634323,0.3333333333333333,0.4,False,0.0,0.19999999999999996,False,0.6666666666666666,0.8,False
5,3,0.15420974185288047,0.029985835731630807,5.142752839303668,0.7111956526302653,0.28057111261681733,0.4,0.6,False,0.4,0.6,False,1.0,1.0,True
10,5,0.4869827106420443,0.02757247988660082,17.66191190009853,1.2470377141180888,0.47781668893264356,0.022222222222222223,0.030303030303030276,False,-0.022222222222222223,-0.05454545454545445,False,0.8666666666666667,0.9636363636363636,False
10,5,0.7597027275080747,0.4666541069177082,1.6279782310807263,0.211648593314407,0.09430843642404622,0.9111111111111111,0.9757575757575757,False,1.0,1.0,True,1.0,1.0,True
10,5,0.8164144773194757,0.008637654814912821,94.5180717126397,1.9755148528978843,0.3701249361401109,0.4666666666666667,0.6,False,0.4666666666666667,0.5515151515151515,False,0.9555555555555556,0.9878787878787879,False
4,5,0.1795458206377117,0.00608946203949579,29.484676880109674,1.4695963727462051,0.19449442728998845,0.6666666666666666,0.8,False,0.6666666666666666,0.8,False,0.6666666666666666,0.8,False
6,3,0.6355875394116778,0.35319042651558913,1.7995604968126866,0.25516645115024894,0.14422449146941319,0.7333333333333333,0.8285714285714285,False,0.7333333333333333,0.8285714285714285,False,0.8666666666666667,0.9428571428571428,False
10,5,0.7288389898659318,0.08885526462950247,8.202541435183953,0.9139484329046316,0.19627032393592708,0.7777777777777778,0.9030303030303031,False,0.7777777777777778,0.9030303030303031,False,0.7333333333333333,0.8909090909090909,False
8,3,0.09609285956989794,0.005614861464825222,17.114021450888114,1.2333520720027251,0.41612729628109435,0.2857142857142857,0.33333333333333337,False,0.2857142857142857,0.33333333333333337,False,0.9285714285714286,0.9761904761904762,False
10,4,0.92529528039266,0.27399600714583433,3.377039286184907,0.5285361129522836,0.19607876417749398,0.6444444444444445,0.7696969696969697,False,0.6444444444444445,0.7696969696969697,False,0.7777777777777778,0.8666666666666667,False
4,3,0.7432064630608631,0.2511140670951957,2.9596369158250257,0.47123843567867535,0.25530235893180425,-0.3333333333333333,-0.6000000000000001,False,-0.6666666666666666,-0.8,False,0.0,0.19999999999999996,False
4,5,0.8422640404410242,0.051503125253296346,16.35364914813132,1.2136146761441637,0.40489926021684614,0.3333333333333333,0.4,False,0.3333333333333333,0.4,False,0.6666666666666666,0.8,False
5,5,0.4325191604182235,0.03377972748015244,12.804104493132742,1.1073492097243418,0.33352638143522667,0.8,0.9,False,0.6,0.8,False,0.2,0.30000000000000004,False
10,4,0.33260480585059055,0.09013927593487461,3.689898797137074,0.5670144549266349,0.14934631275600851,0.9111111111111111,0.9757575757575757,False,0.9555555555555556,0.9878787878787879,False,0.9111111111111111,0.9636363636363636,False
4,5,0.4033041265690597,0.06708661761227934,6.0116926581975765,0.7789967696093603,0.2829579368953965,-0.3333333333333333,-0.3999999999999999,False,-0.3333333333333333,-0.3999999999999999,False,0.6666666666666666,0.8,False
6,3,0.7871237506249407,0.17059194640856512,4.614073332249678,0.6640844925557504,0.3323297321485655,1.0,1.0,True,1.0,1.0,True,1.0,1.0,True
10,4,0.3042789921498464,0.16827429825096035,1.8082321264192323,0.25725418098006864,0.05870603788480313,1.0,1.0,True,0.9555555555555556,0.9878787878787879,False,0.9111111111111111,0.9757575757575757,False
4,3,0.23315514656208192,0.01131347085905736,20.608631024564268,1.3140491437334123,0.3891796848223993,0.6666666666666666,0.8,False,0.6666666666666666,0.8,False,1.0,1.0,True
4,4,0.5881350923579625,0.13392156868832825,4.391638315724336,0.6426265655146248,0.19316649747056064,0.6666666666666666,0.8,False,0.6666666666666666,0.8,False,1.0,1.0,True
10,4,0.5319209960245661,0.22314845926391816,2.383709023924195,0.3772532405746428,0.09972457182410605,0.9111111111111111,0.9757575757575757,False,0.9111111111111111,0.9757575757575757,False,0.9555555555555556,0.9878787878787879,False
5,4,0.6658365885091533,0.11921593829937885,5.585130629358452,0.7470333351859347,0.2003805148363142,0.8,0.9,False,1.0,1.0,True,1.0,1.0,True
8,5,0.3870907216886573,0.03936215679670274,9.834083118922202,0.9927338746818934,0.3204069149445331,0.7857142857142857,0.9047619047619048,False,0.6428571428571429,0.8333333333333334,False,0.9285714285714286,0.9761904761904762,False
8,3,0.32595723228793777,0.09776808859163316,3.3339838896318432,0.5229634969134334,0.0984956656292009,0.7142857142857143,0.9047619047619048,False,0.7857142857142857,0.9285714285714286,False,0.8571428571428571,0.9523809523809523,False
5,4,0.6318400922000699,0.05752352489867089,10.984029461026385,1.0407616890815785,0.3949549780735464,0.6,0.7,False,0.6,0.7,False,0.8,0.9,False
5,4,0.7062745946544088,0.0797509952529926,8.8559972500036,0.947237473011989,0.016612370354554415,1.0,1.0,True,1.0,1.0,True,1.0,1.0,True
5,4,0.1952132036048199,0.03615570074276841,5.399237176684115,0.7323324054973088,0.2077846186204216,1.0,1.0,True,1.0,1.0,True,1.0,1.0,True
4,4,0.07503665914954165,0.017032424309337896,4.405518426639821,0.6439970220740571,0.14849706867532422,1.0,1.0,True,0.6666666666666666,0.8,False,0.6666666666666666,0.8,False
10,5,0.24756670991032495,0.007651952161257705,32.35340533510085,1.5099199987731688,0.1251521511873604,0.8222222222222222,0.9393939393939394,False,0.8666666666666667,0.9636363636363636,False,0.9555555555555556,0.9878787878787879,False
10,5,0.30670709254587875,0.028465392543324402,10.774736096412337,1.0324066418698505,0.2545981502078963,0.6888888888888889,0.8787878787878788,False,0.6,0.806060606060606,False,0.7777777777777778,0.9030303030303031,False
5,3,0.5834114400367684,0.04559311899752138,12.79604143896558,1.1070756378425903,0.3270666333423434,0.6,0.8,False,0.6,0.8,False,0.8,0.9,False
4,5,0.6974373972394685,0.2679420697574752,2.602940993432436,0.41546432311609327,0.155690296114902,0.6666666666666666,0.8,False,1.0,1.0,True,1.0,1.0,True
5,4,0.5457275537652724,0.1402290285517418,3.891687472968678,0.5901379564126195,0.22869257598854767,0.6,0.7,False,0.8,0.9,False,1.0,1.0,True
8,5,0.8345121794545666,0.14996010274976418,5.564894689633133,0.7454569501363214,0.2013554672808075,0.7142857142857143,0.8333333333333334,False,0.6428571428571429,0.7380952380952381,False,1.0,1.0,True
10,5,0.2310009356809553,0.12909160502085296,1.789434221085491,0.2527157385211312,0.07681348973460503,1.0,1.0,True,0.9111111111111111,0.9757575757575757,False,0.8666666666666667,0.9515151515151515,False
4,4,0.5453341370694428,0.07732787603717356,7.052232196319913,0.8483266031054923,0.3651442142367644,1.0,1.0,True,0.6666666666666666,0.8,False,1.0,1.0,True
8,4,0.45887933426521815,0.1785434861065505,2.5701264396103465,0.40995448935243184,0.14017169187982143,0.5,0.6190476190476191,False,0.42857142857142855,0.5952380952380952,False,0.7857142857142857,0.8571428571428572,False
6,3,0.3160422027580037,0.05165813956588809,6.11795557114064,0.7866063187947013,0.1658661187257543,1.0,1.0,True,1.0,1.0,True,0.8666666666666667,0.9428571428571428,False
5,5,0.7099591669725949,0.059417321256494494,11.948690246331923,1.0773203027766212,0.4993540325465865,0.0,0.09999999999999998,False,0.0,0.09999999999999998,False,0.8,0.9,False
8,4,0.5119981313651615,0.011621190895041326,44.0572860342196,1.6440177407342906,0.22128866676682998,0.8571428571428571,0.9285714285714286,False,0.7857142857142857,0.9047619047619048,False,0.9285714285714286,0.9761904761904762,False
6,3,0.5306934420169991,0.06662435541488551,7.965457057021879,0.901210700620205,0.4755450067024253,0.3333333333333333,0.48571428571428577,False,0.3333333333333333,0.48571428571428577,False,0.8666666666666667,0.9428571428571428,False
5,3,0.4455280411898354,0.012762846285936026,34.90820395179994,1.5429275046753,0.3510371518414284,0.8,0.9,False,0.8,0.9,False,1.0,1.0,True
8,5,0.5761199903185403,0.25586816345043567,2.25162827038421,0.35249669281938995,0.14198429634624896,0.7857142857142857,0.9047619047619048,False,0.7857142857142857,0.9047619047619048,False,0.8571428571428571,0.9285714285714286,False
5,3,0.3485634538586692,0.0973819374907596,3.5793440019425002,0.5538034393696125,0.2109928795630408,0.8,0.9,False,0.8,0.9,False,1.0,1.0,True
5,5,0.12324876758339136,0.006870871418804351,17.93786552723772,1.253770763964891,0.32619607175406007,0.6,0.7,False,0.6,0.7,False,1.0,1.0,True
10,4,0.9001714404543426,0.04657512335834084,19.327301261432073,1.2861712162068837,0.25547901762881203,0.7777777777777778,0.8909090909090909,False,0.7777777777777778,0.9030303030303031,False,0.9555555555555556,0.9878787878787879,False
10,5,0.5817239968490278,0.21186844724201293,2.745684902206277,0.4386506956520009,0.12419473118808647,0.9111111111111111,0.9757575757575757,False,0.9555555555555556,0.9878787878787879,False,0.7333333333333333,0.8909090909090909,False
10,3,0.29315172076789087,0.21370317542859749,1.371770541914418,0.1372814723660447,0.06305696448620071,0.8222222222222222,0.9151515151515152,False,0.8666666666666667,0.9515151515151515,False,0.9555555555555556,0.9878787878787879,False
8,4,0.5221368444940134,0.12400436909138168,4.21063264395973,0.6243473531133229,0.22573538867127269,0.2857142857142857,0.5238095238095238,False,0.21428571428571427,0.38095238095238093,False,0.5714285714285714,0.7142857142857143,False
5,4,0.7191534980808171,0.34186525184884065,2.1036168320397035,0.32296663715221874,0.11167112303125785,0.8,0.9,False,0.6,0.8,False,0.8,0.9,False
5,5,0.88556875916644,0.08394351239322366,10.549579519707802,1.0232351500687977,0.17496895141259478,0.8,0.9,False,0.8,0.9,False,0.8,0.9,False
4,5,0.5682095776485001,0.10414975625139869,5.455697623252129,0.7368502919651112,0.3606096710998548,0.3333333333333333,0.4,False,0.0,-0.19999999999999996,False,1.0,1.0,True
5,5,0.9844093333474726,0.5673190425974067,1.7351952947652338,0.23934836135499254,0.08633093070075187,1.0,1.0,True,0.8,0.9,False,0.8,0.9,False
6,4,0.14726155844613198,0.021551706517035696,6.832941898261984,0.8346077278540365,0.2753083035330231,0.6,0.6571428571428571,False,0.4666666666666667,0.5428571428571429,False,1.0,1.0,True
10,4,0.45244621239065136,0.016393798212473568,27.598620313552445,1.4408873717323272,0.361766635477831,0.4666666666666667,0.6121212121212121,False,0.4222222222222222,0.5878787878787879,False,0.8666666666666667,0.9636363636363636,False
8,4,0.4682835785723566,0.026086071040922133,17.95147984607541,1.254100255838771,0.35713237974013845,0.14285714285714285,0.2857142857142857,False,0.07142857142857142,0.1428571428571429,False,0.7142857142857143,0.8571428571428572,False
10,3,0.043091647220260786,0.03693359662621745,1.1667330332108865,0.06697149403418962,0.02628773617187749,0.9111111111111111,0.9636363636363636,False,0.8222222222222222,0.9272727272727272,False,0.8666666666666667,0.9515151515151515,False
8,3,0.28229624547277204,0.14217949444121247,1.9854919767456953,0.297868136445426,0.08391012567077792,0.9285714285714286,0.9761904761904762,False,0.9285714285714286,0.9761904761904762,False,1.0,1.0,True
4,5,0.06178559949582249,0.017964671065249214,3.439283651115718,0.5364679952562387,0.15168588762742866,1.0,1.0,True,1.0,1.0,True,0.6666666666666666,0.8,False
4,5,0.3041259899600826,0.03408867767289713,8.921613002107216,0.9504433806748707,0.24752750062095452,1.0,1.0,True,1.0,1.0,True,0.6666666666666666,0.8,False
10,4,0.6874326247538859,0.03147650513179107,21.839547365687167,1.3392436331800697,0.3262675134195311,0.4666666666666667,0.6,False,0.37777777777777777,0.503030303030303,False,0.6888888888888889,0.8666666666666667,False
6,5,0.6173667380980986,0.2355757847946722,2.620671469410893,0.418412580670057,0.14896185597392833,0.8666666666666667,0.9428571428571428,False,0.7333333333333333,0.8285714285714285,False,0.7333333333333333,0.8285714285714285,False
4,5,0.8810738931027229,0.16856635553232138,5.226866834221592,0.7182414356440586,0.22125423133604397,0.6666666666666666,0.8,False,0.6666666666666666,0.8,False,0.6666666666666666,0.8,False
8,4,0.858203894733483,0.48303598323838576,1.7766872955884312,0.2496109968818884,0.06194397743474002,0.9285714285714286,0.9761904761904762,False,0.9285714285714286,0.9761904761904762,False,0.9285714285714286,0.9761904761904762,False
8,3,0.2866312246457492,0.047392445099020915,6.048036222668383,0.7816143835609229,0.34195868913019833,0.5714285714285714,0.7619047619047619,False,0.42857142857142855,0.5952380952380952,False,0.9285714285714286,0.9761904761904762,False
6,3,0.016632514906247595,9.751935722636188e-05,170.55603327126303,2.231867086804529,0.11033824287604171,0.7333333333333333,0.8857142857142857,False,0.7333333333333333,0.8857142857142857,False,0.8666666666666667,0.9428571428571428,False
4,5,0.20517937254417504,0.013858196571694825,14.805633003391323,1.1704269800470346,0.2644897531883352,1.0,1.0,True,1.0,1.0,True,1.0,1.0,True
10,5,0.8379447595479335,0.24345516063460668,3.441885386040896,0.5367964043300811,0.1584567908804328,0.9111111111111111,0.9757575757575757,False,0.9111111111111111,0.9636363636363636,False,0.7333333333333333,0.8787878787878788,False
6,5,0.2985867995995757,0.03546943409573932,8.418143880875297,0.925216344331484,0.2965708597422215,0.7333333333333333,0.8285714285714285,False,0.7333333333333333,0.8285714285714285,False,0.8666666666666667,0.9428571428571428,False
10,3,0.23037276113139865,0.003662105317239399,62.9071916594013,1.7987002975828918,0.14064744143107327,0.9555555555555556,0.9878787878787879,False,0.9111111111111111,0.9757575757575757,False,0.9555555555555556,0.9878787878787879,False
8,4,0.21548280000454695,0.009950693695375861,21.65505306258476,1.3355592522431654,0.1599212901855085,0.9285714285714286,0.9761904761904762,False,0.7857142857142857,0.8809523809523809,False,1.0,1.0,True
10,5,0.24783854863266866,0.034681877622926266,7.146053374621514,0.8540662556695318,0.33723223850718576,0.6444444444444445,0.7696969696969697,False,0.6444444444444445,0.7696969696969697,False,0.8666666666666667,0.9636363636363636,False
6,4,0.1564290655819609,0.10259361874100928,1.524744594255232,0.18319710230894182,0.08378512843585731,0.7333333333333333,0.8857142857142857,False,0.7333333333333333,0.8857142857142857,False,1.0,1.0,True
5,3,0.2204369629910301,0.02430120807504689,9.07102899169484,0.9576565549837259,0.3262993661324971,0.6,0.8,False,0.6,0.8,False,1.0,1.0,True
6,5,0.11616225856225937,0.08773075848898794,1.324076761236666,0.12191316336286563,0.048677017564183335,1.0,1.0,True,0.8666666666666667,0.9428571428571428,False,0.8666666666666667,0.9428571428571428,False
10,5,0.6328174561693091,0.31292352771596127,2.022275093171298,0.3058402330156122,0.1176233178559244,0.8666666666666667,0.9515151515151515,False,0.9555555555555556,0.9878787878787879,False,0.9111111111111111,0.9636363636363636,False
4,5,0.8303428416342648,0.07212344343936665,11.512800859554238,1.061180992602252,0.4509940345762594,0.6666666666666666,0.8,False,0.6666666666666666,0.8,False,0.6666666666666666,0.8,False
8,3,0.3645232110795666,0.3183380465646567,1.145082138350008,0.058836640346405386,0.01621350415106331,0.9285714285714286,0.9761904761904762,False,1.0,1.0,True,1.0,1.0,True
10,4,0.3841354420883657,0.01869171225870794,20.551110393263023,1.3128352921312507,0.2153570730762256,0.8222222222222222,0.9272727272727272,False,0.7777777777777778,0.9030303030303031,False,0.9555555555555556,0.9878787878787879,False
8,3,0.38829953501779935,0.22601895513507944,1.7179954432760538,0.23502200759610253,0.10648494106359117,0.9285714285714286,0.9761904761904762,False,0.8571428571428571,0.9285714285714286,False,0.9285714285714286,0.9761904761904762,False
5,5,0.4642652423404494,0.028234306099168747,16.443302721637444,1.2159890522383445,0.2991290772140535,1.0,1.0,True,0.8,0.9,False,1.0,1.0,True
5,5,0.6782885910724484,0.13423467929222346,5.053005636425656,0.7035497826766225,0.33991046262986896,0.4,0.6,False,0.6,0.8,False,1.0,1.0,True
5,5,0.4649212511430397,0.0404177775029563,11.502890061125477,1.0608069690415658,0.15669741784191119,1.0,1.0,True,1.0,1.0,True,1.0,1.0,True
10,3,0.46119137228258733,0.29634883596539485,1.5562449259456015,0.19207794844789602,0.08209559715697694,1.0,1.0,True,1.0,1.0,True,0.9555555555555556,0.9878787878787879,False
5,5,0.07771474254578006,0.0009556031568778109,81.32533040008761,1.9102258363638929,0.6016804693418112,0.8,0.9,False,0.6,0.7,False,1.0,1.0,True
4,4,0.362194006972246,0.028328831413969746,12.785349373107307,1.106712600077607,0.3579260856134451,0.6666666666666666,0.8,False,0.6666666666666666,0.8,False,1.0,1.0,True
8,5,0.6203473379224375,0.15865757083211487,3.9099762757300396,0.5921741222677878,0.23585656864159296,0.7857142857142857,0.9047619047619048,False,0.8571428571428571,0.9285714285714286,False,1.0,1.0,True
5,4,0.6820851548900715,0.07441064688432712,9.16649946534157,0.962203517444224,0.26970129893883377,0.6,0.7,False,0.6,0.7,False,0.8,0.9,False
10,4,0.6530370963479857,0.27335732059461965,2.3889504584149415,0.378207143529657,0.09475950015499446,0.8222222222222222,0.9030303030303031,False,0.8222222222222222,0.9030303030303031,False,0.9555555555555556,0.9878787878787879,False
4,4,0.872297427256347,0.3645974466499988,2.3924946136315937,0.37885096869644247,0.1549619556529649,1.0,1.0,True,0.6666666666666666,0.8,False,1.0,1.0,True
5,5,0.05100236371623133,0.009442896945291407,5.401135266679146,0.7324850539404635,0.20606904416066002,0.4,0.6,False,0.4,0.6,False,1.0,1.0,True
10,4,0.4425619449476722,0.10366448069357866,4.269176307857749,0.6303440906082654,0.27722991003001085,0.6888888888888889,0.8545454545454545,False,0.5111111111111111,0.6606060606060606,False,1.0,1.0,True
6,3,0.1594069174136912,0.035842693427152114,4.447403422212891,0.6481065259171943,0.35058893310224526,0.6,0.7714285714285715,False,0.6,0.7714285714285715,False,1.0,1.0,True
10,4,0.576582335257735,0.1633323071247596,3.530118109540868,0.5477892361140988,0.1606629291348279,0.7777777777777778,0.9030303030303031,False,0.8222222222222222,0.9151515151515152,False,0.9111111111111111,0.9757575757575757,False
6,3,0.11942685368608516,0.018953678327079598,6.3009855722388215,0.7994084851849983,0.4052622790572446,0.8666666666666667,0.9428571428571428,False,0.7333333333333333,0.8857142857142857,False,0.7333333333333333,0.8857142857142857,False
5,5,0.13246921575854603,0.008994977984822551,14.727019451002281,1.1681148604229392,0.21489542065864745,0.8,0.9,False,0.6,0.8,False,0.8,0.9,False
4,3,0.8247423772796848,0.030650684919623736,26.907796005718147,1.4298781265354126,0.06445799133185683,0.6666666666666666,0.8,False,0.6666666666666666,0.8,False,1.0,1.0,True
10,4,0.34025542448223145,0.14304795197262457,2.3786109468031276,0.37632341325461277,0.12842877175298512,0.9555555555555556,0.9878787878787879,False,0.9111111111111111,0.9636363636363636,False,0.8666666666666667,0.9636363636363636,False
4,3,0.09200092292460213,0.027636164995308556,3.3290046913850375,0.5223144071846634,0.12919743690594904,0.6666666666666666,0.8,False,0.6666666666666666,0.8,False,1.0,1.0,True
4,3,0.951263467940326,0.1839230244881578,5.172073863957161,0.7136647185439988,0.3784250506054034,1.0,1.0,True,1.0,1.0,True,1.0,1.0,True
5,3,0.6588304851370878,0.3427879303394093,1.921976904154207,0.283748164571523,0.03428806340344946,0.8,0.9,False,1.0,1.0,True,1.0,1.0,True
4,5,0.335545887538262,0.12237933991119836,2.7418507713720386,0.43804381408103094,0.10134945730029066,1.0,1.0,True,1.0,1.0,True,1.0,1.0,True
4,5,0.32962538834915056,0.047080935557296186,7.001249750889177,0.8451755702242054,0.14084679467038097,1.0,1.0,True,1.0,1.0,True,1.0,1.0,True
10,4,0.4959637547210531,0.11410017617535032,4.346739604981014,0.6381636242011633,0.14328450162201828,0.4666666666666667,0.6242424242424243,False,0.37777777777777777,0.5515151515151515,False,0.9111111111111111,0.9636363636363636,False
8,5,0.8827042034539814,0.23510896151305913,3.7544472901820765,0.5745460115154809,0.20663581508286066,0.5,0.7380952380952381,False,0.42857142857142855,0.6428571428571428,False,0.7857142857142857,0.9047619047619048,False
8,5,0.3161530905329265,0.036567791871736005,8.645670803236058,0.9367986951046567,0.3726998528776664,0.7142857142857143,0.8571428571428572,False,0.5714285714285714,0.7857142857142857,False,0.5714285714285714,0.7619047619047619,False
4,3,0.5056591743697065,0.28328395912137955,1.7849904948245243,0.25163590781165757,0.00782998693141835,1.0,1.0,True,1.0,1.0,True,1.0,1.0,True
5,4,0.2829426088210428,0.005688536065658355,49.73909025195882,1.696697837585155,0.20174051820521927,0.8,0.9,False,0.8,0.9,False,1.0,1.0,True
6,3,0.8605964228600829,0.2891712755725429,2.9760785235434404,0.4736443858428324,0.20165329894360956,0.8666666666666667,0.9428571428571428,False,0.8666666666666667,0.9428571428571428,False,1.0,1.0,True
10,5,0.14372219456332394,0.07444364954429383,1.930617258035944,0.28569618408566305,0.1269300087070656,1.0,1.0,True,0.9555555555555556,0.9878787878787879,False,1.0,1.0,True
4,5,0.1254534678105898,0.006025526010310314,20.820334618937046,1.3184877050971924,0.4113076501301417,1.0,1.0,True,0.6666666666666666,0.8,False,1.0,1.0,True
5,5,0.6786642334014635,0.05125356983097434,13.241306617789608,1.1219308422711642,0.25022765776292477,0.6,0.8,False,0.6,0.8,False,1.0,1.0,True
6,3,0.6035549880340569,0.5274138559683351,1.1443669543432489,0.05856530827898765,0.02023878524598877,1.0,1.0,True,0.8666666666666667,0.9428571428571428,False,1.0,1.0,True
10,5,0.7413874189379309,0.2503741647570905,2.9611178919129038,0.4714556984355689,0.21460363576152855,0.7777777777777778,0.8909090909090909,False,0.6,0.7575757575757576,False,0.9111111111111111,0.9757575757575757,False
8,3,0.10082407249909445,0.016575451321181444,6.082734674269208,0.7840988731760782,0.35613670182023927,0.5,0.6904761904761905,False,0.5,0.6904761904761905,False,1.0,1.0,True
10,5,0.15557351531992944,0.00348770332883176,44.60629262507657,1.6493961291062262,0.10377332802888488,0.8666666666666667,0.9636363636363636,False,0.8666666666666667,0.9636363636363636,False,0.8666666666666667,0.9636363636363636,False
4,5,0.8399558754461414,0.0915417357519969,9.17566035357422,0.9626373293375733,0.3472518958873799,0.6666666666666666,0.8,False,0.6666666666666666,0.8,False,0.6666666666666666,0.8,False
8,5,0.5767873817044076,0.11964513875616045,4.820817525023668,0.6831206931143882,0.0849983032550305,1.0,1.0,True,0.9285714285714286,0.9761904761904762,False,0.9285714285714286,0.9761904761904762,False
4,5,0.35786184897256457,0.04303775531059556,8.315067697690699,0.9198657894080725,0.10910873474634869,0.6666666666666666,0.8,False,0.6666666666666666,0.8,False,1.0,1.0,True
4,5,0.4353957066323837,0.03426754546231572,12.705774538140934,1.1040011445841615,0.23121204854353372,0.6666666666666666,0.8,False,0.6666666666666666,0.8,False,1.0,1.0,True
6,3,0.5220193551215039,0.1593899220883056,3.2751089170431884,0.5152257474680444,0.13121385878388486,0.8666666666666667,0.9428571428571428,False,0.8666666666666667,0.9428571428571428,False,1.0,1.0,True
4,5,0.13272758264549822,0.01859025366602565,7.139632681877977,0.8536758688718313,0.13785594787992406,1.0,1.0,True,1.0,1.0,True,1.0,1.0,True
8,3,0.1834122625652269,0.021173646557639043,8.662289797710494,0.9376327089991369,0.30993221287368744,0.8571428571428571,0.9285714285714286,False,0.7857142857142857,0.9047619047619048,False,0.9285714285714286,0.9761904761904762,False
6,3,0.2897740833024981,0.03392330683463833,8.542035265208114,0.9315613600495587,0.42971159036375306,0.7333333333333333,0.8285714285714285,False,0.7333333333333333,0.8285714285714285,False,1.0,1.0,True
4,3,0.4941996895390756,0.2502922747433228,1.9744903834683187,0.29545502289565007,0.15881921935231352,1.0,1.0,True,1.0,1.0,True,1.0,1.0,True
6,3,0.8941264015072782,0.15514031988847987,5.76333993731767,0.7606742361954942,0.17438566497891683,1.0,1.0,True,1.0,1.0,True,1.0,1.0,True
10,3,0.3842230504017114,0.27452984921958434,1.3995674841644952,0.14599384406238844,0.010981113338155508,1.0,1.0,True,0.9111111111111111,0.9636363636363636,False,0.9111111111111111,0.9636363636363636,False
4,5,0.04859470818180561,9.046718716673861e-05,537.1528525042858,2.730097886357413,0.13530759129255288,1.0,1.0,True,1.0,1.0,True,1.0,1.0,True
5,5,0.6215068818749813,0.12567742392442943,4.9452547837370675,0.6941886717310984,0.2576819457394965,0.8,0.9,False,0.8,0.9,False,0.8,0.9,False
6,4,0.35632264908260985,0.18322365683069847,1.9447414992372563,0.2888618817975496,0.15571795287938325,0.4666666666666667,0.7142857142857143,False,0.4666666666666667,0.7142857142857143,False,0.6,0.7142857142857143,False
4,4,0.6051581460511432,0.24614364050624343,2.458556901181994,0.3906802641142357,0.05651387072243708,1.0,1.0,True,1.0,1.0,True,1.0,1.0,True
8,3,0.575385546431386,0.14826290956891786,3.8808461812901727,0.5889264296658725,0.2787699365115691,0.5,0.6666666666666667,False,0.42857142857142855,0.5952380952380952,False,0.7857142857142857,0.9047619047619048,False
6,4,0.14092683072535922,0.012319951690947507,11.438910983512296,1.058384680369255,0.4905229226394855,0.4666666666666667,0.5428571428571429,False,0.4666666666666667,0.5428571428571429,False,1.0,1.0,True
4,3,0.651833073430147,0.2067939628345274,3.1520894734658156,0.49859853663508646,0.2507790871438874,0.6666666666666666,0.8,False,0.6666666666666666,0.8,False,1.0,1.0,True
5,4,0.4467119896420604,0.1425673860969507,3.1333392711229737,0.4960074218843443,0.22648124651171983,0.4,0.6,False,0.4,0.6,False,0.8,0.9,False
8,5,0.6669162458897557,0.03579610417390959,18.63097287433906,1.2702355335288462,0.33089180791620915,0.7142857142857143,0.8809523809523809,False,0.7142857142857143,0.8571428571428572,False,0.8571428571428571,0.9285714285714286,False
10,4,0.2115731573981314,0.02957700158362058,7.153299728264037,0.854506422668363,0.13359858308874006,0.9111111111111111,0.9757575757575757,False,0.9111111111111111,0.9757575757575757,False,0.9555555555555556,0.9878787878787879,False
8,4,0.8496250863308554,0.07512093748339646,11.310096955423818,1.053466327916178,0.3961188789487668,0.7142857142857143,0.8333333333333334,False,0.7142857142857143,0.8333333333333334,False,1.0,1.0,True
5,3,0.732944599335118,0.13916404653600742,5.2667669385440625,0.7215441006730827,0.32152116246801576,0.8,0.9,False,0.8,0.9,False,0.8,0.9,False
6,3,0.742664086929656,0.20113135466459234,3.692433177136573,0.5673126445219836,0.1819726173470177,0.8666666666666667,0.9428571428571428,False,0.6,0.7714285714285715,False,0.7333333333333333,0.8285714285714285,False
8,4,0.6203670812618581,0.03121024067647788,19.877036120055656,1.2983516269090047,0.20563906499363155,0.42857142857142855,0.5238095238095238,False,0.42857142857142855,0.47619047619047616,False,0.9285714285714286,0.9761904761904762,False
5,3,0.0449229563549173,0.02634871554267801,1.7049391375624725,0.23170888028303105,0.10686757292326197,1.0,1.0,True,1.0,1.0,True,1.0,1.0,True
4,4,0.33868974051886624,0.018025791568510932,18.78917434570422,1.2739076962802491,0.4712240108710563,0.0,0.19999999999999996,False,0.0,0.19999999999999996,False,0.6666666666666666,0.8,False
8,5,0.24853315010884705,0.0764861933942675,3.2493857920797606,0.5118012771882429,0.141316401985262,0.7857142857142857,0.9047619047619048,False,0.7857142857142857,0.9047619047619048,False,1.0,1.0,True
5,3,0.37360633432347257,0.18040974716031744,2.0708766582850098,0.3161542330212193,0.13715766392184098,0.8,0.9,False,0.8,0.9,False,0.8,0.9,False
6,3,0.682891319544982,0.29023772565023226,2.352868904318754,0.3715977301012031,0.08299285648984644,0.8666666666666667,0.9428571428571428,False,0.8666666666666667,0.9428571428571428,False,1.0,1.0,True
8,3,0.35462219529585426,0.06270029704159905,5.655829589689524,0.7524963156805644,0.20856654799564672,0.9285714285714286,0.9761904761904762,False,0.8571428571428571,0.9285714285714286,False,0.9285714285714286,0.9761904761904762,False
8,5,0.2862369248538737,0.017468036583115073,16.386325015724395,1.2144815646534743,0.10727341458064574,1.0,1.0,True,1.0,1.0,True,0.9285714285714286,0.9761904761904762,False
4,4,0.5554463206397987,0.167707780357679,3.3119889813809342,0.5200888832657958,0.07962927127412221,1.0,1.0,True,1.0,1.0,True,0.6666666666666666,0.8,False
4,4,0.3545172212759956,0.1528523951752321,2.319343578929547,0.3653650881725364,0.1792464402997022,0.0,-0.19999999999999996,False,-0.3333333333333333,-0.3999999999999999,False,0.6666666666666666,0.8,False
6,4,0.11461870427212285,0.05909850677105778,1.9394517819918158,0.2876789867846484,0.10017838092345058,1.0,1.0,True,1.0,1.0,True,1.0,1.0,True
10,3,0.35868346516078875,0.20837479432785516,1.7213380645008236,0.23586617255235984,0.08488800612087119,0.9111111111111111,0.9636363636363636,False,0.8222222222222222,0.9393939393939394,False,0.9111111111111111,0.9636363636363636,False
6,4,0.7074824599708519,0.18360436344304584,3.8532987272193013,0.5858326790244017,0.1968007538816055,0.7333333333333333,0.8857142857142857,False,0.7333333333333333,0.8857142857142857,False,0.8666666666666667,0.9428571428571428,False
6,5,0.13757614060204865,0.008160332780211832,16.85913360283552,1.226835252306762,0.210010351116444,0.8666666666666667,0.9428571428571428,False,0.4666666666666667,0.6,False,0.6,0.7714285714285715,False
8,5,0.23971562120883505,0.063317689456065,3.7859186471323065,0.5781712774880194,0.21102111834520157,0.7142857142857143,0.8809523809523809,False,0.6428571428571429,0.8333333333333334,False,0.8571428571428571,0.9285714285714286,False
10,4,0.19285985465394515,0.019497605557079644,9.891463548149668,0.9952605548793185,0.22896647694478078,0.9111111111111111,0.9757575757575757,False,0.6888888888888889,0.806060606060606,False,0.7333333333333333,0.8666666666666667,False
10,5,0.4215538646276011,0.06687488219118048,6.3036202952278595,0.7995900451138337,0.20386096451779995,0.9111111111111111,0.9636363636363636,False,0.9111111111111111,0.9757575757575757,False,1.0,1.0,True
10,5,0.27145441267614734,0.04928474793985561,5.507878684941383,0.7409843660364559,0.1577250443994072,0.7333333333333333,0.8424242424242424,False,0.6888888888888889,0.7818181818181819,False,0.6444444444444445,0.793939393939394,False
10,3,0.16416488067823298,0.041005220764178535,4.003511689849043,0.6024411009409838,0.29505483052303677,0.4666666666666667,0.6727272727272727,False,0.3333333333333333,0.503030303030303,False,1.0,1.0,True
4,4,0.4129681223197068,0.15920102665315006,2.594004140543911,0.41397066496854606,0.14531363995154883,1.0,1.0,True,1.0,1.0,True,1.0,1.0,True
6,4,0.5673714691495719,0.20107141251670335,2.8217411020555576,0.4505171642352517,0.21342164070235642,0.6,0.7714285714285715,False,0.6,0.7714285714285715,False,1.0,1.0,True
10,3,0.7010309531146133,0.4398196089450406,1.593905635072809,0.20246260603105593,0.04279367109557683,0.9555555555555556,0.9878787878787879,False,0.9111111111111111,0.9636363636363636,False,0.9555555555555556,0.9878787878787879,False
10,4,0.674094508090788,0.24411035850375482,2.761433444364295,0.44113458038835707,0.13555738865470493,0.8666666666666667,0.9515151515151515,False,0.7777777777777778,0.8909090909090909,False,0.8666666666666667,0.9515151515151515,False
5,4,0.5347357866275931,0.027350354266441532,19.55132944161365,1.2911762936769775,0.28896439697803433,0.8,0.9,False,0.8,0.9,False,1.0,1.0,True
10,5,0.40689449916830067,0.28773799584726834,1.4141145939685584,0.1504846043064768,0.037160368311086114,0.9555555555555556,0.9878787878787879,False,0.7777777777777778,0.9030303030303031,False,0.8666666666666667,0.9515151515151515,False
10,3,0.2500314625200203,0.019259749269694457,12.982072560023768,1.1133440321814756,0.1143424536943362,0.9111111111111111,0.9757575757575757,False,0.9111111111111111,0.9757575757575757,False,0.8666666666666667,0.9393939393939394,False
5,3,0.7312812681238563,0.6076697980076683,1.203418814823877,0.08041679717583924,0.02807027680718248,0.8,0.9,False,1.0,1.0,True,1.0,1.0,True
4,4,0.8439626667528848,0.15814355558135249,5.336687060342433,0.7272717368206107,0.16102663720333943,1.0,1.0,True,0.6666666666666666,0.8,False,1.0,1.0,True
10,5,0.6071698074622913,0.11569365107539163,5.248082343441489,0.7200006405866791,0.23462846092728426,0.9111111111111111,0.9636363636363636,False,0.8666666666666667,0.9515151515151515,False,0.9111111111111111,0.9757575757575757,False
8,4,0.6479909754559277,0.07897484659052624,8.205029872453784,0.9140801665491635,0.2132069065454712,0.5714285714285714,0.7380952380952381,False,0.6428571428571429,0.8333333333333334,False,0.7857142857142857,0.9047619047619048,False
10,4,0.26256308049621274,0.08744812878548953,3.0025008440978547,0.47748313816886173,0.19779561403708487,0.7333333333333333,0.8424242424242424,False,0.3333333333333333,0.4666666666666667,False,0.6888888888888889,0.8545454545454545,False
5,5,0.0715882601304099,0.010132072140598098,7.065510305290673,0.8491435341631053,0.24365153014660657,1.0,1.0,True,1.0,1.0,True,1.0,1.0,True
8,3,0.574486838643389,0.4954375918201205,1.1595543982274352,0.06429112752841318,0.016979956708106484,1.0,1.0,True,0.8571428571428571,0.9523809523809523,False,0.8571428571428571,0.9523809523809523,False
5,3,0.5287437709620199,0.2611270866675092,2.02485225760298,0.30639334061313206,0.04346020026390418,1.0,1.0,True,1.0,1.0,True,1.0,1.0,True
4,5,0.5218428819447651,0.29820296751057296,1.7499587153656107,0.24302780302892438,0.0738336937534751,1.0,1.0,True,1.0,1.0,True,1.0,1.0,True
8,3,0.42805799571586833,0.10588217429696763,4.042776780454581,0.6066797626809152,0.3063854994649683,1.0,1.0,True,1.0,1.0,True,1.0,1.0,True
5,3,0.4026737615154727,0.052063529770581124,7.734277012759748,0.8884197228131406,0.36896541314999576,-0.2,0.0,False,-0.2,0.0,False,1.0,1.0,True
10,3,0.6423747813700618,0.022729008543633477,28.262331817448864,1.4512079909758404,0.2493907940972181,0.9555555555555556,0.9878787878787879,False,0.9555555555555556,0.9878787878787879,False,0.9111111111111111,0.9636363636363636,False
6,5,0.7389177211834944,0.0857682193928251,8.615285783077512,0.9352696882791175,0.31013130391246924,0.3333333333333333,0.37142857142857144,False,0.2,0.3142857142857143,False,0.7333333333333333,0.8285714285714285,False
5,4,0.3346107675589639,0.05435736929392435,6.155757202735129,0.7892814819210014,0.39827880201513965,0.2,0.19999999999999996,False,0.2,0.19999999999999996,False,1.0,1.0,True
8,5,0.6084023581294364,0.2725216245240983,2.232492042382511,0.3487899195401926,0.11583521489919016,1.0,1.0,True,0.9285714285714286,0.9761904761904762,False,1.0,1.0,True
4,5,0.42892181233514576,0.23146179746089982,1.8530998075643528,0.2678988109579315,0.10170690036608755,1.0,1.0,True,1.0,1.0,True,0.6666666666666666,0.8,False
5,3,0.31779273278268555,0.014359242800911763,22.131580137385463,1.3450124225331557,0.14606618615072037,0.6,0.7,False,0.6,0.7,False,1.0,1.0,True
8,5,0.6170582777011485,0.06980071160416862,8.840286345382422,0.9464663324571275,0.3558907715823994,0.6428571428571429,0.7857142857142857,False,0.5714285714285714,0.7619047619047619,False,0.9285714285714286,0.9761904761904762,False
4,3,0.49369296166472504,0.13950639367866843,3.5388554505848107,0.5488628236447293,0.09327424497067228,1.0,1.0,True,1.0,1.0,True,1.0,1.0,True
4,4,0.8203156486129329,0.03245355847976236,25.27660099582593,1.4027186729329635,0.627034687058077,0.0,-0.19999999999999996,False,0.0,-0.19999999999999996,False,1.0,1.0,True
10,5,0.4154039927847457,0.0126341799900495,32.879379039956106,1.5169236068586724,0.24055760271382312,0.8666666666666667,0.9515151515151515,False,0.7333333333333333,0.8787878787878788,False,1.0,1.0,True
4,4,0.25275569604803183,0.03659568915499121,6.906706824693102,0.8392710215019764,0.34759039327262375,0.6666666666666666,0.8,False,0.3333333333333333,0.4,False,1.0,1.0,True
4,4,0.1564752042675743,0.03324208368231831,4.707141879499491,0.6727572887155854,0.23779532004355985,1.0,1.0,True,1.0,1.0,True,1.0,1.0,True
6,3,0.11310211056011074,0.011261965664221558,10.042839227381506,1.0018565102659647,0.014291907033679257,1.0,1.0,True,0.8666666666666667,0.9428571428571428,False,0.8666666666666667,0.9428571428571428,False
10,5,0.6635613257298039,0.15438808981639462,4.298008521995727,0.63326727226572,0.3210431051859646,0.8222222222222222,0.9393939393939394,False,0.7333333333333333,0.8666666666666667,False,0.8666666666666667,0.9515151515151515,False
4,4,0.193281835239,0.022058142916593325,8.762380222173672,0.9426220944035808,0.29079666997124587,1.0,1.0,True,1.0,1.0,True,1.0,1.0,True
4,4,0.5569467492156533,0.16624898286768497,3.35007613042402,0.5250546764838231,0.10011777083021717,1.0,1.0,True,1.0,1.0,True,1.0,1.0,True
10,4,0.4766763474276284,0.06835717116098121,6.973318809493765,0.8434395209397306,0.17024660257382418,0.8666666666666667,0.9636363636363636,False,0.8666666666666667,0.9636363636363636,False,0.9111111111111111,0.9757575757575757,False
4,5,0.5087004240217192,0.016952862745819367,30.006756476404536,1.4772190537211183,0.270385357269116,0.6666666666666666,0.8,False,0.3333333333333333,0.4,False,1.0,1.0,True
10,5,0.7553231652857445,0.05214973518053183,14.48373923005524,1.1608806970364713,0.10103664621531742,0.6888888888888889,0.793939393939394,False,0.5555555555555556,0.6848484848484848,False,0.7333333333333333,0.8787878787878788,False
8,5,0.534240675084775,0.04257314047055781,12.54877298614345,1.0986012627573816,0.23467255426837577,0.8571428571428571,0.9285714285714286,False,0.8571428571428571,0.9285714285714286,False,1.0,1.0,True
4,5,0.3980843630597036,0.13274331015483287,2.9989033917594483,0.47696247539554787,0.20506593702301423,1.0,1.0,True,1.0,1.0,True,1.0,1.0,True
10,4,0.1908720501837085,0.03715204415193549,5.137592144270403,0.7107596241569836,0.17151132967428506,0.8666666666666667,0.9515151515151515,False,0.8222222222222222,0.9272727272727272,False,0.8666666666666667,0.9515151515151515,False
4,5,0.8096474270541946,0.008409897755989217,96.27315937120883,1.983505224177981,0.2565840192500054,0.6666666666666666,0.8,False,0.6666666666666666,0.8,False,1.0,1.0,True
4,3,0.37249087121670277,0.13265607480270447,2.8079443159153445,0.44838849108936224,0.20933705248095932,0.3333333333333333,0.4,False,0.6666666666666666,0.8,False,1.0,1.0,True
5,3,0.8187378431580442,0.5685989800235268,1.4399214066875876,0.15833878822484235,0.03753801889807907,1.0,1.0,True,1.0,1.0,True,0.8,0.9,False
6,5,0.16826375786802253,0.011089775192396262,15.17287365466346,1.1810678414441205,0.21379228124977334,0.7333333333333333,0.8285714285714285,False,0.8666666666666667,0.9428571428571428,False,0.8666666666666667,0.9428571428571428,False
4,4,0.9583881848057814,0.03402238034617169,28.16934544338703,1.449776755625184,0.31461549119736243,1.0,1.0,True,1.0,1.0,True,1.0,1.0,True
6,3,0.5763289441139532,0.1004748606951978,5.736051188531409,0.7586130183217962,0.2913573747248709,0.6,0.7714285714285715,False,0.7333333333333333,0.8285714285714285,False,0.8666666666666667,0.9428571428571428,False
5,5,0.5305454938294183,0.046347324386058174,11.447165523487383,1.0586979626670037,0.3967506054878128,0.6,0.8,False,0.6,0.8,False,1.0,1.0,True
5,5,0.6000312972205213,0.02910553146563953,20.615713473855344,1.3141983695713564,0.08237869061581493,0.8,0.9,False,1.0,1.0,True,1.0,1.0,True
4,4,0.7534918353124643,0.02960419271792309,25.452200047016653,1.4057253280080821,0.16579303572674725,0.6666666666666666,0.8,False,0.6666666666666666,0.8,False,1.0,1.0,True
6,3,0.16649107274657127,0.1031874277788621,1.613482149218409,0.20776416494362543,0.03514838135592866,1.0,1.0,True,1.0,1.0,True,1.0,1.0,True
5,5,0.9788979536193827,0.35960964882189383,2.7221125929840824,0.43490608468083364,0.148383994659168,0.8,0.9,False,0.6,0.8,False,1.0,1.0,True
10,3,0.41543261605225273,0.05721623136452152,7.260747625936655,0.8609813415130254,0.2651668940663594,0.6888888888888889,0.8303030303030303,False,0.6444444444444445,0.7575757575757576,False,0.9555555555555556,0.9878787878787879,False
10,5,0.24750385823170967,0.04462146518170864,5.546744312816076,0.7440381467527478,0.23708576973324652,0.7333333333333333,0.9151515151515152,False,0.6888888888888889,0.8666666666666667,False,0.9555555555555556,0.9878787878787879,False
5,3,0.3427389734310041,0.09370458133737884,3.657654391446788,0.5632026669745835,0.13833883231425556,0.8,0.9,False,0.6,0.8,False,1.0,1.0,True
4,5,0.5021176596504412,0.06888010897206887,7.289733816285946,0.8627116703990777,0.1790807983335817,1.0,1.0,True,1.0,1.0,True,0.6666666666666666,0.8,False
4,4,0.702859324215161,0.37559988402150274,1.871298033129988,0.2721429611162777,0.10685675811632209,1.0,1.0,True,1.0,1.0,True,1.0,1.0,True
10,4,0.5271525057443428,0.03079647093939181,17.117302393663035,1.2334353229662827,0.37707688686172847,0.6,0.793939393939394,False,0.6,0.7696969696969697,False,0.9555555555555556,0.9878787878787879,False
6,5,0.6742774600534335,0.08805294092631893,7.6576370187339755,0.8840947764153001,0.2584639467530462,1.0,1.0,True,0.8666666666666667,0.9428571428571428,False,0.8666666666666667,0.9428571428571428,False
10,5,0.1769316575365056,0.10638147756112272,1.663181049851317,0.2209395280358408,0.08294784313655656,0.8222222222222222,0.9393939393939394,False,0.9111111111111111,0.9757575757575757,False,0.9111111111111111,0.9757575757575757,False
8,5,0.8636659973978981,0.013704121722236541,63.022353043863916,1.7994946142440125,0.38235299019785507,0.5,0.6904761904761905,False,0.35714285714285715,0.40476190476190477,False,0.9285714285714286,0.9761904761904762,False
8,4,0.2933935843713687,0.02529514682993517,11.598809302524291,1.064413408202347,0.36985542880016775,0.7142857142857143,0.8333333333333334,False,0.6428571428571429,0.7380952380952381,False,0.9285714285714286,0.9761904761904762,False
4,5,0.07132075705707488,0.0072360228647997205,9.856347662217145,0.9937160139274475,0.33819771325303916,1.0,1.0,True,0.6666666666666666,0.8,False,1.0,1.0,True
4,5,0.9890809083654942,0.059266595486320975,16.68867429000693,1.222421838692305,0.20560055295264776,1.0,1.0,True,0.6666666666666666,0.8,False,0.6666666666666666,0.8,False
8,5,0.6456947670255075,0.06215511251119488,10.38844176975501,1.016550409775846,0.22343687791057487,0.7142857142857143,0.8809523809523809,False,0.7142857142857143,0.8809523809523809,False,1.0,1.0,True
5,4,0.7613780967554712,0.34488731523396393,2.2076140905233395,0.3439231573704882,0.0732909437417564,1.0,1.0,True,1.0,1.0,True,1.0,1.0,True
4,3,0.30921645997472824,0.08287954216561748,3.7309141905380305,0.5718152605647147,0.1857112272251405,0.3333333333333333,0.4,False,0.3333333333333333,0.4,False,0.3333333333333333,0.4,False
4,4,0.3589043864196674,0.18463341058518973,1.9438756251113352,0.28866847403890417,0.1202535192257742,1.0,1.0,True,1.0,1.0,True,1.0,1.0,True
4,4,0.8700373531258268,0.6200914726645788,1.4030790479762754,0.1470821394052831,0.05756227353950013,1.0,1.0,True,1.0,1.0,True,1.0,1.0,True
6,3,0.21510291297902828,0.0914016509590776,2.3533810463990514,0.371692251421843,0.19167025463395196,1.0,1.0,True,1.0,1.0,True,1.0,1.0,True
5,3,0.6838715800588671,0.3874686807341863,1.7649725360028674,0.24673795190219586,0.08368540039876705,1.0,1.0,True,1.0,1.0,True,0.8,0.9,False
10,5,0.2873054483008331,0.02547262342326405,11.278989349293296,1.0522701865543165,0.2717955119691357,0.6444444444444445,0.8181818181818181,False,0.6888888888888889,0.8303030303030303,False,0.7333333333333333,0.8787878787878788,False
8,3,0.27164332345915815,0.10916789638745616,2.488307757553188,0.3959040935193039,0.09235749713344268,1.0,1.0,True,1.0,1.0,True,1.0,1.0,True
6,4,0.6572332818267813,0.12823941381389958,5.125049017889539,0.7096980235028431,0.2086033333296226,0.8666666666666667,0.9428571428571428,False,0.8666666666666667,0.9428571428571428,False,0.8666666666666667,0.9428571428571428,False
10,3,0.5521296434257454,0.15779456742969036,3.49904088851641,0.5439490175195726,0.06603499569330931,1.0,1.0,True,0.9555555555555556,0.9878787878787879,False,0.9111111111111111,0.9757575757575757,False
10,4,0.2829149069994462,0.10711411961628443,2.6412475592414215,0.42180910873203203,0.11341394066203851,0.6888888888888889,0.8666666666666667,False,0.7333333333333333,0.8787878787878788,False,0.8666666666666667,0.9515151515151515,False
10,3,0.49519266722009736,0.19080978913654595,2.5952162593876977,0.4141735534543958,0.11979596726968753,0.8222222222222222,0.9393939393939394,False,0.9111111111111111,0.9757575757575757,False,1.0,1.0,True
6,3,0.06685640737290655,0.012467472250330338,5.3624669078988845,0.7293646251440621,0.25889858436416324,0.4666666666666667,0.6,False,0.3333333333333333,0.48571428571428577,False,1.0,1.0,True
6,5,0.2935605072988901,0.10017227302729476,2.9305565145354215,0.4669501009826844,0.08620246072380146,1.0,1.0,True,0.8666666666666667,0.9428571428571428,False,0.8666666666666667,0.9428571428571428,False
5,4,0.10830001364821636,0.02030905024023079,5.332598637643287,0.7269388973869135,0.24799520220835933,0.6,0.8,False,0.6,0.8,False,0.8,0.9,False
8,5,0.39557290617982926,0.20770783160324402,1.9044679400126512,0.279773666105503,0.0787531579306696,0.9285714285714286,0.9761904761904762,False,0.8571428571428571,0.9523809523809523,False,0.8571428571428571,0.9523809523809523,False
5,4,0.599158662566885,0.3997046494198336,1.4990034852860918,0.17580264261396183,0.08826888773432119,0.6,0.7,False,0.6,0.7,False,0.8,0.9,False
5,5,0.14112684991405972,0.004651186995756093,30.342114821976992,1.482045847495743,0.23069495024728998,0.6,0.8,False,0.6,0.8,False,0.6,0.8,False
6,5,0.966422671192319,0.14791601958464412,6.533590302791749,0.8151518979974964,0.11832450246676815,0.6,0.7714285714285715,False,0.7333333333333333,0.8285714285714285,False,0.8666666666666667,0.9428571428571428,False
8,5,0.24432076675709455,0.008309564267365553,29.402355992024972,1.4683821315461982,0.3160834749735958,0.7142857142857143,0.8809523809523809,False,0.7142857142857143,0.8333333333333334,False,0.9285714285714286,0.9761904761904762,False
8,4,0.24167709506142415,0.10666789232729376,2.265696732036385,0.35520177824697086,0.05956947395591684,1.0,1.0,True,0.8571428571428571,0.9285714285714286,False,0.9285714285714286,0.9761904761904762,False
10,5,0.2026936351787807,0.04787406747413226,4.2338920812205485,0.6267397839791592,0.25015875679339084,0.7333333333333333,0.793939393939394,False,0.8222222222222222,0.9030303030303031,False,0.9555555555555556,0.9878787878787879,False
5,4,0.5305766129537072,0.23873035738136966,2.2224932713684717,0.34684045481122006,0.1395337757501218,1.0,1.0,True,1.0,1.0,True,1.0,1.0,True
10,5,0.3637938295275489,0.009843521939622771,36.95768970923152,1.5677048148778263,0.18773436319280634,0.8222222222222222,0.9393939393939394,False,0.8666666666666667,0.9515151515151515,False,0.9111111111111111,0.9636363636363636,False
6,3,0.8452879340419892,0.34521111231806495,2.4486115999091105,0.3889199025630178,0.177667929878441,0.8666666666666667,0.9428571428571428,False,0.8666666666666667,0.9428571428571428,False,0.7333333333333333,0.8285714285714285,False
6,4,0.14194362765845847,0.03735272479240212,3.8000876360037594,0.5797936122468064,0.11157158712883156,1.0,1.0,True,0.7333333333333333,0.8285714285714285,False,1.0,1.0,True
10,5,0.6776748628017527,0.32120245254344193,2.1098060037632775,0.32424252384344915,0.04641781447105555,0.9555555555555556,0.9878787878787879,False,0.8666666666666667,0.9272727272727272,False,0.8666666666666667,0.9272727272727272,False
4,4,0.8527658476563406,0.15827029045176677,5.388034894084148,0.7314303996454404,0.33632611016896735,0.0,-0.19999999999999996,False,0.0,-0.19999999999999996,False,0.6666666666666666,0.8,False
10,5,0.47773997867320606,0.11416414271784843,4.184676267834239,0.621661866025485,0.2148861585353683,0.5555555555555556,0.7696969696969697,False,0.4222222222222222,0.5272727272727273,False,0.8666666666666667,0.9515151515151515,False
5,3,0.2547204068775009,0.010784815094445926,23.618430601101448,1.3732510362103527,0.0388990846951299,1.0,1.0,True,1.0,1.0,True,1.0,1.0,True
5,3,0.6140776818101885,0.16037489383624207,3.82901380083463,0.5830869316690571,0.20243154460026602,1.0,1.0,True,1.0,1.0,True,0.8,0.9,False
5,5,0.5853050352907054,0.29823608750871866,1.9625560413497312,0.2928220669976456,0.12341116217238725,0.8,0.9,False,0.6,0.7,False,0.8,0.9,False
4,5,0.14055274763964293,0.0051189304821688455,27.457444109034768,1.4386601082465538,0.5600377293118932,0.3333333333333333,0.4,False,0.3333333333333333,0.4,False,0.6666666666666666,0.8,False
4,3,0.9074480184202584,0.28521149997710166,3.1816670032236836,0.5026547239497343,0.03722909898748851,1.0,1.0,True,0.6666666666666666,0.8,False,0.6666666666666666,0.8,False
6,4,0.7115070647529722,0.21017824915940103,3.3852554562388315,0.5295914467431185,0.19486435518875359,1.0,1.0,True,1.0,1.0,True,0.8666666666666667,0.9428571428571428,False
5,5,0.15069986585674366,0.015261081902649522,9.874782588035611,0.994527542591576,0.3992330103887771,0.8,0.9,False,0.8,0.9,False,1.0,1.0,True
6,3,0.16900246568594623,0.03485890816245247,4.848185860942583,0.6855792606703024,0.06196851185147291,0.8666666666666667,0.9428571428571428,False,1.0,1.0,True,1.0,1.0,True
10,5,0.3963597384911816,0.03821430113602105,10.372026353955702,1.0158636115839121,0.3348193963493976,0.6888888888888889,0.8545454545454545,False,0.6444444444444445,0.793939393939394,False,0.9111111111111111,0.9757575757575757,False
10,4,0.45105947431002513,0.1314034977170766,3.4326291319715367,0.535626883927089,0.2654354005797748,0.9111111111111111,0.9757575757575757,False,0.8222222222222222,0.9151515151515152,False,0.9555555555555556,0.9878787878787879,False
4,4,0.1082965976945522,0.057155361310501876,1.8947758392135075,0.27755783828773734,0.05359634360607216,1.0,1.0,True,1.0,1.0,True,1.0,1.0,True
5,3,0.8797842070076676,0.6144892798357159,1.4317323928603714,0.1558618509572884,0.06746606145806933,1.0,1.0,True,0.8,0.9,False,0.8,0.9,False
4,5,0.16007967822525895,0.001566250483309099,102.20566877964794,2.0094749843646866,0.41111970924565167,0.6666666666666666,0.8,False,0.6666666666666666,0.8,False,1.0,1.0,True
6,3,0.3338109591653053,0.184589553060402,1.808395727868013,0.2572934723914872,0.08710963875990593,1.0,1.0,True,1.0,1.0,True,1.0,1.0,True
8,4,0.3074472321778227,0.010826764730367302,28.39696250968552,1.453271888081109,0.2687539394052437,0.7857142857142857,0.9047619047619048,False,0.7857142857142857,0.9047619047619048,False,0.9285714285714286,0.9761904761904762,False
10,3,0.35906619974355236,0.21549499523036345,1.6662391595593462,0.22173733694022194,0.08150263512078204,0.9555555555555556,0.9878787878787879,False,0.9555555555555556,0.9878787878787879,False,1.0,1.0,True
5,5,0.7404529240794444,0.19302080700564872,3.8361300813229895,0.5838933254649781,0.25533663326161815,1.0,1.0,True,1.0,1.0,True,1.0,1.0,True
4,4,0.6819325506399062,0.2470073350360471,2.7607785434291956,0.4410315709913006,0.17254634011203335,0.6666666666666666,0.8,False,0.6666666666666666,0.8,False,1.0,1.0,True
5,4,0.37577013597292097,0.2839249636516837,1.3234839625887513,0.12171868307491267,0.06505549895673102,1.0,1.0,True,0.8,0.9,False,1.0,1.0,True
8,3,0.1583330183994292,0.11366761723639354,1.3929474572230407,0.14393473489599112,0.060211508157340485,0.9285714285714286,0.9761904761904762,False,1.0,1.0,True,1.0,1.0,True
4,3,0.25811949284688,0.15567459825015872,1.6580707176802285,0.21960304952145512,0.0755971298195021,1.0,1.0,True,1.0,1.0,True,1.0,1.0,True
5,4,0.47709713145790394,0.35204734879982674,1.3552072841424097,0.13200572729474283,0.017433575463525728,1.0,1.0,True,1.0,1.0,True,1.0,1.0,True
6,3,0.2678424378490281,0.1674481229837742,1.5995547341750889,0.2039991055289159,0.02199984089951411,0.8666666666666667,0.9428571428571428,False,0.8666666666666667,0.9428571428571428,False,1.0,1.0,True
8,5,0.10258240767732606,0.026655973008699634,3.8483835364028223,0.5852783480442753,0.27665261049295886,0.7857142857142857,0.9047619047619048,False,0.8571428571428571,0.9285714285714286,False,0.7857142857142857,0.9047619047619048,False
5,3,0.6810762816373307,0.2852535832906222,2.3876169188768737,0.3779646476818719,0.19584666026958206,0.6,0.7,False,0.6,0.7,False,1.0,1.0,True
6,5,0.4644119606936778,0.030410500817017218,15.271434149434628,1.1838798238238726,0.320013298362752,0.7333333333333333,0.8857142857142857,False,0.6,0.7714285714285715,False,0.8666666666666667,0.9428571428571428,False
10,4,0.9143030785287437,0.5226948989896306,1.749209874238954,0.2428419202594801,0.10066823073830679,0.9555555555555556,0.9878787878787879,False,0.9555555555555556,0.9878787878787879,False,1.0,1.0,True
6,3,0.6706624768410269,0.41235163773959826,1.6264334016369946,0.21123628471365027,0.09304354773559015,0.8666666666666667,0.9428571428571428,False,0.8666666666666667,0.9428571428571428,False,0.8666666666666667,0.9428571428571428,False
4,5,0.556490258258395,0.2266121470520016,2.4556947431782605,0.3901743805503231,0.11005448617655102,0.6666666666666666,0.8,False,1.0,1.0,True,1.0,1.0,True
6,3,0.42285046631862216,0.12061642219176785,3.505745392139282,0.5447803718820894,0.14593311949577212,0.8666666666666667,0.9428571428571428,False,0.8666666666666667,0.9428571428571428,False,1.0,1.0,True
10,4,0.3413330736695831,0.23798906814243864,1.4342384561288246,0.15662136302738972,0.06965436160232802,1.0,1.0,True,0.7333333333333333,0.8666666666666667,False,0.7777777777777778,0.9151515151515152,False
10,3,0.5633224097352375,0.015243599254774493,36.954685063755065,1.567669505473813,0.13277950310715597,0.8666666666666667,0.9272727272727272,False,0.7333333333333333,0.8787878787878788,False,0.9111111111111111,0.9757575757575757,False
4,3,0.1439739457750081,0.01026587726158544,14.024514621826732,1.146887839574544,0.36755452813435185,0.0,0.0,False,0.3333333333333333,0.6,False,1.0,1.0,True
5,4,0.7242444370461709,0.34876300262089244,2.076609134574267,0.31735476005361335,0.16896489231874787,1.0,1.0,True,1.0,1.0,True,0.8,0.9,False
8,3,0.21468828269397827,0.09524989815078398,2.2539476352180987,0.35294382209163294,0.09223113562745257,0.7857142857142857,0.9047619047619048,False,0.7857142857142857,0.9047619047619048,False,0.9285714285714286,0.9761904761904762,False
4,3,0.4009392869324934,0.11244578322347067,3.5656231424180276,0.5521354398440586,0.2079934387864647,0.6666666666666666,0.8,False,0.3333333333333333,0.4,False,0.6666666666666666,0.8,False
5,5,0.28168940232335865,0.01176017799249895,23.95281793175895,1.3793566133757473,0.1052018585891142,0.8,0.9,False,1.0,1.0,True,1.0,1.0,True
4,4,0.5407554038393252,0.24229490369932574,2.2318067593701443,0.34865658857541326,0.08749244736020705,0.6666666666666666,0.8,False,1.0,1.0,True,1.0,1.0,True
4,3,0.11623365808261922,0.013475427742758573,8.62560063345338,0.9357893463786087,0.46356101101022057,-0.3333333333333333,-0.3999999999999999,False,-0.3333333333333333,-0.3999999999999999,False,0.6666666666666666,0.8,False
8,5,0.15717771744905296,0.002367403761283934,66.39244219896693,1.822118644155694,0.28939742002348945,0.5714285714285714,0.8095238095238095,False,0.5714285714285714,0.8095238095238095,False,1.0,1.0,True
4,5,0.7709214604246813,0.4746630881990556,1.624144534490877,0.21062467499058676,0.07439584802469877,1.0,1.0,True,0.6666666666666666,0.8,False,0.3333333333333333,0.4,False
4,3,0.5265254073880279,0.3794829051401704,1.3874812284156954,0.1422271161546218,0.07461309306041383,1.0,1.0,True,1.0,1.0,True,1.0,1.0,True
10,5,0.2069776828040935,0.06089691491387078,3.398820500076768,0.531328229047713,0.2617643815883467,0.5111111111111111,0.6,False,0.6444444444444445,0.7575757575757576,False,0.8222222222222222,0.9272727272727272,False
5,3,0.7054112791220041,0.1298624611200878,5.431987604672428,0.7349587702509969,0.3001061587233657,0.8,0.9,False,0.8,0.9,False,1.0,1.0,True
4,3,0.6767579018763139,0.556227991896619,1.2166915576605501,0.08518049459493549,0.022774566609485986,1.0,1.0,True,1.0,1.0,True,1.0,1.0,True
8,3,0.07489289509320808,0.03933070365715032,1.9041839613181792,0.27970890283313743,0.10946473791485009,0.7142857142857143,0.8809523809523809,False,0.5714285714285714,0.7142857142857143,False,0.7142857142857143,0.8809523809523809,False
10,5,0.12839385557112415,0.01171464148893091,10.960118214584934,1.039815238424358,0.26610875271395273,0.37777777777777777,0.6,False,0.2,0.3939393939393939,False,0.9111111111111111,0.9636363636363636,False
6,3,0.06401266199694218,0.03504996421156737,1.8263260301415676,0.26157830904290325,0.09424253926304878,1.0,1.0,True,1.0,1.0,True,0.7333333333333333,0.8285714285714285,False
4,5,0.6403817709951326,0.047626735384624266,13.445846451789903,1.1285881474124493,0.23844917843022911,1.0,1.0,True,1.0,1.0,True,1.0,1.0,True
5,4,0.40451526381170094,0.12693157646807582,3.1868765445472307,0.5033652397961699,0.24670947455379755,0.6,0.8,False,0.6,0.8,False,1.0,1.0,True
4,5,0.1936893159538088,0.03854932855748982,5.02445368561814,0.7010888473423174,0.17650354691137718,0.6666666666666666,0.8,False,0.6666666666666666,0.8,False,1.0,1.0,True
8,3,0.19279219062732095,0.008888468270871645,21.690147810667124,1.3362625115871933,0.1867941173608361,0.9285714285714286,0.9761904761904762,False,0.9285714285714286,0.9761904761904762,False,0.9285714285714286,0.9761904761904762,False
4,3,0.6761831094019713,0.15372973895373954,4.3985185560033395,0.6433064284661411,0.16289600278906544,1.0,1.0,True,1.0,1.0,True,1.0,1.0,True
10,5,0.8405794866426242,0.5772220612835438,1.4562497572805995,0.16323586598437395,0.07129200427815134,0.8666666666666667,0.9515151515151515,False,0.8666666666666667,0.9515151515151515,False,1.0,1.0,True
5,3,0.1906415110013083,0.014718317259295005,12.952670310728658,1.1123593114029644,0.5108319258276502,0.8,0.9,False,0.8,0.9,False,1.0,1.0,True
10,4,0.43106672500926885,0.008181175280862265,52.69007326672825,1.7217288024694226,0.3744408488483112,0.7333333333333333,0.9030303030303031,False,0.6444444444444445,0.8424242424242424,False,0.9555555555555556,0.9878787878787879,False
4,5,0.2687934927882223,0.033565602285578165,8.008004459246793,0.9035243063076429,0.20948312519646473,0.6666666666666666,0.8,False,0.6666666666666666,0.8,False,1.0,1.0,True
4,3,0.07870909150284353,0.012570422502223996,6.261451552854061,0.7966750246350417,0.29922009385151,0.0,0.0,False,0.0,0.0,False,0.3333333333333333,0.6,False
8,4,0.7047147046990292,0.14192047901722224,4.965560358688935,0.6959682653096407,0.23998228908460814,0.7142857142857143,0.8333333333333334,False,0.8571428571428571,0.9523809523809523,False,1.0,1.0,True
10,3,0.14086891171360333,0.02585501463937429,5.448417402697091,0.7362703714348581,0.146301383768024,0.9555555555555556,0.9878787878787879,False,0.8222222222222222,0.9393939393939394,False,0.9111111111111111,0.9757575757575757,False
4,4,0.23477954293533043,0.012783777637403272,18.36542762055231,1.2640010449102332,0.3469978296108278,1.0,1.0,True,1.0,1.0,True,1.0,1.0,True
5,4,0.34200251185698527,0.13980939560713052,2.4462054954845707,0.38849293749434977,0.11187530631553656,0.8,0.9,False,0.6,0.7,False,1.0,1.0,True
5,4,0.3461457401524591,0.029499669331825476,11.733885429261022,1.0694418434096598,0.45114481429391967,0.4,0.6,False,0.4,0.6,False,1.0,1.0,True
4,4,0.4118222385731562,0.043243079230396574,9.523425387204002,0.9787931835939365,0.3343315132862659,0.0,0.19999999999999996,False,0.3333333333333333,0.4,False,1.0,1.0,True
4,5,0.49193704651852843,0.05599028735106505,8.786113981256156,0.9437968330187051,0.18382439058522348,1.0,1.0,True,1.0,1.0,True,1.0,1.0,True
8,4,0.2702776606296141,0.09165730678728949,2.9487846643138096,0.46964305925413335,0.054908280036453094,0.9285714285714286,0.9761904761904762,False,0.7142857142857143,0.8809523809523809,False,0.7857142857142857,0.9047619047619048,False
5,4,0.36474139249521,0.052634289162536894,6.929729617169209,0.8407162897254818,0.3872172006928669,0.4,0.4,False,0.4,0.4,False,0.6,0.7,False
4,3,0.5759677150684936,0.0053590085423728265,107.47654354474939,2.031313691036344,0.586118264827067,0.6666666666666666,0.8,False,0.6666666666666666,0.8,False,0.6666666666666666,0.8,False
10,3,0.09703603866062717,0.04310010249121851,2.25141085634649,0.3524547559344169,0.11438438127540676,0.8222222222222222,0.9393939393939394,False,0.8222222222222222,0.9393939393939394,False,0.8666666666666667,0.9515151515151515,False
4,3,0.7289018059497245,0.19789622464636522,3.6832527111043554,0.5662315171913221,0.10535945938014503,1.0,1.0,True,1.0,1.0,True,1.0,1.0,True
8,3,0.6538592864195372,0.1688176093324877,3.8731699198978857,0.5880665503440112,0.21529353560695605,0.7857142857142857,0.9047619047619048,False,0.7857142857142857,0.9285714285714286,False,0.8571428571428571,0.9523809523809523,False
8,4,0.6815419582490425,0.2985537317016766,2.2828117215690202,0.3584700938575037,0.046442687104442625,1.0,1.0,True,1.0,1.0,True,1.0,1.0,True
6,4,0.7420224892090431,0.031648468101862635,23.445763213478457,1.3700643745885073,0.44290054058584327,0.6,0.7714285714285715,False,0.4666666666666667,0.5428571428571429,False,0.8666666666666667,0.9428571428571428,False
6,3,0.7326058748034419,0.03413328141694006,21.46309538286561,1.331692355596195,0.5925235687513988,0.2,0.3142857142857143,False,-0.2,-0.2571428571428571,False,0.8666666666666667,0.9428571428571428,False
10,4,0.5067346597855735,0.28172878433669896,1.7986612939704718,0.25494938902160785,0.11179585399334932,0.7333333333333333,0.9030303030303031,False,0.7777777777777778,0.9151515151515152,False,0.7777777777777778,0.8666666666666667,False
6,3,0.30672890602413766,0.2850317447633235,1.0761219115356935,0.03186147440479182,0.0164343368331806,1.0,1.0,True,1.0,1.0,True,1.0,1.0,True
10,5,0.21780723277377792,0.031970532771099444,6.812749550544163,0.8333224237528551,0.2171837016285817,0.8222222222222222,0.9272727272727272,False,0.7777777777777778,0.9030303030303031,False,0.8222222222222222,0.9272727272727272,False
5,5,0.2955802644344363,0.05897089067696247,5.0123079545904705,0.700037746055287,0.06840415643832551,0.8,0.9,False,1.0,1.0,True,0.8,0.9,False
6,3,0.4193960400921309,0.0864553073731481,4.851015545837257,0.6858326663928166,0.29447649547789145,0.7333333333333333,0.8285714285714285,False,0.7333333333333333,0.8285714285714285,False,0.8666666666666667,0.9428571428571428,False
6,4,0.33936532888295307,0.08156277412889533,4.160786982827316,0.6191754820628943,0.2154933503310418,1.0,1.0,True,1.0,1.0,True,0.8666666666666667,0.9428571428571428,False
8,3,0.2945597484402829,0.05449384077206039,5.405376906116363,0.7328259818304156,0.2121339431551701,0.8571428571428571,0.9285714285714286,False,0.8571428571428571,0.9285714285714286,False,0.9285714285714286,0.9761904761904762,False
6,4,0.4737074470955825,0.09694078567559221,4.886564966328369,0.689003677040697,0.28933031546168597,0.8666666666666667,0.9428571428571428,False,0.8666666666666667,0.9428571428571428,False,0.8666666666666667,0.9428571428571428,False
6,5,0.28358116330957384,0.06437057363079025,4.405447199083581,0.6439900004294499,0.19144632250500732,0.8666666666666667,0.9428571428571428,False,0.7333333333333333,0.8285714285714285,False,0.8666666666666667,0.9428571428571428,False
4,4,0.5047436182488723,0.06338641301881374,7.962962316405191,0.9010746604938038,0.24486193663458813,0.6666666666666666,0.8,False,0.6666666666666666,0.8,False,1.0,1.0,True
6,5,0.49830318287012615,0.024776321618409355,20.112072749320618,1.303456831273235,0.20755326914206237,0.7333333333333333,0.8857142857142857,False,0.8666666666666667,0.9428571428571428,False,0.8666666666666667,0.9428571428571428,False
10,4,0.47501211828999157,0.02986726479489657,15.904105097539865,1.201509236968405,0.1296896858585971,0.8222222222222222,0.9151515151515152,False,0.7333333333333333,0.8545454545454545,False,0.7777777777777778,0.9030303030303031,False
8,4,0.2747827263320166,0.06462049153015666,4.252253732850834,0.6286191710651013,0.23922915165198136,0.7857142857142857,0.9285714285714286,False,0.8571428571428571,0.9523809523809523,False,0.9285714285714286,0.9761904761904762,False
4,4,0.4042990316148237,0.01721368197481358,23.48707453657457,1.3708289260264532,0.08413202747087725,1.0,1.0,True,0.6666666666666666,0.8,False,0.6666666666666666,0.8,False
4,3,0.7930556462974551,0.07724976981608046,10.266123098817374,1.0114064674852925,0.24101741214284356,1.0,1.0,True,1.0,1.0,True,0.0,0.19999999999999996,False
5,4,0.07230503917908418,0.01601255644984812,4.515521266140765,0.6547078919565785,0.11649924754282442,1.0,1.0,True,1.0,1.0,True,1.0,1.0,True
6,3,0.6748525048457092,0.15497370056935225,4.35462599371402,0.6389508606430454,0.3356156101994593,0.8666666666666667,0.9428571428571428,False,0.7333333333333333,0.8285714285714285,False,1.0,1.0,True
6,3,0.4119671754829877,0.1483022529026557,2.777888854801292,0.4437148653353158,0.21490470815085677,0.7333333333333333,0.8857142857142857,False,0.8666666666666667,0.9428571428571428,False,0.8666666666666667,0.9428571428571428,False
10,5,0.12888844868897847,0.03822464213678511,3.3718680275510566,0.5278705683168932,0.20869857335549524,0.6888888888888889,0.806060606060606,False,0.6444444444444445,0.793939393939394,False,0.7333333333333333,0.8787878787878788,False
5,4,0.3736233598535777,0.027376671454388848,13.647508626547562,1.1350533774942708,0.47060841352304683,0.6,0.7,False,0.4,0.6,False,1.0,1.0,True
8,3,0.14793138846308368,0.06500678945739394,2.275629817986376,0.3571016157716447,0.08819272345573818,1.0,1.0,True,1.0,1.0,True,1.0,1.0,True
10,4,0.48193778076907484,0.03561265659685998,13.532766909560891,1.131386601527468,0.08060223882404155,0.9555555555555556,0.9878787878787879,False,0.9111111111111111,0.9636363636363636,False,1.0,1.0,True
6,5,0.26510628888144455,0.07418746094501721,3.5734649157807157,0.5530895225620958,0.24561731976697573,0.6,0.6571428571428571,False,0.6,0.6571428571428571,False,1.0,1.0,True
4,5,0.045445495337625534,0.0037432687798483614,12.140591017705633,1.0842398292005675,0.351365367596699,0.3333333333333333,0.6,False,0.3333333333333333,0.6,False,1.0,1.0,True
4,4,0.07045570796479324,0.006095310782515576,11.559001742017276,1.0629203291836915,0.3461351194159469,0.3333333333333333,0.4,False,0.0,0.0,False,1.0,1.0,True
5,4,0.7724486621951532,0.4261670772973831,1.8125488883185579,0.25828972925166105,0.0610786198319717,1.0,1.0,True,1.0,1.0,True,1.0,1.0,True
8,5,0.03498633727472545,0.01147241266279869,3.0496058937214814,0.48424371828412555,0.09641650202736698,0.9285714285714286,0.9761904761904762,False,0.7857142857142857,0.8571428571428572,False,0.7142857142857143,0.8333333333333334,False
8,3,0.4536121937230355,0.017973432155033116,25.237928392589847,1.402053703797514,0.5710013122296969,0.2857142857142857,0.30952380952380953,False,0.2857142857142857,0.30952380952380953,False,0.8571428571428571,0.9523809523809523,False
8,3,0.1496333278629676,0.1237523760697049,1.2091349888706444,0.08247478857710694,0.031003170751751713,1.0,1.0,True,0.8571428571428571,0.9523809523809523,False,0.8571428571428571,0.9523809523809523,False
5,4,0.2802696248800851,0.07654667012705385,3.6614215146292577,0.5636497291382397,0.16708106537842146,1.0,1.0,True,1.0,1.0,True,1.0,1.0,True
6,5,0.10617503114995609,0.009416498812241676,11.275425532964604,1.0521329410716003,0.1841298160041233,0.7333333333333333,0.8857142857142857,False,0.6,0.8285714285714285,False,0.8666666666666667,0.9428571428571428,False
6,4,0.2396853094193253,0.00973113771445597,24.63075915970576,1.391477797701471,0.2876993947534981,0.2,0.4285714285714286,False,0.2,0.4285714285714286,False,1.0,1.0,True
10,3,0.4497788231617258,0.08277062342313066,5.434039331285245,0.7351227774934161,0.018819617038164253,1.0,1.0,True,0.9111111111111111,0.9636363636363636,False,0.9111111111111111,0.9636363636363636,False
5,3,0.6600407912380066,0.11240660428560957,5.871904016912233,0.7687789479185615,0.32509706786318326,0.2,0.5,False,0.2,0.5,False,1.0,1.0,True
6,5,0.724332866138081,0.052588916845353884,13.773488970201157,1.139043965571119,0.2987227313459441,0.8666666666666667,0.9428571428571428,False,0.8666666666666667,0.9428571428571428,False,1.0,1.0,True
8,3,0.42561884446516063,0.194108214672643,2.1926884711229757,0.34097693314450417,0.10230066849311711,1.0,1.0,True,1.0,1.0,True,1.0,1.0,True
5,4,0.6713462802408199,0.03680602835692415,18.24011745337588,1.2610276305488006,0.16241428187215798,1.0,1.0,True,1.0,1.0,True,1.0,1.0,True
10,5,0.18652938546187328,0.0558606483461725,3.339191201337262,0.5236412873707231,0.2653011531969099,0.5555555555555556,0.7090909090909091,False,0.3333333333333333,0.503030303030303,False,0.7777777777777778,0.8666666666666667,False
8,4,0.746292481844934,0.055455662318068914,13.45746224345994,1.1289631700236715,0.30961763560023337,0.07142857142857142,0.23809523809523814,False,0.07142857142857142,0.23809523809523814,False,0.8571428571428571,0.9523809523809523,False
10,4,0.36853593044653815,0.14134938636527364,2.6072694047044824,0.41618590839563674,0.11263138235177388,0.9555555555555556,0.9878787878787879,False,0.9555555555555556,0.9878787878787879,False,1.0,1.0,True
10,3,0.2500973406628536,0.16217750529196084,1.5421210248059527,0.1881184582434005,0.0955998175781886,0.9111111111111111,0.9757575757575757,False,0.7777777777777778,0.9272727272727272,False,0.8666666666666667,0.9515151515151515,False
8,5,0.7199028243078199,0.07694724500914103,9.355797263604986,0.9710808022508816,0.20465243471923875,0.8571428571428571,0.9523809523809523,False,0.8571428571428571,0.9285714285714286,False,0.7857142857142857,0.8571428571428572,False
4,3,0.8375271306413369,0.5263070005734087,1.5913281216614337,0.2017597376192422,0.0911240638617566,1.0,1.0,True,0.6666666666666666,0.8,False,1.0,1.0,True
10,5,0.3316064462816587,0.03399570005064548,9.754364398376557,0.9891989757017328,0.31764905427962103,0.6888888888888889,0.8303030303030303,False,0.6888888888888889,0.8303030303030303,False,1.0,1.0,True
5,3,0.5297071983997423,0.22571533779908343,2.3467931048128645,0.3704748035317988,0.18695222754647456,0.4,0.6,False,0.4,0.6,False,1.0,1.0,True
8,4,0.08817779910952525,0.002642797981897363,33.3653195136973,1.5232952881069524,0.4704577838047275,0.42857142857142855,0.5,False,0.42857142857142855,0.5,False,0.8571428571428571,0.9523809523809523,False
6,3,0.3904682427513904,0.24872037834641983,1.5699085267793098,0.19587434828673456,0.039736539448570266,0.8666666666666667,0.9428571428571428,False,0.8666666666666667,0.9428571428571428,False,1.0,1.0,True
8,5,0.5585981191663438,0.1292037620012387,4.323388967239708,0.6358243099557256,0.09991880620967039,0.8571428571428571,0.9523809523809523,False,0.8571428571428571,0.9523809523809523,False,1.0,1.0,True
6,4,0.5422319223624286,0.11489202748753152,4.719491284254287,0.6738951883908699,0.08432678897080638,0.8666666666666667,0.9428571428571428,False,0.8666666666666667,0.9428571428571428,False,1.0,1.0,True
8,5,0.14952812985717703,0.034382518899011595,4.348957977512422,0.638385211247161,0.23520470342065433,0.9285714285714286,0.9761904761904762,False,0.9285714285714286,0.9761904761904762,False,0.9285714285714286,0.9761904761904762,False
4,3,0.4599303456822931,0.08665213856268722,5.307778357302231,0.7249127792620387,0.29085282202818785,1.0,1.0,True,1.0,1.0,True,1.0,1.0,True
8,3,0.5217104119012355,0.052074692704655735,10.018501978497003,1.0008027882867725,0.4091507560762598,0.42857142857142855,0.5952380952380952,False,0.42857142857142855,0.5952380952380952,False,0.9285714285714286,0.9761904761904762,False
5,5,0.585841058793978,0.003087573276270223,189.74158867961515,2.278162532546455,0.4389579400566722,0.0,0.09999999999999998,False,0.0,0.09999999999999998,False,1.0,1.0,True
8,3,0.2983118380294507,0.08977579755266901,3.3228536661132577,0.5215112159705924,0.16659532639488134,0.7857142857142857,0.9285714285714286,False,0.7857142857142857,0.9285714285714286,False,0.8571428571428571,0.9523809523809523,False
10,5,0.06853186119428747,0.022379257624397502,3.0622937695892496,0.4860468507619134,0.2083188615389328,0.6,0.7575757575757576,False,0.3333333333333333,0.49090909090909096,False,0.9111111111111111,0.9757575757575757,False
10,5,0.27785571290151656,0.027454275167694765,10.120671960713302,1.0052093483873434,0.12311534551691888,0.7777777777777778,0.8909090909090909,False,0.8222222222222222,0.9272727272727272,False,0.7777777777777778,0.8666666666666667,False
8,3,0.5679222397803505,0.24331756743929586,2.334078240855768,0.3681154099794443,0.1837433857819989,0.6428571428571429,0.7857142857142857,False,0.5714285714285714,0.7619047619047619,False,0.9285714285714286,0.9761904761904762,False
10,4,0.3722653607880266,0.06640765964303046,5.605759377510157,0.7486344521002685,0.1202010954059289,0.9555555555555556,0.9878787878787879,False,0.9111111111111111,0.9757575757575757,False,0.9555555555555556,0.9878787878787879,False
10,4,0.19372489763210032,0.014870382334869673,13.027566693077269,1.1148633051634043,0.33134415475059154,0.6,0.7454545454545455,False,0.6444444444444445,0.7575757575757576,False,1.0,1.0,True
5,4,0.4963685416429209,0.24652747747591183,2.013441044069449,0.30393891747452995,0.1180729543307698,0.8,0.9,False,0.8,0.9,False,1.0,1.0,True
5,3,0.3520777963167687,0.048571811360157355,7.248603386414444,0.8602543376051949,0.2298128030289309,0.4,0.6,False,0.4,0.6,False,1.0,1.0,True
4,5,0.704476306115833,0.019015580487865304,37.04732056580359,1.5687568032582382,0.19717548529686774,1.0,1.0,True,1.0,1.0,True,1.0,1.0,True
4,4,0.8883157666231359,0.04654789534396191,19.08390830648549,1.2806673212130757,0.3492276613763784,0.6666666666666666,0.8,False,0.6666666666666666,0.8,False,1.0,1.0,True
4,4,0.48671432282815646,0.05643152366044429,8.624865877238298,0.9357523502116065,0.33165817234431855,0.6666666666666666,0.8,False,0.6666666666666666,0.8,False,1.0,1.0,True
8,3,0.4056318445484831,0.17374540390658422,2.334633523682964,0.3682187173931577,0.12178545689002719,0.7142857142857143,0.9047619047619048,False,0.8571428571428571,0.9523809523809523,False,0.7142857142857143,0.8809523809523809,False
6,5,0.7683283033680512,0.15947591967073058,4.817832716999522,0.6828517165122054,0.24932704202723419,0.8666666666666667,0.9428571428571428,False,0.7333333333333333,0.8857142857142857,False,0.8666666666666667,0.9428571428571428,False
4,4,0.31581726579810926,0.12418134679008437,2.5431940783298335,0.40537950368004494,0.05547650963040752,1.0,1.0,True,1.0,1.0,True,1.0,1.0,True
4,5,0.7555983595556562,0.20411221483572578,3.7018772255255636,0.5684220110778923,0.13555405023471473,1.0,1.0,True,1.0,1.0,True,1.0,1.0,True
10,3,0.23816039322947594,0.09899250488058539,2.405842679850993,0.38126722503773436,0.1672910538560838,0.6888888888888889,0.8303030303030303,False,0.6,0.7333333333333334,False,0.9111111111111111,0.9636363636363636,False
8,4,0.11136933534034373,0.001940942815886911,57.37898838203262,1.7587528871659244,0.1726447312479737,0.7142857142857143,0.8809523809523809,False,0.6428571428571429,0.8095238095238095,False,0.8571428571428571,0.9523809523809523,False
5,4,0.3873692307650659,0.12021109720387045,3.2224082449300804,0.5081805600710962,0.21150590921794643,0.8,0.9,False,0.8,0.9,False,0.8,0.9,False
6,4,0.17250951472586354,0.09230260943516737,1.8689559892146268,0.27159907459109683,0.07299663702993145,1.0,1.0,True,0.8666666666666667,0.9428571428571428,False,1.0,1.0,True
5,3,0.16445560291751093,0.045989725795438134,3.5759204924472043,0.5533878540625503,0.24936289123667701,0.6,0.7,False,0.6,0.7,False,0.8,0.9,False
10,4,0.11083139485312565,0.032951892332126836,3.363430352729875,0.5267824390834076,0.25663122287706425,0.6888888888888889,0.8424242424242424,False,0.4666666666666667,0.5878787878787879,False,1.0,1.0,True
6,5,0.4312332672493753,0.12793584137456848,3.3706994272499977,0.5277200272445838,0.22496559680872033,0.8666666666666667,0.9428571428571428,False,0.7333333333333333,0.8857142857142857,False,1.0,1.0,True
8,5,0.6744050564081302,0.09825118247792926,6.864090989976244,0.8365830318602697,0.38820294231243146,0.35714285714285715,0.5,False,0.21428571428571427,0.33333333333333337,False,0.6428571428571429,0.7380952380952381,False
8,5,0.13302111121078627,0.06922116579579045,1.92168261946484,0.2836816622103409,0.04424649116176006,0.9285714285714286,0.9761904761904762,False,0.8571428571428571,0.9285714285714286,False,0.9285714285714286,0.9761904761904762,False
5,4,0.9733431638305443,0.15908482037303684,6.1183911924597245,0.7866372410852857,0.2970856722710214,0.6,0.7,False,0.8,0.9,False,1.0,1.0,True
10,3,0.16501780057685245,0.10993996180197926,1.500981061577744,0.17637521262690162,0.09159990752346481,0.8666666666666667,0.9515151515151515,False,0.7777777777777778,0.9030303030303031,False,1.0,1.0,True
5,3,0.9236615411222544,0.4759916389464195,1.9404995078585547,0.28791353693208055,0.09061049421123935,0.8,0.9,False,1.0,1.0,True,1.0,1.0,True
10,4,0.1281694170611631,0.0006871178943643201,186.5319153028401,2.270753149571397,0.42927844610578425,0.15555555555555556,0.24848484848484853,False,0.2,0.2727272727272727,False,0.8222222222222222,0.9151515151515152,False
10,4,0.6443906386398637,0.30388009354974044,2.1205424518281797,0.32644697116506577,0.10865354570163946,0.8666666666666667,0.9515151515151515,False,0.9111111111111111,0.9757575757575757,False,0.9111111111111111,0.9757575757575757,False
8,3,0.7334895219191294,0.253882038563366,2.889095763004006,0.4607619373633853,0.185992201871088,0.8571428571428571,0.9523809523809523,False,0.8571428571428571,0.9523809523809523,False,0.9285714285714286,0.9761904761904762,False
4,3,0.5817526185006534,0.0518706588526465,11.215446870302406,1.049816582371957,0.46737057707648494,0.3333333333333333,0.4,False,0.3333333333333333,0.4,False,1.0,1.0,True
8,4,0.4703609949149792,0.2906434947163417,1.6183434464012945,0.20907069344972945,0.08963929432795205,0.9285714285714286,0.9761904761904762,False,0.8571428571428571,0.9523809523809523,False,0.9285714285714286,0.9761904761904762,False
10,3,0.3873224373283408,0.08006162539394046,4.837803821964597,0.684648253284712,0.13601367779038417,0.6,0.7818181818181819,False,0.6,0.7818181818181819,False,0.8666666666666667,0.9636363636363636,False
5,3,0.5023230937013579,0.049331979016132434,10.18250440605488,1.007854606680933,0.3572627811194704,0.2,0.30000000000000004,False,0.2,0.30000000000000004,False,1.0,1.0,True
6,3,0.4700788356892115,0.04916076619879857,9.562073011204157,0.9805520554277509,0.338268091139414,0.7333333333333333,0.8285714285714285,False,0.7333333333333333,0.8285714285714285,False,1.0,1.0,True
5,3,0.12058407332379377,0.006857838738503854,17.583392946991005,1.2451026816579551,0.2445392034986758,0.8,0.9,False,0.8,0.9,False,0.8,0.9,False
4,5,0.449325603592095,0.0752206515021719,5.97343408509494,0.776224075756851,0.1766336770211613,0.6666666666666666,0.8,False,1.0,1.0,True,1.0,1.0,True
6,4,0.4871183791782729,0.054952918408620675,8.864285888281277,0.9476437543451846,0.3089995495062553,0.4666666666666667,0.5428571428571429,False,0.3333333333333333,0.48571428571428577,False,1.0,1.0,True
6,5,0.23484741454105582,0.050435958785069915,4.656348767695463,0.6680455021858345,0.26433412159039976,0.6,0.7714285714285715,False,0.6,0.7714285714285715,False,0.8666666666666667,0.9428571428571428,False
10,5,0.26819343187413786,0.08252289329446506,3.2499276402476314,0.5118736915047183,0.07212332986569611,0.9111111111111111,0.9757575757575757,False,0.9555555555555556,0.9878787878787879,False,0.9111111111111111,0.9757575757575757,False
5,4,0.36885731461122095,0.001804412817392515,204.41958228817194,2.31052249651327,0.41794572094048604,0.0,0.09999999999999998,False,0.0,0.09999999999999998,False,0.8,0.9,False
6,3,0.30705098141832116,0.039586633427370205,7.75643076529639,0.889661920287568,0.17676611075834175,1.0,1.0,True,0.8666666666666667,0.9428571428571428,False,1.0,1.0,True
4,3,0.2286608248257258,0.023456173617265208,9.74842821966788,0.9889345982059685,0.14497904222908903,1.0,1.0,True,1.0,1.0,True,1.0,1.0,True
6,5,0.8046453656454976,0.2651445726791345,3.0347419806182754,0.48212177245997717,0.1079441317214635,0.7333333333333333,0.8857142857142857,False,0.6,0.7142857142857143,False,0.8666666666666667,0.9428571428571428,False
5,5,0.4648758501680665,0.02271044261169669,20.469695729671475,1.3111113871712112,0.5162830262590553,0.2,0.19999999999999996,False,0.2,0.19999999999999996,False,0.2,0.5,False
6,4,0.7666117494453913,0.17508931708553008,4.378403903800297,0.6413158223531066,0.07320684836626218,0.6,0.7714285714285715,False,0.6,0.7714285714285715,False,0.8666666666666667,0.9428571428571428,False
6,3,0.8798445394091992,0.16849493109545086,5.221786398461764,0.7178191026713969,0.3245973667857187,1.0,1.0,True,1.0,1.0,True,1.0,1.0,True
4,5,0.22004037007821978,0.017113138793818785,12.857978464175126,1.1091726940263638,0.535225217800899,0.0,0.19999999999999996,False,0.0,0.19999999999999996,False,1.0,1.0,True
6,4,0.45328114124943314,0.02229171614470289,20.33406213710517,1.3082241463460669,0.3166706259745902,0.8666666666666667,0.9428571428571428,False,0.8666666666666667,0.9428571428571428,False,1.0,1.0,True
10,4,0.5349825997937535,0.04436181733716133,12.059528484049409,1.0813303276400608,0.16608823932379316,0.8222222222222222,0.9151515151515152,False,0.7333333333333333,0.8909090909090909,False,0.9111111111111111,0.9757575757575757,False
8,5,0.17185581500093286,0.04167936176750064,4.123283267998928,0.615243171692691,0.23506323406398488,0.35714285714285715,0.5476190476190477,False,0.5,0.6190476190476191,False,0.9285714285714286,0.9761904761904762,False
5,4,0.2147934852504557,0.027993612651152033,7.672946250970693,0.884962155976232,0.13331205386372982,0.6,0.7,False,0.8,0.9,False,1.0,1.0,True
4,5,0.25901451278371795,0.019589931821945343,13.22181797898545,1.12129117405726,0.4829847589985324,0.6666666666666666,0.8,False,0.6666666666666666,0.8,False,1.0,1.0,True
5,5,0.5221867217569244,0.2742477498240241,1.9040693026290667,0.2796827514022595,0.14044586132909886,1.0,1.0,True,1.0,1.0,True,1.0,1.0,True
5,5,0.43490221279290553,0.07737065538669041,5.621022732891286,0.7498153416973639,0.2455312069031702,0.6,0.7,False,0.4,0.5,False,0.6,0.8,False
10,5,0.21270756599531368,0.023851736237914995,8.917907017950055,0.9502629398904976,0.1215590276179271,0.9555555555555556,0.9878787878787879,False,0.9555555555555556,0.9878787878787879,False,0.9555555555555556,0.9878787878787879,False
10,4,0.31323266286026435,0.2537942305613146,1.2341993045557265,0.09138529736300906,0.03460199202374864,1.0,1.0,True,0.9111111111111111,0.9757575757575757,False,0.8666666666666667,0.9515151515151515,False
6,5,0.2001929983538676,0.07648006512780761,2.6175840464662636,0.4179006350807834,0.15702471856782138,0.7333333333333333,0.8285714285714285,False,0.7333333333333333,0.8285714285714285,False,0.7333333333333333,0.8285714285714285,False
6,3,0.4266407023988235,0.2851678715142064,1.4961036814277768,0.174961691597742,0.060164917590617734,1.0,1.0,True,1.0,1.0,True,0.8666666666666667,0.9428571428571428,False
6,4,0.3888619538234982,0.003867622508350325,100.54289240570647,2.0023513748026303,0.3340671721559067,0.7333333333333333,0.8857142857142857,False,0.8666666666666667,0.9428571428571428,False,1.0,1.0,True
10,3,0.16124268779421702,0.03805773855752257,4.236791094307118,0.6270370505418507,0.2594654391635357,0.7333333333333333,0.8909090909090909,False,0.6,0.7696969696969697,False,0.9111111111111111,0.9636363636363636,False
6,4,0.5805134038531059,0.4960548862395816,1.1702604287453038,0.0682825200206785,0.029070698501609236,1.0,1.0,True,1.0,1.0,True,1.0,1.0,True
8,4,0.7049731450892706,0.2078756098847834,3.39132207706626,0.5303690370946071,0.23761903299962134,0.7857142857142857,0.8809523809523809,False,0.6428571428571429,0.7857142857142857,False,0.9285714285714286,0.9761904761904762,False
5,3,0.10008096632926479,0.042452109648316805,2.3575027756217866,0.37245221272920315,0.18346542202805127,0.8,0.9,False,0.8,0.9,False,1.0,1.0,True
8,4,0.5992042426038625,0.04896423185277382,12.237590990772993,1.0876959339547043,0.30077058167748694,0.5,0.6666666666666667,False,0.5,0.6666666666666667,False,1.0,1.0,True
8,3,0.29260965907944736,0.137175407119649,2.133105818465625,0.3290124003325936,0.17202689963276263,0.7142857142857143,0.8095238095238095,False,0.6428571428571429,0.7619047619047619,False,0.8571428571428571,0.9523809523809523,False
5,4,0.8286102349476614,0.10130426042731995,8.179421392982407,0.9127225830450857,0.15165006427040503,0.8,0.9,False,0.8,0.9,False,0.8,0.9,False
5,4,0.4349727819812218,0.1100487204028882,3.952547384329727,0.596877085088643,0.22950324728616686,0.6,0.8,False,0.8,0.9,False,1.0,1.0,True
8,3,0.5208925794387702,0.07971872008238182,6.534131241619816,0.815187853270558,0.3029909955311836,0.14285714285714285,0.1428571428571429,False,0.07142857142857142,0.0714285714285714,False,0.5714285714285714,0.6904761904761905,False
10,5,0.20482804397100218,0.10158969861243942,2.016228483464614,0.304539745772121,0.03265769524303498,1.0,1.0,True,0.9111111111111111,0.9757575757575757,False,0.9111111111111111,0.9757575757575757,False
6,4,0.3323234612325022,0.02162457035083972,15.367864231542047,1.18661351506599,0.1735014220403354,0.6,0.7714285714285715,False,0.6,0.7714285714285715,False,0.7333333333333333,0.8285714285714285,False
6,4,0.5003753226016616,0.10610035128898698,4.716057171517429,0.6735790612924412,0.15818160743838078,0.8666666666666667,0.9428571428571428,False,0.8666666666666667,0.9428571428571428,False,0.8666666666666667,0.9428571428571428,False
10,4,0.09876238462210281,0.017046024835187343,5.793866052127192,0.7629684505683878,0.28994552367261217,0.4222222222222222,0.5757575757575757,False,0.4222222222222222,0.5272727272727273,False,0.9111111111111111,0.9636363636363636,False
4,5,0.3814825694980032,0.008179876383597842,46.636715710803315,1.668727958584198,0.3728764929909948,0.0,0.19999999999999996,False,0.0,0.19999999999999996,False,1.0,1.0,True
5,4,0.46683489342011214,0.049586444964887816,9.414566697436438,0.9738003365414497,0.43594118163252016,1.0,1.0,True,1.0,1.0,True,1.0,1.0,True
6,4,0.5306724039637668,0.15986562626476306,3.319490351738083,0.521071410686509,0.11634304725731934,1.0,1.0,True,0.7333333333333333,0.8857142857142857,False,0.8666666666666667,0.9428571428571428,False
8,4,0.6809527044449274,0.3362619147474749,2.025066397882979,0.3064392674328806,0.12563426044538256,0.8571428571428571,0.9285714285714286,False,0.7857142857142857,0.8571428571428572,False,0.8571428571428571,0.9523809523809523,False
6,5,0.6721512563263178,0.06282880666014423,10.698138195612144,1.0293082036921193,0.3345356375989069,-0.06666666666666667,-0.02857142857142847,False,-0.2,-0.08571428571428563,False,0.7333333333333333,0.8285714285714285,False
10,3,0.6885465601970064,0.1473658984413894,4.672360210026365,0.6695363168090629,0.12571724015665664,0.8222222222222222,0.9393939393939394,False,0.8666666666666667,0.9515151515151515,False,0.8666666666666667,0.9515151515151515,False
5,3,0.25359945503101794,0.1370117443712188,1.8509322408308748,0.26739052033481414,0.064559481359157,0.8,0.9,False,0.8,0.9,False,0.8,0.9,False
4,3,0.30543862597712723,0.19269403592659626,1.5850964172647988,0.20005568435346066,0.05235995949775804,1.0,1.0,True,1.0,1.0,True,1.0,1.0,True
5,3,0.4012968684717328,0.07997994739258242,5.017468522415317,0.7004846565787134,0.3802689744471187,0.8,0.9,False,0.8,0.9,False,0.8,0.9,False
5,4,0.3829678879131814,0.2377905932857605,1.610525810208759,0.20696768919384806,0.07281279895558454,1.0,1.0,True,1.0,1.0,True,1.0,1.0,True
4,5,0.6639088008222536,0.18036513624476275,3.680915362255052,0.5659558315384391,0.17213541710941416,0.6666666666666666,0.8,False,0.6666666666666666,0.8,False,0.6666666666666666,0.8,False
4,5,0.2887457300402873,0.023103803986606684,12.497757087758188,1.0968320792631043,0.0458625996387555,1.0,1.0,True,1.0,1.0,True,1.0,1.0,True
10,4,0.3248701036773121,0.022981413959001048,14.136210428250662,1.15033300135071,0.2757777435483088,0.6888888888888889,0.8909090909090909,False,0.6,0.8303030303030303,False,0.8666666666666667,0.9515151515151515,False
6,3,0.46887822652345235,0.06993114221327917,6.704855829277625,0.8263894438994245,0.11329049776525826,0.8666666666666667,0.9428571428571428,False,0.8666666666666667,0.9428571428571428,False,0.8666666666666667,0.9428571428571428,False
5,5,0.6725044746737281,0.4067820826368205,1.6532303249759757,0.21833336288655292,0.09095295964564878,1.0,1.0,True,0.8,0.9,False,1.0,1.0,True
4,5,0.6200597035198454,0.0374196518894392,16.57042949879157,1.2193337653015193,0.3510420168666035,0.6666666666666666,0.8,False,0.6666666666666666,0.8,False,1.0,1.0,True
4,5,0.14765892035489167,0.006788718352981244,21.75063283753657,1.33747189732982,0.184437718280299,1.0,1.0,True,1.0,1.0,True,1.0,1.0,True
10,5,0.6178962247757653,0.14745779199690104,4.1903260343445305,0.6222478151877988,0.15600415805719378,0.5111111111111111,0.7212121212121212,False,0.4222222222222222,0.6363636363636364,False,0.7777777777777778,0.8909090909090909,False
4,3,0.5150579078738143,0.01588941084871203,32.4151671037664,1.5107482647807118,0.46433276167316095,0.0,0.19999999999999996,False,0.0,0.19999999999999996,False,1.0,1.0,True
6,3,0.2563459275229263,0.06313485222028342,4.060291875309234,0.608557254089512,0.2432020016942867,0.8666666666666667,0.9428571428571428,False,0.8666666666666667,0.9428571428571428,False,1.0,1.0,True
6,5,0.17619837674185157,0.047761696559307704,3.6891146971584132,0.5669221579561693,0.20028775996022508,0.7333333333333333,0.8857142857142857,False,0.2,0.2571428571428571,False,0.8666666666666667,0.9428571428571428,False
4,4,0.521707137204505,0.18572514886584832,2.8090279662585265,0.4485560629934248,0.21166444170357804,0.6666666666666666,0.8,False,0.6666666666666666,0.8,False,1.0,1.0,True
4,5,0.31724425145529783,0.003144660283264893,100.88347318236889,2.0038200255671277,0.3656503432670191,0.6666666666666666,0.8,False,0.6666666666666666,0.8,False,1.0,1.0,True
10,4,0.6865804993196948,0.22747313104267838,3.0182927371227004,0.47976135868397723,0.19766777033823993,0.9111111111111111,0.9757575757575757,False,0.9555555555555556,0.9878787878787879,False,0.9555555555555556,0.9878787878787879,False
6,4,0.5648866133918409,0.16644132797611164,3.3939083535161525,0.5307001107867244,0.156523219518396,0.6,0.6571428571428571,False,0.4666666666666667,0.6,False,0.7333333333333333,0.8857142857142857,False
5,3,0.6851228568519472,0.5504750589313293,1.2446029038641155,0.09503080993038195,0.04942470315154225,0.8,0.9,False,0.8,0.9,False,0.8,0.9,False
10,4,0.29910218347983303,0.019533749927422885,15.312071905078492,1.185033959872782,0.4011894154168606,0.6888888888888889,0.8303030303030303,False,0.6888888888888889,0.8303030303030303,False,0.9111111111111111,0.9636363636363636,False
4,3,0.6738792714017316,0.1038614870983184,6.488249785575754,0.8121275610565265,0.20037326436089736,1.0,1.0,True,1.0,1.0,True,1.0,1.0,True
5,3,0.6848388359262222,0.0523047945650017,13.093232496344989,1.1170468797071453,0.28913667130150267,1.0,1.0,True,0.8,0.9,False,0.8,0.9,False
10,5,0.10084360654848046,0.01610280967269315,6.262485155818908,0.7967467094535733,0.22818771838017873,0.7333333333333333,0.8909090909090909,False,0.8222222222222222,0.9151515151515152,False,0.8222222222222222,0.9515151515151515,False
6,3,0.42085035307271634,0.09769525814637478,4.307786898294052,0.6342542110641779,0.00807827930492722,1.0,1.0,True,0.8666666666666667,0.9428571428571428,False,0.8666666666666667,0.9428571428571428,False
6,4,0.7617421924018439,0.2998304671929923,2.540576344794846,0.40493225007290173,0.20745770925526796,0.8666666666666667,0.9428571428571428,False,0.7333333333333333,0.8285714285714285,False,0.8666666666666667,0.9428571428571428,False
6,4,0.13518481287867548,0.03058942820806203,4.419331147831896,0.6453565451893081,0.13671480141062126,0.7333333333333333,0.8285714285714285,False,0.4666666666666667,0.6,False,0.7333333333333333,0.8285714285714285,False
6,5,0.20765495927346372,0.0026168617297222673,79.35266767654166,1.8995615314402954,0.3222282020683339,0.6,0.7142857142857143,False,0.4666666666666667,0.6,False,0.8666666666666667,0.9428571428571428,False
5,3,0.3489454312079321,0.01278439466679429,27.294638524182556,1.436077347112675,0.3838689610559729,1.0,1.0,True,1.0,1.0,True,1.0,1.0,True
4,5,0.9325682724690214,0.25743730546549515,3.6225063449104233,0.5590091548215205,0.13321347179791104,1.0,1.0,True,1.0,1.0,True,1.0,1.0,True
4,4,0.1544610487744206,0.00203205342423414,76.0122971454961,1.8808838574178106,0.15149743978794342,1.0,1.0,True,1.0,1.0,True,1.0,1.0,True
8,5,0.6756253618411643,0.10788437236595037,6.262495179034265,0.7967474045488155,0.11810407184445332,1.0,1.0,True,0.7857142857142857,0.9047619047619048,False,0.9285714285714286,0.9761904761904762,False
4,3,0.07576054547764685,0.050207619240455734,1.5089451884444747,0.1786734645678737,0.02732139657737254,1.0,1.0,True,1.0,1.0,True,1.0,1.0,True
5,4,0.3575894751565729,0.1730744484318778,2.066102064137181,0.3151517715866629,0.08657594902121032,1.0,1.0,True,1.0,1.0,True,1.0,1.0,True
4,4,0.923072072529756,0.3039825795494016,3.0365953006090165,0.4823869155850903,0.2287838047980303,1.0,1.0,True,1.0,1.0,True,0.6666666666666666,0.8,False
6,5,0.843326745706373,0.0347971288651257,24.23552669965638,1.3844524624853836,0.3003090001000448,1.0,1.0,True,0.6,0.7714285714285715,False,1.0,1.0,True
5,4,0.41805641100565233,0.015470753830193295,27.02236850041112,1.431723412101935,0.257070253012744,0.8,0.9,False,0.8,0.9,False,1.0,1.0,True
4,4,0.5402544623909007,0.19186938543520068,2.815740828911671,0.4495926782564984,0.21824439795157802,0.6666666666666666,0.8,False,0.6666666666666666,0.8,False,1.0,1.0,True
5,4,0.8117777091012793,0.017560862783661035,46.22652765161097,1.6648912722314755,0.4840521387308384,0.4,0.4,False,0.2,0.30000000000000004,False,1.0,1.0,True
4,4,0.3009933487204777,0.03852753401787143,7.812421853239976,0.8927856861759526,0.34845570198147446,0.3333333333333333,0.6,False,0.6666666666666666,0.8,False,1.0,1.0,True
4,4,0.8914404219617457,0.02937641825832003,30.345442868240934,1.482093480064408,0.4510894792297468,0.0,0.19999999999999996,False,0.0,0.19999999999999996,False,1.0,1.0,True
5,3,0.20165447541346684,0.12071522628794962,1.670497431125857,0.22284581212097868,0.11514857910397652,0.8,0.9,False,1.0,1.0,True,0.8,0.9,False
5,4,0.5332305515701244,0.046027406256903776,11.585066266439002,1.0638985222922857,0.16167391841554782,0.8,0.9,False,0.6,0.7,False,0.8,0.9,False
4,3,0.41925513241813656,0.14299454783637225,2.9319658599498184,0.4671589090380781,0.24119178562299926,0.6666666666666666,0.8,False,0.6666666666666666,0.8,False,1.0,1.0,True
5,4,0.5199239641764439,0.003691082698562336,140.85947308579486,2.1487860594903623,0.2814317447622544,0.8,0.9,False,0.8,0.9,False,0.8,0.9,False
6,4,0.8544762825740239,0.46047481400293944,1.8556417345481868,0.26849413151225254,0.12224199891736533,0.8666666666666667,0.9428571428571428,False,0.8666666666666667,0.9428571428571428,False,0.8666666666666667,0.9428571428571428,False
10,4,0.4019220569573345,0.16845811481966155,2.3858871826104417,0.3776499040752601,0.13714327273510882,0.9111111111111111,0.9757575757575757,False,0.8666666666666667,0.9515151515151515,False,0.8222222222222222,0.8787878787878788,False
8,3,0.15828117774787512,0.019433133035646047,8.144912992125164,0.9108864493269404,0.18734427729397682,0.6428571428571429,0.8095238095238095,False,0.6428571428571429,0.8095238095238095,False,0.9285714285714286,0.9761904761904762,False
5,4,0.2686456843255774,0.034889009619413824,7.700008892439032,0.8864912267224783,0.25412015732763227,0.4,0.5,False,0.4,0.5,False,0.8,0.9,False
8,4,0.2237567683439282,0.055928278302863205,4.000780555557927,0.6021447308031544,0.14295513859329523,0.6428571428571429,0.8571428571428572,False,0.42857142857142855,0.6428571428571428,False,0.7857142857142857,0.9285714285714286,False
5,4,0.6120836091423207,0.001162129411702295,526.6914359555234,2.7215562567522085,0.5377822378697892,0.6,0.8,False,0.6,0.8,False,1.0,1.0,True
8,4,0.5109903820516661,0.2920646718427148,1.7495795668334018,0.2429336979769283,0.023579494886230574,1.0,1.0,True,1.0,1.0,True,1.0,1.0,True
8,5,0.2948114288112209,0.027947263875631786,10.548847647934819,1.0232050200624168,0.21722052237346404,1.0,1.0,True,0.9285714285714286,0.9761904761904762,False,1.0,1.0,True
4,3,0.4701276428631006,0.10548113721267392,4.456983070923473,0.6490409844971069,0.27278201560114823,0.3333333333333333,0.4,False,0.3333333333333333,0.4,False,0.3333333333333333,0.6,False
6,3,0.04993188430600603,0.021416255357148518,2.331494627374613,0.367634419016654,0.17967202836728102,0.7333333333333333,0.8285714285714285,False,0.7333333333333333,0.8857142857142857,False,0.8666666666666667,0.9428571428571428,False
8,3,0.13331921298991337,0.06369565808545098,2.093065948215273,0.32078291228267647,0.1083991486498587,0.8571428571428571,0.9523809523809523,False,0.8571428571428571,0.9523809523809523,False,0.8571428571428571,0.9523809523809523,False
10,3,0.1679945452190111,0.07679371576116704,2.1876079774456594,0.33996949842645946,0.18536311633898198,0.7777777777777778,0.9151515151515152,False,0.7333333333333333,0.9030303030303031,False,0.7777777777777778,0.9272727272727272,False
5,4,0.8994377158920789,0.4793356927635014,1.8764254977648294,0.27333132571582086,0.08242432152346996,1.0,1.0,True,1.0,1.0,True,1.0,1.0,True
5,3,0.38174131291312496,0.007642492030082146,49.949847688499574,1.6985341682748136,0.5312487554067583,0.8,0.9,False,0.8,0.9,False,0.8,0.9,False
4,4,0.7560358024423602,0.07478299330084975,10.109729084937012,1.00473951775783,0.20282428376246173,0.3333333333333333,0.4,False,0.3333333333333333,0.4,False,0.6666666666666666,0.8,False
5,5,0.5560421526506816,0.019033663812338508,29.213616364339458,1.46558532177542,0.5394975723232812,0.4,0.4,False,0.6,0.7,False,0.4,0.6,False
6,5,0.2311792077062723,0.04497327038304982,5.1403690621588,0.7109943010779706,0.09169938766112976,1.0,1.0,True,1.0,1.0,True,1.0,1.0,True
10,4,0.6468317894298532,0.16109312284400232,4.015266313089046,0.6037143552110683,0.25601484412351216,0.8222222222222222,0.9393939393939394,False,0.7777777777777778,0.9151515151515152,False,0.8666666666666667,0.9636363636363636,False
5,4,0.10915789486937377,0.004128661001081538,26.439054893182043,1.422245926531759,0.33053159338593463,0.8,0.9,False,0.8,0.9,False,0.8,0.9,False
6,5,0.7656402070610925,0.308734532649855,2.479930574941378,0.394439523027065,0.15075908920667955,0.7333333333333333,0.8857142857142857,False,0.7333333333333333,0.8857142857142857,False,0.7333333333333333,0.8857142857142857,False
5,3,0.38592249535588496,0.25972254896966535,1.4859029255849228,0.17199043778263368,0.08353033289973284,1.0,1.0,True,1.0,1.0,True,1.0,1.0,True
10,4,0.6912913854895342,0.23084451083885862,2.9946191181868587,0.4763415928726716,0.21477296194771545,0.6888888888888889,0.8303030303030303,False,0.7777777777777778,0.8666666666666667,False,0.9555555555555556,0.9878787878787879,False
5,5,0.6887292934700504,0.04812640493102797,14.310840264149947,1.1556651342049344,0.14439229415290936,0.8,0.9,False,0.8,0.9,False,1.0,1.0,True
5,4,0.5561447636488887,0.07358820267184558,7.5575261176219595,0.8783796567058915,0.27142166942735657,0.8,0.9,False,0.6,0.7,False,1.0,1.0,True
10,3,0.5916392502632785,0.19422522600274458,3.0461504019661785,0.48375134257566854,0.2705665672043369,0.8666666666666667,0.9636363636363636,False,0.9111111111111111,0.9757575757575757,False,0.9111111111111111,0.9757575757575757,False
10,5,0.704544092029593,0.11679941839168373,6.032085619304123,0.7804674972727637,0.36141737996400386,0.3333333333333333,0.47878787878787876,False,0.37777777777777777,0.5151515151515151,False,0.8222222222222222,0.9393939393939394,False
5,5,0.5879344058532886,0.1765263757186246,3.330575408102753,0.5225192710366167,0.13476238673297888,0.6,0.7,False,0.6,0.7,False,1.0,1.0,True
5,3,0.8812730734365748,0.44701197848104635,1.9714752978861618,0.29479133983737255,0.07431093097277633,1.0,1.0,True,1.0,1.0,True,1.0,1.0,True
5,3,0.17232519784105074,0.12250700002361209,1.4066559282851592,0.148187880859807,0.06514034569237032,1.0,1.0,True,1.0,1.0,True,1.0,1.0,True
4,3,0.3005689055725029,0.048144112976958815,6.243108180435444,0.7954008604413179,0.046006933020600306,1.0,1.0,True,1.0,1.0,True,1.0,1.0,True
4,3,0.8312255604370755,0.3738410530347477,2.2234731945225703,0.3470318981019738,0.03997921037693314,0.6666666666666666,0.8,False,0.6666666666666666,0.8,False,0.6666666666666666,0.8,False
5,4,0.7329275452949365,0.0027087300287594583,270.5797688372888,2.4322953214160994,0.4416559881904878,0.4,0.5,False,0.4,0.5,False,0.8,0.9,False
10,3,0.11995055419509194,0.06217334405635358,1.9292923038599972,0.2853980318617514,0.13112521547527237,0.9111111111111111,0.9757575757575757,False,0.9555555555555556,0.9878787878787879,False,1.0,1.0,True
5,5,0.31937953140463593,0.03943265508635808,8.099366646681306,0.9084510592976929,0.22151158448035613,0.6,0.8,False,0.6,0.8,False,1.0,1.0,True
4,5,0.6669583931501256,0.2163642041041652,3.082572719958548,0.4889133306868122,0.0784966108595945,1.0,1.0,True,0.6666666666666666,0.8,False,1.0,1.0,True
10,5,0.5488293485892457,0.010567421867307835,51.93597411258929,1.7154682816727393,0.34779887939001797,0.37777777777777777,0.5757575757575757,False,0.4222222222222222,0.5878787878787879,False,0.9111111111111111,0.9636363636363636,False
5,5,0.17658040589368637,0.031741201344506774,5.563129258139525,0.7453191507991016,0.2171258180363535,0.8,0.9,False,0.6,0.7,False,0.8,0.9,False
6,3,0.9022443067337449,0.05764906337990587,15.650632531049586,1.1945318945465697,0.24545235992495174,0.2,0.2571428571428571,False,0.4666666666666667,0.4285714285714286,False,1.0,1.0,True
8,4,0.15685066857912175,0.058775490223470186,2.6686407545065376,0.426290114126069,0.181035549571599,0.5714285714285714,0.7142857142857143,False,0.6428571428571429,0.7380952380952381,False,0.8571428571428571,0.9523809523809523,False
4,5,0.48769976392365244,0.07537894320972811,6.469973485304074,0.8109025008835805,0.11159884354501248,1.0,1.0,True,1.0,1.0,True,1.0,1.0,True
4,5,0.6455623139309739,0.13355756490699447,4.833588530725988,0.6842696774243384,0.15209316615345997,0.6666666666666666,0.8,False,0.3333333333333333,0.4,False,0.6666666666666666,0.8,False
10,3,0.40705647600766687,0.18472058110570228,2.203633583052308,0.3431393823358664,0.05610405160872982,0.9555555555555556,0.9878787878787879,False,1.0,1.0,True,1.0,1.0,True
5,3,0.1741345846897167,0.0045950038801258666,37.89650437619441,1.5785991519167637,0.2529050083864629,0.8,0.9,False,0.6,0.7,False,0.8,0.9,False
4,4,0.8370710264072073,0.164294134813413,5.0949537994936,0.7071402502235125,0.30647064899050425,0.6666666666666666,0.8,False,0.6666666666666666,0.8,False,1.0,1.0,True
5,5,0.32715795019701854,0.054604744508186115,5.9913832238878255,0.777527099042376,0.3259033112847278,-0.2,-0.19999999999999996,False,-0.2,-0.19999999999999996,False,0.8,0.9,False
4,3,0.14713100225368533,0.019498903720168787,7.545603812277613,0.877693998498335,0.08951449508042517,1.0,1.0,True,1.0,1.0,True,1.0,1.0,True
5,4,0.23101116860932486,0.11602804113959762,1.9909943005018569,0.2990700168008219,0.09043130874866358,1.0,1.0,True,1.0,1.0,True,1.0,1.0,True
6,4,0.4941883908413861,0.09146460877772644,5.403055864339173,0.732639457905439,0.10556075950247802,0.7333333333333333,0.8857142857142857,False,0.8666666666666667,0.9428571428571428,False,1.0,1.0,True
4,5,0.094545995316791,0.012343883020139843,7.659339865330363,0.8841913407555069,0.26966742091886475,0.6666666666666666,0.8,False,0.6666666666666666,0.8,False,1.0,1.0,True
6,4,0.3322159492220839,0.2235539584269665,1.4860660556325174,0.1720381142422615,0.03375238947448365,0.8666666666666667,0.9428571428571428,False,0.6,0.7714285714285715,False,0.7333333333333333,0.8857142857142857,False
4,5,0.3961766595317656,0.03430855312202293,11.547460428050206,1.062486482638967,0.31060161846046713,0.6666666666666666,0.8,False,0.6666666666666666,0.8,False,1.0,1.0,True
5,4,0.36694088032518607,0.16718405339949388,2.1948318207488926,0.34140124798635046,0.10749595945194698,0.6,0.7,False,0.8,0.9,False,0.8,0.9,False
5,3,0.3866483451295809,0.0397279924912032,9.73239071180006,0.9882195355827338,0.46793572786246457,1.0,1.0,True,1.0,1.0,True,1.0,1.0,True
6,3,0.4648974395341068,0.024723856695890854,18.803597077658598,1.2742409365800154,0.4740210076851763,0.3333333333333333,0.4285714285714286,False,0.3333333333333333,0.4285714285714286,False,1.0,1.0,True
10,4,0.6446590846106638,0.06362523297452459,10.132129258507419,1.005700721574337,0.2866902100137814,0.4666666666666667,0.5878787878787879,False,0.4666666666666667,0.5515151515151515,False,0.8222222222222222,0.9151515151515152,False
8,5,0.4866184981547547,0.1960463074986424,2.4821609973737573,0.3948299471882542,0.17046073259142383,0.7142857142857143,0.8333333333333334,False,0.6428571428571429,0.7857142857142857,False,0.9285714285714286,0.9761904761904762,False
8,4,0.7534911304851737,0.22092489836100465,3.4106211480541817,0.5328334806365463,0.26124158989903956,0.7142857142857143,0.8809523809523809,False,0.6428571428571429,0.8095238095238095,False,0.9285714285714286,0.9761904761904762,False
5,3,0.12118373409329303,0.04106752925898484,2.950840634363933,0.4699457552521566,0.05044557668652354,1.0,1.0,True,1.0,1.0,True,1.0,1.0,True
8,5,0.49838388412606877,0.15060211718375563,3.3092754168566003,0.5197329131385499,0.16557391511051228,0.8571428571428571,0.9523809523809523,False,0.8571428571428571,0.9523809523809523,False,0.8571428571428571,0.9523809523809523,False
8,5,0.6497573289195625,0.15947082779698377,4.0744588705758105,0.6100699381979455,0.2313837045520868,0.7142857142857143,0.8095238095238095,False,0.6428571428571429,0.7857142857142857,False,0.8571428571428571,0.9523809523809523,False
8,5,0.6003386245164998,0.18841096140931643,3.1863253603865336,0.5032901201801054,0.15779897111517843,0.8571428571428571,0.9523809523809523,False,0.8571428571428571,0.9523809523809523,False,1.0,1.0,True
5,4,0.6572979426928821,0.03324182459839354,19.773220953246767,1.2960774193532953,0.4646826738284323,0.4,0.5,False,0.4,0.5,False,0.8,0.9,False
10,5,0.4181048985437322,0.0077340477271644024,54.06029458819555,1.7328784079494468,0.23005631945716798,0.8222222222222222,0.9393939393939394,False,0.7333333333333333,0.8545454545454545,False,0.9111111111111111,0.9757575757575757,False
5,3,0.35773382115012087,0.0841764544383505,4.249808613736156,0.6283693724338778,0.10066831045889846,0.8,0.9,False,1.0,1.0,True,0.8,0.9,False
6,5,0.37519411367667,0.061940542528282024,6.057326887301628,0.7822810112595721,0.1310073533174007,0.6,0.7714285714285715,False,0.4666666666666667,0.6,False,0.7333333333333333,0.8285714285714285,False
6,4,0.8992985309431952,0.25181076561064003,3.571326780881782,0.5528295905010042,0.17252469362873302,0.6,0.7714285714285715,False,0.8666666666666667,0.9428571428571428,False,0.8666666666666667,0.9428571428571428,False
10,5,0.4535187614455084,0.03997976169349841,11.343708472077184,1.054755056820384,0.2659163204036792,0.8666666666666667,0.9515151515151515,False,0.7777777777777778,0.9030303030303031,False,0.9555555555555556,0.9878787878787879,False
5,5,0.2823164121159624,0.02364043127898393,11.942100749870683,1.0770807307988945,0.08200284921830714,1.0,1.0,True,1.0,1.0,True,1.0,1.0,True
6,3,0.12561514058247722,0.012623975592267049,9.950521502075272,0.9978458425083878,0.1281696386912337,0.7333333333333333,0.8857142857142857,False,0.6,0.7714285714285715,False,1.0,1.0,True
6,5,0.09310491788540222,0.007938406850804798,11.728413474327635,1.0692392682156733,0.17943676186000382,0.7333333333333333,0.8857142857142857,False,0.6,0.8285714285714285,False,0.8666666666666667,0.9428571428571428,False
6,5,0.4066445726483122,0.05681921893823018,7.156813842922243,0.8547197208547008,0.3818741123069629,0.2,0.3142857142857143,False,0.2,0.3142857142857143,False,0.7333333333333333,0.8285714285714285,False
5,5,0.25917148248340166,0.005193280934612021,49.90515354295167,1.6981453961183535,0.3016864238794075,0.8,0.9,False,0.8,0.9,False,1.0,1.0,True
10,5,0.16121334550775598,0.015834912970253544,10.180879793935098,1.0077853097435066,0.4090931394930838,0.5555555555555556,0.696969696969697,False,0.4222222222222222,0.5757575757575757,False,0.9111111111111111,0.9636363636363636,False
4,3,0.590352202770358,0.04331490554839143,13.629308324294671,1.1344738163215222,0.04482247065097028,0.6666666666666666,0.8,False,0.6666666666666666,0.8,False,1.0,1.0,True
10,3,0.6723692952670728,0.06224873142083186,10.801333294822127,1.0334773672318205,0.310255687517528,0.6444444444444445,0.8303030303030303,False,0.6888888888888889,0.8424242424242424,False,1.0,1.0,True
8,4,0.27199515573176203,0.10406901761176958,2.6136035678152436,0.41723971432069257,0.10466847091153311,0.9285714285714286,0.9761904761904762,False,0.7857142857142857,0.9047619047619048,False,0.9285714285714286,0.9761904761904762,False
4,5,0.3668336806652823,0.007766273962744255,47.23419266147359,1.6742564966867526,0.6009654900963306,-0.6666666666666666,-0.8,False,-0.6666666666666666,-0.8,False,1.0,1.0,True
8,5,0.3369502570913024,0.030689324826604348,10.979396222761581,1.0405784581165582,0.13614827489025635,0.9285714285714286,0.9761904761904762,False,0.8571428571428571,0.9523809523809523,False,1.0,1.0,True
8,4,0.2764885561791546,0.07197338279203376,3.841538989131905,0.5845052453541023,0.10986312843579124,0.8571428571428571,0.9523809523809523,False,0.6428571428571429,0.8095238095238095,False,0.7857142857142857,0.9047619047619048,False
4,4,0.3837859941636605,0.30706048123037916,1.2498710111590896,0.09686519538215961,0.023051504510157545,1.0,1.0,True,0.6666666666666666,0.8,False,0.6666666666666666,0.8,False
10,5,0.26131149221501276,0.08120530300737241,3.217911669981344,0.5075741187666832,0.06315985490398504,0.9555555555555556,0.9878787878787879,False,0.9555555555555556,0.9878787878787879,False,1.0,1.0,True
5,5,0.5721019911991128,0.12904626586011497,4.433309149873682,0.6467280172011693,0.09949122412754514,1.0,1.0,True,1.0,1.0,True,1.0,1.0,True
8,4,0.5530334406415554,0.030827116062540016,17.93983710645063,1.2538184953362335,0.2084181474166496,0.7142857142857143,0.8571428571428572,False,0.7142857142857143,0.8571428571428572,False,0.9285714285714286,0.9761904761904762,False
8,4,0.6518951730560961,0.10315561482273215,6.319531652930636,0.8006848934588459,0.2660827948069201,0.6428571428571429,0.8333333333333334,False,0.6428571428571429,0.8333333333333334,False,0.9285714285714286,0.9761904761904762,False
10,5,0.54614960834395,0.05621712719127919,9.715003871968714,0.987442978026312,0.25299459035472666,0.5555555555555556,0.6484848484848484,False,0.37777777777777777,0.5151515151515151,False,0.9555555555555556,0.9878787878787879,False
6,5,0.6259989737390753,0.19838718760546506,3.1554405367187894,0.4990600004454381,0.07251982815870432,1.0,1.0,True,0.8666666666666667,0.9428571428571428,False,1.0,1.0,True
4,3,0.7675969081101024,0.4023678502828679,1.907699403837975,0.2805099439849144,0.12285282042031778,0.6666666666666666,0.8,False,1.0,1.0,True,1.0,1.0,True
6,3,0.2919641163458599,0.02608222196205369,11.193989406249074,1.0489848915639444,0.28979369340671507,0.8666666666666667,0.9428571428571428,False,0.8666666666666667,0.9428571428571428,False,0.8666666666666667,0.9428571428571428,False
5,4,0.33260885995164735,0.0334173770041321,9.953170768027864,0.9979614553881978,0.23680815906466246,0.6,0.8,False,0.6,0.8,False,0.8,0.9,False
10,4,0.23979435130688315,0.03290789458101834,7.286833580593531,0.8625388510596871,0.3599222684288258,0.5555555555555556,0.7696969696969697,False,0.5555555555555556,0.7818181818181819,False,0.8666666666666667,0.9636363636363636,False
5,3,0.3870400368072739,0.048418215945585014,7.9936864512781005,0.9027471092542905,0.2477573650780771,0.8,0.9,False,0.8,0.9,False,1.0,1.0,True
8,4,0.2940425745264316,0.001884204009134653,156.05665466417202,2.1932822928495255,0.19068203308179316,0.8571428571428571,0.9523809523809523,False,0.8571428571428571,0.9523809523809523,False,0.8571428571428571,0.9523809523809523,False
6,5,0.3018119956641368,0.08149112463287363,3.7036179954581434,0.5686261856178378,0.13230761059870627,0.7333333333333333,0.8285714285714285,False,0.6,0.7714285714285715,False,0.6,0.7714285714285715,False
5,5,0.24384798209412878,0.05397561932019882,4.517743106253863,0.6549215318724426,0.13388819712562838,1.0,1.0,True,0.8,0.9,False,0.8,0.9,False
4,5,0.17580764444749555,0.05049139751834938,3.481932627832738,0.541820363667141,0.15544028309224128,0.6666666666666666,0.8,False,0.6666666666666666,0.8,False,0.6666666666666666,0.8,False
5,3,0.4033519348680382,0.022227022474976328,18.146917127743666,1.2588028559214635,0.5142419903773013,0.8,0.9,False,0.8,0.9,False,1.0,1.0,True
10,5,0.8291548740451498,0.06909036942187781,12.001019548327855,1.0792181431646157,0.13731680238020044,1.0,1.0,True,0.8666666666666667,0.9636363636363636,False,0.9555555555555556,0.9878787878787879,False
8,4,0.22063829915442038,0.0029730731369699377,74.21220027741253,1.8704753079421503,0.3157696776381924,0.5714285714285714,0.7619047619047619,False,0.5,0.6904761904761905,False,0.7857142857142857,0.9047619047619048,False
5,4,0.2742244660272369,0.04310688691310415,6.361500114208278,0.803559539312298,0.34271669958008394,0.6,0.7,False,0.6,0.7,False,1.0,1.0,True
4,4,0.42200909306642437,0.0054590463245637886,77.30454513460113,1.888205029090989,0.24261681515423952,1.0,1.0,True,1.0,1.0,True,0.6666666666666666,0.8,False
4,4,0.04698771643887284,0.029871788686061884,1.572979674271204,0.1967231107930967,0.08487472430175116,1.0,1.0,True,1.0,1.0,True,0.6666666666666666,0.8,False
6,5,0.2749062050427945,0.0003810143267386986,721.511463031717,2.85824323534895,0.2968048934665635,0.7333333333333333,0.8857142857142857,False,0.7333333333333333,0.8857142857142857,False,0.8666666666666667,0.9428571428571428,False
4,4,0.16047094743051665,0.07393726336751032,2.170366336534722,0.336533044681575,0.12040286305657869,1.0,1.0,True,1.0,1.0,True,1.0,1.0,True
8,4,0.5735540349605449,0.04996074214071975,11.480094377573272,1.0599454584008752,0.34011350554915976,0.42857142857142855,0.5952380952380952,False,0.42857142857142855,0.5952380952380952,False,0.9285714285714286,0.9761904761904762,False
10,5,0.323994699040084,0.04519630962121427,7.168609599949252,0.8554349294996544,0.3088228797778215,0.8222222222222222,0.9272727272727272,False,0.7777777777777778,0.8666666666666667,False,0.9555555555555556,0.9878787878787879,False
8,3,0.4440075805514126,0.07287334408667917,6.092866824077609,0.7848216855591795,0.2723272172004068,0.6428571428571429,0.7857142857142857,False,0.5714285714285714,0.7380952380952381,False,0.9285714285714286,0.9761904761904762,False
8,5,0.3323587444738145,0.034027838227088485,9.76726003709125,0.9897727502426323,0.32001225363262076,0.8571428571428571,0.9285714285714286,False,0.7857142857142857,0.9047619047619048,False,1.0,1.0,True
6,5,0.48119878392759585,0.007060951382466701,68.14928439449793,1.8334612998603113,0.628122409319265,0.2,0.2571428571428571,False,0.06666666666666667,0.19999999999999996,False,0.6,0.7714285714285715,False
4,3,0.3008113674711589,0.2743091942661536,1.0966142358983217,0.04005387945732514,0.013858896000524354,1.0,1.0,True,1.0,1.0,True,1.0,1.0,True
8,3,0.7261557458416392,0.06634724319258621,10.944776465284042,1.0392068960195264,0.24926482425484223,0.5714285714285714,0.6428571428571428,False,0.5714285714285714,0.6428571428571428,False,0.6428571428571429,0.8333333333333334,False
5,3,0.10263122344965159,0.026804045113237283,3.82894533314816,0.5830791658562856,0.2887704166663034,0.6,0.7,False,0.4,0.6,False,1.0,1.0,True
6,3,0.7380733573034837,0.2867823763836799,2.5736356836427694,0.410547069459702,0.10900584927028273,1.0,1.0,True,1.0,1.0,True,1.0,1.0,True
5,3,0.4323278106317646,0.04948497843696506,8.73654640819407,0.941339788208948,0.13235946467720053,0.8,0.9,False,0.8,0.9,False,1.0,1.0,True
6,5,0.21187560129475447,0.007398561747152871,28.63740393160217,1.4569336452949644,0.14929395187644423,0.8666666666666667,0.9428571428571428,False,0.7333333333333333,0.8857142857142857,False,0.8666666666666667,0.9428571428571428,False
8,5,0.4314942977310953,0.03450563193378113,12.505039714869152,1.0970850753484993,0.3447714475162619,0.5,0.6190476190476191,False,0.5714285714285714,0.6666666666666667,False,0.7857142857142857,0.9047619047619048,False
5,3,0.19463761444218403,0.1527910832791472,1.273880715180937,0.10512876303536918,0.021611016286284757,1.0,1.0,True,1.0,1.0,True,1.0,1.0,True
8,5,0.3281984382853661,0.008574246192935394,38.27723520669402,1.5829405608226659,0.3570505882767573,0.7857142857142857,0.9047619047619048,False,0.7857142857142857,0.9047619047619048,False,0.8571428571428571,0.9523809523809523,False
10,5,0.8579221364086731,0.38016170950435935,2.256729478423651,0.35347950189154986,0.11938549357592788,0.8666666666666667,0.9272727272727272,False,0.9111111111111111,0.9636363636363636,False,0.9111111111111111,0.9757575757575757,False
5,3,0.49445791825854174,0.27214745348584657,1.8168750503573605,0.2593250611516126,0.054267161003914335,1.0,1.0,True,1.0,1.0,True,1.0,1.0,True
4,4,0.21618876984602298,0.05490192725492029,3.937726426948163,0.5952455402952651,0.16340396045733052,1.0,1.0,True,1.0,1.0,True,1.0,1.0,True
6,3,0.15386370363558585,0.005711970034968387,26.937064211944932,1.4303502615417993,0.6559330561502164,0.8666666666666667,0.9428571428571428,False,0.6,0.7714285714285715,False,1.0,1.0,True
8,5,0.16465783360547429,0.04208984622302185,3.912055955944535,0.5924050580747008,0.14035258187118652,0.42857142857142855,0.5952380952380952,False,0.5714285714285714,0.7142857142857143,False,0.8571428571428571,0.9523809523809523,False
5,3,0.13771183929174002,0.013368494772353804,10.301222510572275,1.0128887682090548,0.4979273661519682,0.6,0.7,False,0.6,0.7,False,0.8,0.9,False
10,3,0.10448285179210569,0.006345276614710716,16.46624065740637,1.2165944584227535,0.45844492422801375,0.3333333333333333,0.5878787878787879,False,0.24444444444444444,0.47878787878787876,False,0.9111111111111111,0.9757575757575757,False
8,3,0.15254378824680268,0.02301235671728076,6.628777317953863,0.8214334299078256,0.11039892618249206,1.0,1.0,True,1.0,1.0,True,0.9285714285714286,0.9761904761904762,False
6,4,0.806323821728652,0.24533854463302635,3.286576199966672,0.5167437059428455,0.19435364147015244,0.7333333333333333,0.8857142857142857,False,0.7333333333333333,0.8857142857142857,False,1.0,1.0,True
8,4,0.08710474905267437,0.029860334678485513,2.917072095394718,0.46494716283622445,0.05056306823135293,1.0,1.0,True,0.7857142857142857,0.9285714285714286,False,0.7142857142857143,0.8809523809523809,False
8,3,0.6785237212231238,0.4347434776104748,1.5607450281968636,0.19333196014658732,0.09444280714079102,1.0,1.0,True,1.0,1.0,True,1.0,1.0,True
8,5,0.4832798110611924,0.053985468202610805,8.952035189144999,0.9519217806719311,0.18776550831692257,0.7142857142857143,0.8333333333333334,False,0.6428571428571429,0.7857142857142857,False,1.0,1.0,True
8,5,0.42971090900609926,0.03396850923796367,12.650272815422769,1.1020998915952427,0.40106320039879173,0.35714285714285715,0.40476190476190477,False,0.2857142857142857,0.3571428571428571,False,0.8571428571428571,0.9285714285714286,False
6,4,0.18524468949000578,0.013267215359439935,13.962590073148789,1.144965987781342,0.36903194943810724,0.7333333333333333,0.8285714285714285,False,0.7333333333333333,0.8285714285714285,False,0.7333333333333333,0.8285714285714285,False
10,3,0.3810855955642999,0.09016647877007347,4.226466429190943,0.6259774237257171,0.08540248662650096,0.9555555555555556,0.9878787878787879,False,1.0,1.0,True,1.0,1.0,True
8,4,0.5057701036045393,0.12121751198913074,4.172417790968338,0.6203877885434861,0.0985661788850704,0.8571428571428571,0.9285714285714286,False,0.6428571428571429,0.7857142857142857,False,0.7142857142857143,0.8809523809523809,False
6,5,0.7414511190133775,0.18479956233852302,4.012190881984592,0.6033815866167234,0.20573742390062255,0.4666666666666667,0.6,False,0.6,0.6571428571428571,False,1.0,1.0,True
8,5,0.5410686511052188,0.08461976542756003,6.394116650701594,0.8057805550344956,0.20834238671894617,0.5714285714285714,0.7857142857142857,False,0.5714285714285714,0.7619047619047619,False,1.0,1.0,True
6,3,0.3333481064085388,0.08188161981476434,4.071098094524513,0.609711566982063,0.19791383566014867,1.0,1.0,True,0.8666666666666667,0.9428571428571428,False,1.0,1.0,True
4,4,0.48719524731993846,0.08177575263942216,5.957698114527844,0.7750784930857441,0.04827285848517441,1.0,1.0,True,0.6666666666666666,0.8,False,1.0,1.0,True
4,4,0.17341408804186403,0.07042487824280512,2.4623981235937498,0.39135827154474967,0.13071035105053197,0.0,0.19999999999999996,False,0.3333333333333333,0.4,False,1.0,1.0,True
6,4,0.12087483199290663,0.03938825887749121,3.0688036342452523,0.4869690998061732,0.026002588148977317,1.0,1.0,True,1.0,1.0,True,1.0,1.0,True
4,3,0.3887231294564917,0.08175990447941794,4.754446961830704,0.6771000069950647,0.2960149540485449,0.3333333333333333,0.4,False,0.3333333333333333,0.4,False,1.0,1.0,True
5,5,0.47825156731101476,0.10123190358763742,4.724316646799627,0.6743389984565332,0.2668294961634817,0.8,0.9,False,0.8,0.9,False,1.0,1.0,True
10,3,0.1683119196795566,0.07102098686981113,2.369889902906024,0.37472817062148706,0.04640866191761403,0.8666666666666667,0.9515151515151515,False,0.8222222222222222,0.9272727272727272,False,0.9111111111111111,0.9636363636363636,False
4,5,0.9874747941892408,0.28094842869644115,3.5147902366546844,0.5458994113525065,0.10546113451223244,1.0,1.0,True,1.0,1.0,True,0.6666666666666666,0.8,False
4,5,0.37212431277585895,0.034902504134241355,10.661822754434455,1.027831458398015,0.4421093144725187,0.0,0.19999999999999996,False,0.0,0.19999999999999996,False,1.0,1.0,True
5,4,0.17667656001450585,0.04858309855841807,3.6365848464446335,0.5606937247035068,0.1221155200157452,1.0,1.0,True,1.0,1.0,True,1.0,1.0,True
6,4,0.028196062647282832,0.011656297948034059,2.4189552094985185,0.3836278268373953,0.13950711119802342,0.6,0.7714285714285715,False,0.4666666666666667,0.7142857142857143,False,0.8666666666666667,0.9428571428571428,False
8,4,0.24469798964056227,0.038877260382188715,6.294116077849314,0.7989347480313753,0.3663431191054089,0.42857142857142855,0.47619047619047616,False,0.42857142857142855,0.47619047619047616,False,0.8571428571428571,0.9285714285714286,False
10,3,0.11170883232765687,0.05105398517336179,2.188053135247797,0.3400578643088861,0.1840155675210825,0.9111111111111111,0.9636363636363636,False,0.9111111111111111,0.9636363636363636,False,0.8666666666666667,0.9515151515151515,False
6,5,0.3696447973931355,0.020934024145240433,17.657608246311327,1.2469318772837656,0.18418988155727892,0.2,0.4285714285714286,False,0.06666666666666667,0.1428571428571429,False,0.7333333333333333,0.8285714285714285,False
8,4,0.38265417415762176,0.021837595169680337,17.522724968882205,1.243601644464796,0.28309864807715657,0.6428571428571429,0.8333333333333334,False,0.6428571428571429,0.8333333333333334,False,0.9285714285714286,0.9761904761904762,False
8,5,0.4188933698579262,0.06811988467900362,6.149355240774372,0.7888295824334454,0.20668612426684968,0.8571428571428571,0.9523809523809523,False,0.7857142857142857,0.9047619047619048,False,0.6428571428571429,0.7857142857142857,False
5,5,0.49463828540223265,0.11718992960927252,4.220825859757784,0.6253974346688929,0.13173706569695054,1.0,1.0,True,1.0,1.0,True,0.8,0.9,False
5,4,0.1333214293625601,0.06238219983988803,2.1371710151711483,0.3298392755442816,0.10430395085595118,1.0,1.0,True,1.0,1.0,True,1.0,1.0,True
5,5,0.08563023302706083,0.00024822432094965624,344.9711629967831,2.537782792827468,0.33087417161027366,0.2,0.19999999999999996,False,0.0,0.09999999999999998,False,0.8,0.9,False
4,4,0.09309436686000419,0.016410501089430537,5.6728533971635,0.7538015602920759,0.19848160215724608,1.0,1.0,True,1.0,1.0,True,1.0,1.0,True
5,4,0.3604592018348394,0.1132815802096392,3.1819754029259713,0.5026968181720305,0.09660078502863104,1.0,1.0,True,1.0,1.0,True,0.8,0.9,False
5,4,0.6581967396182044,0.0022423136538902736,293.5346436403933,2.4676593650520013,0.37079934084512794,0.6,0.7,False,0.6,0.7,False,0.8,0.9,False
6,5,0.6770126123162024,0.49152616581523473,1.3773684076247426,0.13905011745313897,0.039226179151185335,1.0,1.0,True,0.8666666666666667,0.9428571428571428,False,0.8666666666666667,0.9428571428571428,False
5,3,0.5913798802807932,0.19218539426157613,3.0771322792241524,0.48814616602396704,0.1873079905480164,0.8,0.9,False,1.0,1.0,True,1.0,1.0,True
5,3,0.6305110493456119,0.4960270472359907,1.271122316530388,0.10418734350306387,0.014811962557549139,1.0,1.0,True,1.0,1.0,True,1.0,1.0,True
4,3,0.3032629799212893,0.04775206937073526,6.350781943301341,0.8028272013161888,0.19330185880369882,1.0,1.0,True,1.0,1.0,True,1.0,1.0,True
8,5,0.2982278499868136,0.06981111352935948,4.27192512632133,0.6306236322437098,0.21825784348412502,0.5714285714285714,0.6904761904761905,False,0.5714285714285714,0.6904761904761905,False,0.7857142857142857,0.8809523809523809,False
4,4,0.4562065492915146,0.05362673607461407,8.50707282740945,0.9297801507320999,0.17742703339677676,0.0,0.19999999999999996,False,0.3333333333333333,0.4,False,0.6666666666666666,0.8,False
10,4,0.6965759619860629,0.23168447329474523,3.0065716190522775,0.4780715535627724,0.14394119799042848,0.8222222222222222,0.9272727272727272,False,0.7333333333333333,0.8666666666666667,False,0.9111111111111111,0.9636363636363636,False
10,5,0.6201076115269902,0.02981841988514466,20.796125814001552,1.3179824361976515,0.22521508553160005,0.5555555555555556,0.7333333333333334,False,0.5555555555555556,0.7333333333333334,False,0.7333333333333333,0.9151515151515152,False
6,5,0.313201662251123,0.18558281387053122,1.6876652299707844,0.22728630295592464,0.11242528766431224,0.7333333333333333,0.8857142857142857,False,1.0,1.0,True,0.8666666666666667,0.9428571428571428,False
6,5,0.5474714976572852,0.08681900515734761,6.305894621330454,0.799746708917898,0.09086385005880769,1.0,1.0,True,1.0,1.0,True,1.0,1.0,True
6,5,0.6909300084246439,0.008557986057859937,80.73511731294955,1.9070624806680043,0.3141811804729176,0.7333333333333333,0.8857142857142857,False,0.7333333333333333,0.8857142857142857,False,1.0,1.0,True
5,3,0.6486798194885793,0.07475050910236239,8.677931792967557,0.9384162323276217,0.45375880880670433,-0.4,-0.5,False,-0.2,-0.30000000000000004,False,0.8,0.9,False
6,4,0.2780151503296383,0.020747573374978963,13.399887557526005,1.1271011540848916,0.23756715932720024,0.06666666666666667,0.08571428571428574,False,0.06666666666666667,0.08571428571428574,False,0.3333333333333333,0.48571428571428577,False
5,3,0.5282073952026026,0.11569397796164144,4.565556518189436,0.6594937233922433,0.03968649260375774,1.0,1.0,True,1.0,1.0,True,1.0,1.0,True
4,5,0.9525804106151714,0.007545574065890161,126.2435968649591,2.1012093597274366,0.23794043782044674,0.3333333333333333,0.6,False,0.6666666666666666,0.8,False,1.0,1.0,True
6,3,0.22316261628674214,0.03213838052263446,6.943804032771007,0.8415974557330782,0.1260298358981908,0.8666666666666667,0.9428571428571428,False,0.8666666666666667,0.9428571428571428,False,0.8666666666666667,0.9428571428571428,False
8,4,0.5366639604638777,0.19917489431567195,2.694435773670478,0.4304678359287259,0.17998097446024952,0.9285714285714286,0.9761904761904762,False,0.9285714285714286,0.9761904761904762,False,0.9285714285714286,0.9761904761904762,False
8,3,0.293761165278521,0.10472702115135163,2.8050178649803463,0.4479356315949169,0.22833658020486958,0.7142857142857143,0.8333333333333334,False,0.6428571428571429,0.7857142857142857,False,0.8571428571428571,0.9523809523809523,False
4,4,0.33051515866414705,0.08360557938661463,3.9532667686184313,0.5969561217626073,0.21221573242537004,0.6666666666666666,0.8,False,0.3333333333333333,0.4,False,0.6666666666666666,0.8,False
6,5,0.4899373300540685,0.12454174505996503,3.9339205486018916,0.5948255844465058,0.16168085247682296,1.0,1.0,True,0.8666666666666667,0.9428571428571428,False,1.0,1.0,True
6,5,0.7448381134495721,0.02799627109375865,26.60490430773896,1.424961701197382,0.17886779687488671,0.7333333333333333,0.8285714285714285,False,0.7333333333333333,0.8285714285714285,False,0.8666666666666667,0.9428571428571428,False
10,5,0.5726992529222151,0.09711887372005043,5.896889358160699,0.7706229792970437,0.16954571973834082,0.8222222222222222,0.9393939393939394,False,0.8222222222222222,0.9151515151515152,False,0.9555555555555556,0.9878787878787879,False
4,5,0.08152818541089811,0.019549952246443982,4.170249849155378,0.6201620753236232,0.3024739229331235,0.6666666666666666,0.8,False,0.3333333333333333,0.4,False,1.0,1.0,True
4,3,0.18721361552344543,0.023786356645426002,7.870630139213651,0.8960095042812869,0.25835082084301614,0.3333333333333333,0.6,False,0.3333333333333333,0.6,False,1.0,1.0,True
8,4,0.2486473055203942,0.04994599147110324,4.978323548933317,0.6970831186586945,0.2205906347063577,0.8571428571428571,0.9523809523809523,False,0.8571428571428571,0.9523809523809523,False,0.9285714285714286,0.9761904761904762,False
5,5,0.4554698593416101,0.1304308033596489,3.4920421219994244,0.5430794736479613,0.25163396472190264,0.4,0.6,False,0.4,0.6,False,1.0,1.0,True
10,5,0.5502233211045738,0.20239712481544855,2.7185332874840222,0.4343346551534806,0.1087026654631273,1.0,1.0,True,0.9555555555555556,0.9878787878787879,False,0.9555555555555556,0.9878787878787879,False
10,3,0.41561359731306463,0.1813570656719087,2.2916868210839683,0.36015526723590213,0.08591912985321877,0.9111111111111111,0.9757575757575757,False,0.8222222222222222,0.9272727272727272,False,0.8666666666666667,0.9636363636363636,False
5,3,0.1469448787359592,0.04774687522424431,3.0775810572472353,0.4882095001903903,0.20470757274216816,1.0,1.0,True,1.0,1.0,True,1.0,1.0,True
6,5,0.38996987815734424,0.02563976782007767,15.20957135332411,1.1821169746375328,0.1299406678482558,0.8666666666666667,0.9428571428571428,False,0.8666666666666667,0.9428571428571428,False,1.0,1.0,True
10,5,0.07894598443653687,0.01867712629009711,4.226880688501225,0.6260199892397489,0.16432075387148812,0.7777777777777778,0.8666666666666667,False,0.6888888888888889,0.8181818181818181,False,0.7333333333333333,0.8787878787878788,False
5,3,0.26448182130246106,0.00761305890696927,34.740545751669444,1.5408366366521515,0.4024047169641923,0.8,0.9,False,0.8,0.9,False,1.0,1.0,True
6,4,0.04425306750585529,0.000559353861332202,79.11461864470554,1.8982567389987293,0.6078089971830748,0.4666666666666667,0.5428571428571429,False,0.4666666666666667,0.6571428571428571,False,0.7333333333333333,0.8285714285714285,False
4,5,0.4020334363395333,0.005388807431067877,74.60527053668694,1.8727695095657682,0.43124596684567007,0.6666666666666666,0.8,False,0.6666666666666666,0.8,False,1.0,1.0,True
8,4,0.8501045738527123,0.07155801586799901,11.879934952486602,1.074814062711381,0.08549381359914729,0.9285714285714286,0.9761904761904762,False,0.9285714285714286,0.9761904761904762,False,0.9285714285714286,0.9761904761904762,False
6,4,0.5413369259105624,0.20386194660233362,2.655409383311119,0.4241314855708475,0.08444444628528117,0.8666666666666667,0.9428571428571428,False,0.8666666666666667,0.9428571428571428,False,0.8666666666666667,0.9428571428571428,False
4,3,0.9003932491653212,0.30188282197659927,2.982591865502481,0.47459382906203695,0.1300836148608423,0.6666666666666666,0.8,False,0.3333333333333333,0.4,False,1.0,1.0,True
6,3,0.06816789038664932,0.0037063438878253926,18.39221951103219,1.2646341415942532,0.19018466592132743,1.0,1.0,True,1.0,1.0,True,0.8666666666666667,0.9428571428571428,False
10,4,0.3911773981060388,0.020728422926463947,18.87154654625228,1.2758074925857628,0.5163485607888728,0.5111111111111111,0.6606060606060606,False,0.4222222222222222,0.5757575757575757,False,0.9555555555555556,0.9878787878787879,False
8,4,0.2369304958757179,0.08448443450204852,2.8044277892061706,0.44784426190551335,0.15198359677045833,0.8571428571428571,0.9285714285714286,False,0.7142857142857143,0.8333333333333334,False,0.9285714285714286,0.9761904761904762,False
10,3,0.41969346888691433,0.0366746956785055,11.443679657346054,1.0585656921082214,0.4601082908601412,0.5111111111111111,0.6727272727272727,False,0.5111111111111111,0.6484848484848484,False,0.9111111111111111,0.9757575757575757,False
10,5,0.3108350633016711,0.11449250682227767,2.7148943797820198,0.4337529384662643,0.14414526162275093,0.7777777777777778,0.9151515151515152,False,0.8666666666666667,0.9636363636363636,False,0.9555555555555556,0.9878787878787879,False
8,4,0.1258216895203698,0.008921028136766786,14.103944923983493,1.1493406033711893,0.2543148089204754,0.42857142857142855,0.6190476190476191,False,0.14285714285714285,0.2142857142857143,False,0.5,0.6190476190476191,False
6,4,0.543119986391618,0.13719679029517676,3.958693094926966,0.5975518335667482,0.2526483849612631,0.06666666666666667,0.19999999999999996,False,-0.06666666666666667,-0.08571428571428563,False,0.7333333333333333,0.8285714285714285,False
6,5,0.6378214593968912,0.04140552594279401,15.404259331537121,1.187640821383277,0.23496537706491077,0.6,0.7714285714285715,False,0.4666666666666667,0.7142857142857143,False,0.8666666666666667,0.9428571428571428,False
8,5,0.6012406188908764,0.1477724589869804,4.068691980958241,0.6094548129711094,0.09269029270265092,0.9285714285714286,0.9761904761904762,False,0.9285714285714286,0.9761904761904762,False,1.0,1.0,True
6,3,0.043230228058946066,0.007972042467275467,5.422729273078965,0.7342179230519404,0.22054583594805216,0.7333333333333333,0.8857142857142857,False,0.7333333333333333,0.8857142857142857,False,0.8666666666666667,0.9428571428571428,False
